<?xml version="1.0"?>
<COLLADA xmlns="http://www.collada.org/2005/11/COLLADASchema" version="1.4.1">
	<asset>
		<contributor>
			<author>Assimp</author>
			<authoring_tool>Assimp Exporter</authoring_tool>
		</contributor>
		<created>2024-10-18T12:46:55</created>
		<modified>2024-10-18T12:46:55</modified>
		<unit name="meter" meter="0.010000" />
		<up_axis>Y_UP</up_axis>
	</asset>
	<library_effects>
		<effect id="M_TableRonde-fx" name="M_TableRonde">
			<profile_COMMON>
				<technique sid="standard">
					<phong>
						<diffuse>
							<color sid="diffuse">0.800000   0.800000   0.800000   1.000000</color>
						</diffuse>
					</phong>
				</technique>
			</profile_COMMON>
		</effect>
	</library_effects>
	<library_materials>
		<material id="M_TableRonde" name="M_TableRonde">
			<instance_effect url="#M_TableRonde-fx"/>
		</material>
	</library_materials>
	<library_geometries>
		<geometry id="meshId0" name="meshId0_name" >
			<mesh>
				<source id="meshId0-positions" name="meshId0-positions">
					<float_array id="meshId0-positions-array" count="12948"> 
						-0.588375 0.664138 2.934040 -0.663123 0.748511 2.934166 -0.464723 0.885456 2.934029 -0.412340 0.785647 2.934040 0.000000 0.000000 2.984039 0.201605 0.817943 2.984151 -0.000000 0.842422 2.984148 0.239321 0.970964 2.934040 0.000000 1.000019 2.934040 0.000000 1.000016 2.984039 0.239321 0.970962 2.984039 -0.880810 0.106950 2.934036 -0.992709 0.120537 2.934022 -0.935016 0.354605 2.934023 -0.829621 0.314634 2.934039 0.391493 0.745928 2.984038 0.464731 0.885470 2.934040 0.464735 0.885478 2.984039 -0.730217 -0.504032 2.934039 -0.822984 -0.568065 2.934031 -0.935016 -0.354605 2.934033 -0.829621 -0.314634 2.934039 0.558629 0.630562 2.984151 0.663132 0.748521 2.934040 0.663132 0.748522 2.984039 -0.212340 -0.861497 2.934040 -0.239316 -0.970942 2.934035 -0.464723 -0.885456 2.934026 -0.412340 -0.785647 2.934040 0.693300 0.478550 2.984155 0.822995 0.568073 2.934040 0.822995 0.568072 2.984039 0.412340 -0.785647 2.934031 0.464723 -0.885456 2.934027 0.239316 -0.970942 2.934019 0.212340 -0.861497 2.934034 0.787678 0.298727 2.984092 0.935032 0.354611 2.934040 0.935034 0.354612 2.984039 0.829621 -0.314634 2.934014 0.935016 -0.354605 2.934023 0.822984 -0.568065 2.934016 0.730217 -0.504032 2.934027 0.836280 0.101543 2.984098 0.992686 0.120534 2.934040 0.992721 0.120538 2.984039 0.829621 0.314634 2.934034 0.935016 0.354605 2.934023 0.992709 0.120537 2.934063 0.880810 0.106950 2.934034 0.836280 -0.101543 2.984170 0.992712 -0.120537 2.934040 0.992654 -0.120530 2.984039 0.412340 0.785647 2.934040 0.464723 0.885456 2.934024 0.663123 0.748511 2.934026 0.588375 0.664138 2.934039 0.787678 -0.298727 2.984157 0.935032 -0.354611 2.934040 0.935012 -0.354603 2.984039 -0.239316 0.970942 2.934030 -0.212340 0.861497 2.934040 0.693300 -0.478550 2.984165 0.823003 -0.568078 2.934040 
						0.822955 -0.568045 2.984039 -0.822984 0.568065 2.934022 -0.730217 0.504032 2.934039 0.558629 -0.630562 2.984159 0.663132 -0.748522 2.934040 0.663135 -0.748525 2.984039 -0.992709 -0.120537 2.934025 -0.880810 -0.106950 2.934040 0.391493 -0.745928 2.984155 0.464729 -0.885467 2.934040 0.464731 -0.885471 2.984040 -0.663123 -0.748511 2.934031 -0.588375 -0.664138 2.934040 0.201605 -0.817943 2.984157 0.239321 -0.970962 2.934040 0.239295 -0.970857 2.984040 0.000000 -1.000000 2.934105 0.000000 -0.887280 2.934040 0.000000 -0.842422 2.984139 0.000000 -0.999935 2.934040 0.000000 -0.999954 2.984040 0.663123 -0.748511 2.934025 0.588375 -0.664138 2.934033 -0.201605 -0.817943 2.984149 -0.239317 -0.970946 2.934040 -0.239318 -0.970951 2.984040 0.992709 -0.120537 2.934036 0.880810 -0.106950 2.934018 -0.391493 -0.745928 2.984054 -0.464730 -0.885468 2.934040 -0.464730 -0.885469 2.984040 0.822984 0.568065 2.934026 0.730217 0.504032 2.934033 -0.558629 -0.630562 2.984148 -0.663128 -0.748517 2.934040 -0.663112 -0.748499 2.984039 -0.693300 -0.478550 2.984148 -0.822990 -0.568069 2.934040 -0.822961 -0.568049 2.984039 -0.787678 -0.298727 2.984148 -0.935022 -0.354607 2.934040 -0.935024 -0.354608 2.984039 -0.836280 -0.101543 2.984149 -0.992723 -0.120538 2.934040 -0.992729 -0.120539 2.984039 -0.836280 0.101543 2.984154 -0.992726 0.120539 2.934040 -0.992729 0.120539 2.984039 -0.787678 0.298727 2.984155 -0.935032 0.354611 2.934040 -0.935034 0.354612 2.984039 0.000000 1.000000 2.934021 0.000000 0.887280 2.934040 -0.693300 0.478550 2.984149 -0.822998 0.568075 2.934040 -0.822998 0.568075 2.984039 -0.558629 0.630562 2.984149 -0.663039 0.748416 2.934040 -0.663086 0.748470 2.984039 0.239316 0.970942 2.934017 0.212340 0.861497 2.934040 -0.391493 0.745928 2.984148 -0.464728 0.885466 2.934040 -0.464731 0.885471 2.984039 
						-0.201605 0.817943 2.984148 -0.239318 0.970951 2.934040 -0.239306 0.970904 2.984039 -0.588375 -0.664138 2.659271 -0.588375 -0.664138 2.934040 -0.730217 -0.504032 2.934040 -0.730217 -0.504032 2.659271 0.212340 0.861498 2.659271 0.212343 0.861509 2.934040 0.412340 0.785649 2.934040 0.412340 0.785647 2.659271 0.212341 -0.861502 2.659271 0.212346 -0.861521 2.934040 0.000000 -0.887296 2.934040 0.000000 -0.887289 2.659271 -0.588376 0.664139 2.659271 -0.588375 0.664138 2.934040 -0.412340 0.785647 2.934040 -0.412340 0.785647 2.659271 -0.880814 -0.106950 2.659271 -0.880821 -0.106951 2.934040 -0.880830 0.106952 2.934040 -0.880821 0.106951 2.659271 -0.412340 -0.785647 2.659271 -0.412340 -0.785647 2.934040 0.000000 0.887285 2.659271 0.000000 0.887295 2.934040 0.412341 -0.785650 2.659271 0.412341 -0.785650 2.934040 -0.730217 0.504032 2.659271 -0.730217 0.504032 2.934040 -0.829622 -0.314634 2.659271 -0.829621 -0.314634 2.934040 0.588376 0.664139 2.659271 0.588376 0.664139 2.934040 0.730217 0.504033 2.934040 0.730219 0.504034 2.659271 -0.212340 -0.861497 2.659271 -0.212340 -0.861497 2.934040 0.588377 -0.664141 2.659271 0.588375 -0.664138 2.934040 -0.829621 0.314634 2.659271 -0.829623 0.314635 2.934040 -0.212340 0.861497 2.659271 -0.212340 0.861497 2.934040 0.730221 -0.504035 2.659271 0.730217 -0.504032 2.934040 -0.880822 0.106951 2.659271 -0.880830 0.106952 2.934040 0.214742 0.871242 2.645715 0.213726 0.867121 2.651348 0.415029 0.790772 2.651345 0.417002 0.794530 2.645713 0.214742 -0.871244 2.645717 0.213727 -0.867125 2.651352 0.000000 -0.893073 2.651349 0.000000 -0.897317 2.645716 -0.594972 0.671584 2.645664 -0.592217 0.668475 2.651350 -0.415028 0.790769 2.651343 -0.417001 0.794529 2.645711 0.839013 -0.318195 2.645720 0.835048 -0.316692 2.651358 0.734988 -0.507326 2.651352 
						0.738476 -0.509733 2.645715 -0.890776 -0.108160 2.645717 -0.886562 -0.107648 2.651350 -0.886563 0.107648 2.651350 -0.890775 0.108160 2.645716 0.738474 0.509732 2.645713 0.734983 0.507322 2.651348 0.835039 0.316688 2.651350 0.839006 0.318193 2.645716 -0.417001 -0.794529 2.645711 -0.415029 -0.790772 2.651345 -0.592212 -0.668469 2.651344 -0.595028 -0.671647 2.645712 0.000000 0.897316 2.645715 0.000000 0.893070 2.651347 0.417003 -0.794533 2.645714 0.415032 -0.790777 2.651349 -0.738473 0.509731 2.645712 -0.734981 0.507320 2.651346 0.890756 -0.108157 2.645705 0.886575 -0.107650 2.651359 -0.839003 -0.318192 2.645714 -0.835034 -0.316687 2.651346 0.595029 0.671649 2.645714 0.592215 0.668472 2.651347 -0.214741 -0.871238 2.645713 -0.213725 -0.867118 2.651346 0.595030 -0.671651 2.645715 0.592217 -0.668475 2.651349 -0.839002 0.318192 2.645713 -0.835036 0.316687 2.651348 0.890763 0.108158 2.645709 0.886566 0.107649 2.651352 -0.214740 0.871235 2.645711 -0.213725 0.867116 2.651344 -0.738472 -0.509730 2.645711 -0.734979 -0.507319 2.651344 -0.890777 0.108160 2.645717 -0.886564 0.107648 2.651351 0.216173 0.877048 2.632149 0.419778 0.799821 2.632147 0.216173 -0.877049 2.632150 0.000000 -0.903293 2.632149 -0.599002 0.676133 2.632151 -0.419779 0.799822 2.632148 0.844589 -0.320311 2.632148 0.743390 -0.513125 2.632147 -0.896695 -0.108878 2.632146 -0.896711 0.108880 2.632149 0.743391 0.513126 2.632148 0.844592 0.320311 2.632148 -0.419779 -0.799823 2.632148 -0.598992 -0.676123 2.632148 0.000000 0.903300 2.632150 0.419778 -0.799821 2.632147 -0.743392 0.513127 2.632148 0.896653 -0.108873 2.632138 -0.844591 -0.320311 2.632148 0.598960 0.676086 2.632138 -0.216172 -0.877043 2.632148 0.598954 -0.676079 2.632136 -0.844593 0.320312 2.632148 0.896709 0.108880 2.632149 -0.216172 0.877044 2.632148 
						-0.743392 -0.513126 2.632147 -0.896711 0.108880 2.632149 0.216156 -0.876978 2.617071 0.000000 -0.903162 2.617081 -0.598873 0.675988 2.617088 -0.419748 0.799763 2.617072 0.844532 -0.320289 2.617071 0.743341 -0.513091 2.617070 -0.896644 -0.108872 2.617070 -0.896646 0.108873 2.617070 0.743294 0.513059 2.617079 0.844532 0.320289 2.617070 -0.419748 -0.799763 2.617071 -0.598946 -0.676070 2.617071 0.000000 0.903108 2.617088 0.216155 0.876977 2.617071 0.419748 -0.799764 2.617071 -0.743309 0.513069 2.617076 0.896645 -0.108872 2.617070 -0.844533 -0.320289 2.617070 0.598919 0.676040 2.617078 -0.216156 -0.876978 2.617071 0.598944 -0.676069 2.617072 -0.844533 0.320289 2.617070 0.896644 0.108872 2.617070 -0.216155 0.876976 2.617071 -0.743340 -0.513091 2.617071 0.419748 0.799764 2.617071 -0.896647 0.108873 2.617070 -0.596066 0.672819 2.603574 -0.417789 0.796030 2.603504 0.840596 -0.318796 2.603497 0.739817 -0.510659 2.603537 -0.892459 -0.108364 2.603499 -0.892457 0.108364 2.603501 0.739870 0.510695 2.603502 0.840593 0.318795 2.603499 -0.417789 -0.796030 2.603504 -0.596151 -0.672915 2.603504 0.000000 0.899009 2.603502 0.215147 0.872886 2.603501 0.417791 -0.796034 2.603501 0.215147 -0.872886 2.603502 -0.739858 0.510687 2.603510 0.892467 -0.108365 2.603495 -0.840590 -0.318794 2.603501 0.596153 0.672918 2.603502 -0.215147 -0.872887 2.603501 0.596155 -0.672920 2.603500 -0.840589 0.318793 2.603501 0.892461 0.108364 2.603498 -0.215146 0.872882 2.603504 -0.739871 -0.510696 2.603501 0.417791 0.796034 2.603502 0.000000 -0.899013 2.603500 -0.892458 0.108364 2.603500 0.829517 -0.314594 2.589921 0.730119 -0.503964 2.589928 -0.880687 -0.106935 2.589933 -0.880687 0.106935 2.589932 0.730116 0.503963 2.589931 0.829470 0.314576 2.589965 -0.412251 -0.785479 2.589990 -0.588288 -0.664040 2.589938 
						0.000000 0.887150 2.589938 0.212310 0.861376 2.589933 0.412283 -0.785541 2.589929 0.212310 -0.861377 2.589932 -0.730113 0.503960 2.589935 -0.588232 0.663977 2.590013 0.880700 -0.106936 2.589921 -0.829504 -0.314589 2.589933 0.588292 0.664044 2.589934 -0.212303 -0.861345 2.589961 0.588294 -0.664047 2.589931 -0.829502 0.314589 2.589935 0.880641 0.106929 2.589973 -0.212306 0.861359 2.589948 -0.730099 -0.503951 2.589950 0.412259 0.785494 2.589976 0.000000 -0.887089 2.589991 -0.412281 0.785535 2.589935 -0.880688 0.106935 2.589932 0.000000 0.000000 2.589947 0.212306 0.861360 2.589925 0.412274 0.785523 2.590014 0.588282 0.664033 2.589927 0.730101 0.503952 2.589923 0.829489 0.314584 2.590043 0.880671 0.106933 2.590000 0.880671 -0.106933 2.589907 0.829489 -0.314584 2.589905 0.730101 -0.503952 2.589916 0.588282 -0.664033 2.589921 0.412274 -0.785523 2.589919 0.212306 -0.861360 2.589923 0.000000 -0.887139 2.590010 -0.212306 -0.861360 2.589926 -0.412274 -0.785523 2.590070 -0.588282 -0.664033 2.589932 -0.730101 -0.503952 2.589980 -0.829489 -0.314584 2.589926 -0.880671 -0.106933 2.589925 -0.880671 0.106933 2.589925 -0.829489 0.314584 2.589929 -0.730101 0.503952 2.589935 -0.588282 0.664033 2.589979 -0.412274 0.785523 2.589929 -0.212306 0.861360 2.590007 0.000000 0.887139 2.589931 0.000000 1.000000 2.984056 0.000000 0.856567 2.984157 0.204990 0.831676 2.984159 0.239316 0.970942 2.984060 0.398066 0.758452 2.984145 0.464723 0.885456 2.984064 0.568009 0.641149 2.984158 0.663123 0.748511 2.984055 0.704940 0.486585 2.984163 0.822984 0.568065 2.984053 0.800904 0.303743 2.984086 0.935016 0.354605 2.984058 0.850321 0.103248 2.984131 0.992709 0.120537 2.984052 0.850321 -0.103248 2.984178 0.992709 -0.120537 2.983984 0.800904 -0.303743 2.984061 0.935016 -0.354605 2.984035 
						0.704940 -0.486585 2.984171 0.822984 -0.568065 2.984005 0.568009 -0.641149 2.984168 0.663123 -0.748511 2.984058 0.398066 -0.758452 2.984163 0.464723 -0.885456 2.984056 0.204990 -0.831676 2.984164 0.239316 -0.970942 2.983953 -0.000000 -0.856566 2.984092 0.000000 -1.000000 2.983993 -0.204990 -0.831676 2.984158 -0.239316 -0.970942 2.984049 -0.398066 -0.758452 2.984156 -0.464723 -0.885456 2.984055 -0.568009 -0.641149 2.984156 -0.663123 -0.748511 2.984023 -0.704940 -0.486585 2.984158 -0.822984 -0.568065 2.984012 -0.800904 -0.303743 2.984156 -0.935016 -0.354605 2.984048 -0.850321 -0.103248 2.984157 -0.992709 -0.120537 2.984060 -0.850321 0.103248 2.984157 -0.992709 0.120537 2.984060 -0.800904 0.303743 2.984165 -0.935016 0.354605 2.984059 -0.704940 0.486585 2.984157 -0.822984 0.568065 2.984057 -0.568009 0.641149 2.984158 -0.663123 0.748511 2.983985 -0.398066 0.758452 2.984156 -0.464723 0.885456 2.984056 -0.204990 0.831676 2.984156 -0.239316 0.970942 2.984001 0.212340 0.861498 2.659271 0.213564 0.866462 2.652264 0.000000 0.892392 2.652263 0.000000 0.887284 2.659274 0.412340 0.785647 2.659271 0.414714 0.790171 2.652262 0.588376 0.664139 2.659271 0.591765 0.667964 2.652263 0.730218 0.504033 2.659272 0.734424 0.506936 2.652264 0.829625 0.314635 2.659274 0.834404 0.316448 2.652266 0.880816 0.106950 2.659275 0.885893 0.107567 2.652270 0.880823 -0.106951 2.659280 0.885901 -0.107568 2.652276 0.829631 -0.314637 2.659278 0.834413 -0.316451 2.652274 0.730220 -0.504035 2.659273 0.734430 -0.506940 2.652268 0.588377 -0.664140 2.659272 0.591767 -0.667967 2.652265 0.412341 -0.785650 2.659273 0.414716 -0.790175 2.652265 0.212341 -0.861501 2.659274 0.213565 -0.866465 2.652267 0.000000 -0.887287 2.659276 0.000000 -0.892394 2.652266 -0.212340 -0.861497 2.659271 -0.213563 -0.866458 2.652262 
						-0.412340 -0.785647 2.659271 -0.414713 -0.790170 2.652261 -0.588375 -0.664138 2.659271 -0.591762 -0.667961 2.652260 -0.730217 -0.504032 2.659271 -0.734420 -0.506934 2.652260 -0.829622 -0.314634 2.659271 -0.834399 -0.316446 2.652262 -0.880813 -0.106950 2.659273 -0.885889 -0.107566 2.652266 -0.880819 0.106951 2.659277 -0.885889 0.107566 2.652267 -0.829621 0.314634 2.659271 -0.834401 0.316446 2.652264 -0.885889 0.107566 2.652267 -0.880820 0.106951 2.659277 -0.730217 0.504032 2.659271 -0.734422 0.506935 2.652262 -0.588376 0.664139 2.659271 -0.591767 0.667967 2.652266 -0.412340 0.785647 2.659271 -0.414713 0.790169 2.652260 -0.212340 0.861497 2.659271 -0.213562 0.866457 2.652261 0.000000 0.856566 2.984157 0.000000 0.849407 2.976498 0.203276 0.824725 2.976498 0.204989 0.831674 2.984158 0.394738 0.752110 2.976501 0.398070 0.758459 2.984149 0.563261 0.635791 2.976498 0.568008 0.641149 2.984157 0.699046 0.482517 2.976501 0.704936 0.486582 2.984161 0.794204 0.301202 2.976504 0.800952 0.303761 2.984108 0.843205 0.102384 2.976507 0.850339 0.103250 2.984139 0.843199 -0.102383 2.976512 0.850305 -0.103246 2.984171 0.794194 -0.301198 2.976514 0.800968 -0.303767 2.984092 0.699041 -0.482513 2.976507 0.704931 -0.486579 2.984167 0.563259 -0.635788 2.976502 0.568003 -0.641143 2.984164 0.394736 -0.752107 2.976504 0.398064 -0.758448 2.984161 0.203275 -0.824720 2.976503 0.204988 -0.831671 2.984162 0.000000 -0.849406 2.976500 -0.000000 -0.856613 2.984113 -0.203276 -0.824724 2.976499 -0.204990 -0.831675 2.984158 -0.394739 -0.752112 2.976499 -0.398066 -0.758452 2.984156 -0.563261 -0.635791 2.976498 -0.568009 -0.641149 2.984156 -0.699049 -0.482518 2.976498 -0.704940 -0.486585 2.984157 -0.794210 -0.301204 2.976498 -0.800904 -0.303743 2.984156 -0.843214 -0.102385 2.976498 -0.850321 -0.103248 2.984157 
						-0.843210 0.102384 2.976502 -0.850321 0.103248 2.984157 -0.794208 0.301203 2.976500 -0.800898 0.303740 2.984162 -0.699048 0.482518 2.976499 -0.704940 0.486585 2.984157 -0.563261 0.635790 2.976499 -0.568008 0.641148 2.984158 -0.394739 0.752113 2.976498 -0.398066 0.758452 2.984156 -0.203277 0.824725 2.976498 -0.204990 0.831676 2.984156 0.213564 0.866462 2.652264 0.213726 0.867121 2.651348 0.000000 0.893070 2.651347 0.000000 0.892392 2.652264 0.414714 0.790171 2.652262 0.415029 0.790772 2.651345 0.591765 0.667964 2.652263 0.592215 0.668472 2.651347 0.734424 0.506936 2.652264 0.734983 0.507322 2.651348 0.834404 0.316448 2.652266 0.835039 0.316688 2.651350 0.885893 0.107567 2.652270 0.886566 0.107649 2.651352 0.885901 -0.107568 2.652276 0.886575 -0.107650 2.651359 0.834413 -0.316451 2.652274 0.835048 -0.316692 2.651357 0.734430 -0.506940 2.652268 0.734988 -0.507326 2.651352 0.591767 -0.667967 2.652265 0.592217 -0.668475 2.651349 0.414716 -0.790175 2.652265 0.415032 -0.790777 2.651349 0.213565 -0.866465 2.652267 0.213727 -0.867125 2.651351 0.000000 -0.892394 2.652266 0.000000 -0.893073 2.651349 -0.213563 -0.866458 2.652262 -0.213725 -0.867118 2.651346 -0.414713 -0.790170 2.652261 -0.415029 -0.790772 2.651345 -0.591762 -0.667961 2.652260 -0.592212 -0.668469 2.651344 -0.734420 -0.506934 2.652260 -0.734979 -0.507319 2.651344 -0.834399 -0.316446 2.652262 -0.835034 -0.316687 2.651346 -0.885889 -0.107566 2.652266 -0.886562 -0.107648 2.651350 -0.885889 0.107566 2.652267 -0.886563 0.107648 2.651350 -0.834401 0.316446 2.652264 -0.835036 0.316687 2.651348 -0.886564 0.107648 2.651351 -0.885889 0.107566 2.652267 -0.734422 0.506935 2.652262 -0.734981 0.507320 2.651346 -0.591767 0.667967 2.652266 -0.592217 0.668475 2.651350 -0.414713 0.790169 2.652260 -0.415028 0.790769 2.651343 
						-0.213562 0.866457 2.652261 -0.213725 0.867116 2.651344 -0.203277 0.824725 2.976498 -0.201605 0.817943 2.984148 -0.000000 0.842422 2.984148 -0.000000 0.849407 2.976498 -0.394739 0.752113 2.976498 -0.391493 0.745928 2.984148 -0.563262 0.635791 2.976499 -0.558629 0.630562 2.984149 -0.699049 0.482519 2.976499 -0.693300 0.478551 2.984149 -0.794212 0.301205 2.976500 -0.787683 0.298729 2.984152 -0.843219 0.102385 2.976502 -0.836284 0.101543 2.984152 -0.843215 -0.102385 2.976498 -0.836281 -0.101543 2.984149 -0.794210 -0.301204 2.976498 -0.787678 -0.298727 2.984148 -0.699049 -0.482518 2.976498 -0.693300 -0.478550 2.984148 -0.563261 -0.635791 2.976498 -0.558629 -0.630562 2.984148 -0.394740 -0.752114 2.976499 -0.391461 -0.745866 2.984085 -0.203277 -0.824726 2.976499 -0.201605 -0.817943 2.984149 0.000000 -0.849409 2.976500 0.000000 -0.842415 2.984142 0.203278 -0.824730 2.976503 0.201606 -0.817949 2.984154 0.394743 -0.752119 2.976504 0.391496 -0.745932 2.984153 0.563264 -0.635794 2.976502 0.558635 -0.630568 2.984156 0.699056 -0.482524 2.976506 0.693310 -0.478557 2.984159 0.794226 -0.301210 2.976514 0.787684 -0.298729 2.984154 0.843230 -0.102387 2.976512 0.836296 -0.101545 2.984163 0.843224 0.102386 2.976506 0.836243 0.101538 2.984114 0.794216 0.301206 2.976504 0.787639 0.298712 2.984110 0.699051 0.482520 2.976501 0.693304 0.478553 2.984153 0.563261 0.635791 2.976498 0.558631 0.630564 2.984150 0.394741 0.752116 2.976501 0.391455 0.745856 2.984074 0.203277 0.824725 2.976498 0.201605 0.817945 2.984150 0.829624 0.314635 2.934040 0.829626 0.314636 2.659271 0.880830 0.106952 2.934040 0.880818 0.106951 2.659271 0.880822 -0.106951 2.934040 0.880826 -0.106952 2.659271 0.829621 -0.314634 2.934040 0.829633 -0.314638 2.659271 0.447967 -0.528350 2.578041 0.444265 -0.559346 2.578041 
						0.444267 -0.559345 2.597254 0.447970 -0.528351 2.597254 0.463252 -0.501133 2.578041 0.463253 -0.501134 2.597254 0.487786 -0.481833 2.578041 0.487788 -0.481837 2.597254 0.517839 -0.473391 2.578041 0.487785 -0.481832 2.578041 0.487788 -0.481837 2.597254 0.517839 -0.473397 2.597254 0.548836 -0.477094 2.578041 0.548834 -0.477100 2.597254 0.576054 -0.492379 2.578041 0.576051 -0.492383 2.597254 0.595351 -0.516916 2.578041 0.595348 -0.516918 2.597254 0.603790 -0.546970 2.578041 0.603788 -0.546970 2.597254 0.600087 -0.577965 2.578041 0.600084 -0.577964 2.597254 0.584803 -0.605183 2.578041 0.584802 -0.605181 2.597254 0.560269 -0.624483 2.578041 0.560267 -0.624479 2.597254 0.530214 -0.632911 2.578041 0.530215 -0.632918 2.597254 0.499218 -0.629223 2.578041 0.499221 -0.629215 2.597254 0.472001 -0.613935 2.578041 0.472004 -0.613932 2.597254 0.452704 -0.589399 2.578041 0.452706 -0.589397 2.597254 0.503995 -0.614576 2.572185 0.499220 -0.629218 2.578032 0.472003 -0.613933 2.578038 0.482017 -0.602234 2.572188 0.581622 -0.523893 2.552584 0.581621 -0.523893 2.572193 0.588442 -0.548160 2.572193 0.588441 -0.548160 2.552584 0.462610 -0.533126 2.572188 0.447969 -0.528351 2.578038 0.463252 -0.501134 2.578040 0.474951 -0.511148 2.572189 0.566038 -0.504080 2.572185 0.576052 -0.492382 2.578036 0.595349 -0.516917 2.578038 0.581620 -0.523894 2.572189 0.553292 -0.610751 2.572186 0.560268 -0.624480 2.578036 0.530215 -0.632915 2.578048 0.529024 -0.617565 2.572187 0.519030 -0.488749 2.572185 0.517839 -0.473395 2.578035 0.548834 -0.477098 2.578034 0.544059 -0.491740 2.572185 0.585444 -0.573189 2.572187 0.600085 -0.577964 2.578038 0.584802 -0.605182 2.578039 0.573104 -0.595168 2.572187 0.452705 -0.589398 2.578038 0.466435 -0.582421 2.572190 0.487787 -0.481835 2.578037 0.494763 -0.495565 2.572187 
						0.603788 -0.546970 2.578039 0.588436 -0.548161 2.572185 0.459620 -0.558154 2.572190 0.444266 -0.559345 2.578039 0.494763 -0.495565 2.572187 0.487787 -0.481835 2.578037 0.530517 -0.636815 2.531606 0.529024 -0.617568 2.552588 0.503994 -0.614581 2.552591 0.498009 -0.632931 2.531606 0.459619 -0.558154 2.552584 0.459618 -0.558154 2.572193 0.462607 -0.533125 2.572193 0.462607 -0.533125 2.552584 0.466434 -0.582422 2.552584 0.466434 -0.582422 2.572193 0.585448 -0.573190 2.572193 0.585448 -0.573190 2.552584 0.474950 -0.511146 2.572193 0.474949 -0.511146 2.552584 0.573107 -0.595170 2.572193 0.573107 -0.595170 2.552584 0.494761 -0.495562 2.572193 0.494761 -0.495561 2.552584 0.553294 -0.610755 2.572193 0.553293 -0.610754 2.552584 0.494762 -0.495562 2.552584 0.494761 -0.495561 2.572193 0.519030 -0.488744 2.572193 0.519030 -0.488743 2.552584 0.529024 -0.617569 2.572193 0.529024 -0.617570 2.552584 0.544061 -0.491735 2.572193 0.544061 -0.491732 2.552584 0.503994 -0.614581 2.572193 0.503993 -0.614583 2.552584 0.566041 -0.504077 2.572193 0.566041 -0.504077 2.552584 0.482015 -0.602237 2.572193 0.482014 -0.602238 2.552584 0.449466 -0.489332 2.504771 0.460286 -0.498594 2.531604 0.486017 -0.478353 2.531605 0.479565 -0.465654 2.504772 0.550046 -0.473383 2.531608 0.544061 -0.491735 2.552591 0.566040 -0.504078 2.552589 0.578593 -0.489413 2.531606 0.482015 -0.602236 2.552588 0.469462 -0.616901 2.531606 0.581621 -0.523893 2.552587 0.598832 -0.515148 2.531605 0.466434 -0.582422 2.552585 0.449224 -0.591167 2.531604 0.588439 -0.548161 2.552589 0.607684 -0.546668 2.531606 0.440372 -0.559648 2.531605 0.459619 -0.558154 2.552586 0.462608 -0.533126 2.552587 0.444257 -0.527140 2.531604 0.585446 -0.573190 2.552588 0.603799 -0.579175 2.531605 0.474950 -0.511147 2.552586 0.573106 -0.595169 2.552588 
						0.587768 -0.607721 2.531604 0.494762 -0.495562 2.552588 0.553293 -0.610753 2.552588 0.562037 -0.627962 2.531605 0.486018 -0.478353 2.531605 0.494762 -0.495563 2.552587 0.519030 -0.488745 2.552589 0.517537 -0.469500 2.531606 0.617555 -0.505634 2.482404 0.611527 -0.508697 2.504771 0.621883 -0.545566 2.504771 0.628498 -0.545053 2.482405 0.598590 -0.616984 2.504771 0.568489 -0.640661 2.504772 0.479565 -0.465654 2.504772 0.516435 -0.455300 2.504772 0.531619 -0.651016 2.504773 0.554463 -0.459841 2.504773 0.493593 -0.646470 2.504772 0.587854 -0.478595 2.504771 0.460201 -0.627720 2.504771 0.436526 -0.597619 2.504771 0.426173 -0.560749 2.504771 0.430718 -0.522724 2.504770 0.617342 -0.583592 2.504772 0.531703 -0.652106 2.464849 0.532142 -0.657755 2.482404 0.491497 -0.652898 2.482404 0.493254 -0.647511 2.464849 0.419429 -0.561272 2.482404 0.424290 -0.520628 2.482404 0.430496 -0.600683 2.482404 0.623778 -0.585692 2.482404 0.444330 -0.484936 2.482404 0.603716 -0.621372 2.482404 0.476503 -0.459628 2.482404 0.571554 -0.646693 2.482404 0.476503 -0.459629 2.482404 0.515912 -0.448557 2.482404 0.556558 -0.453416 2.482404 0.592249 -0.473461 2.482404 0.455802 -0.632859 2.482404 0.587418 -0.607421 2.447305 0.599424 -0.617699 2.464847 0.568986 -0.641638 2.464848 0.561827 -0.627550 2.447304 0.554802 -0.458801 2.464847 0.588567 -0.477762 2.464848 0.459488 -0.628553 2.464848 0.612508 -0.508199 2.464848 0.435549 -0.598115 2.464849 0.622964 -0.545482 2.464855 0.425079 -0.560834 2.464849 0.429676 -0.522385 2.464851 0.618387 -0.583933 2.464846 0.448633 -0.488619 2.464849 0.479069 -0.464679 2.464849 0.479069 -0.464678 2.464849 0.516351 -0.454208 2.464848 0.452947 -0.558672 2.435610 0.440832 -0.559612 2.447304 0.444695 -0.527283 2.447304 0.456248 -0.531051 2.435611 0.486228 -0.478767 2.447306 
						0.517573 -0.469960 2.447302 0.530482 -0.636355 2.447302 0.549903 -0.473822 2.447301 0.498152 -0.632492 2.447302 0.578294 -0.489763 2.447301 0.469762 -0.616550 2.447303 0.598421 -0.515357 2.447303 0.449634 -0.590958 2.447304 0.607227 -0.546703 2.447300 0.603362 -0.579033 2.447301 0.460636 -0.498894 2.447305 0.486226 -0.478763 2.447302 0.541293 -0.500220 2.399828 0.541291 -0.500226 2.420581 0.560231 -0.510863 2.420581 0.560233 -0.510862 2.399828 0.460468 -0.585453 2.435610 0.595110 -0.547643 2.435608 0.591806 -0.575264 2.435611 0.469867 -0.506796 2.435611 0.578187 -0.599519 2.435610 0.491732 -0.489600 2.435611 0.556323 -0.616717 2.435610 0.491732 -0.489600 2.435612 0.518513 -0.482075 2.435608 0.529542 -0.624238 2.435610 0.546134 -0.485376 2.435608 0.501920 -0.620939 2.435608 0.570391 -0.498995 2.435608 0.477666 -0.607318 2.435611 0.587587 -0.520862 2.435609 0.572822 -0.594926 2.391234 0.566325 -0.589365 2.399831 0.549249 -0.602796 2.399832 0.553123 -0.610419 2.391234 0.506761 -0.606096 2.399828 0.506762 -0.606092 2.420581 0.487822 -0.595452 2.420581 0.487820 -0.595455 2.399828 0.573661 -0.527937 2.420581 0.573667 -0.527934 2.399828 0.474394 -0.578377 2.420581 0.474388 -0.578380 2.399828 0.579533 -0.548851 2.420581 0.579538 -0.548851 2.399828 0.468518 -0.557464 2.399828 0.468523 -0.557464 2.420581 0.471097 -0.535894 2.420581 0.471093 -0.535893 2.399828 0.576957 -0.570421 2.420581 0.576961 -0.570422 2.399828 0.481733 -0.516953 2.420581 0.481729 -0.516950 2.399828 0.566322 -0.589363 2.420581 0.566326 -0.589366 2.399828 0.498807 -0.503524 2.420581 0.498804 -0.503517 2.399828 0.549248 -0.602793 2.420581 0.549250 -0.602797 2.399828 0.498804 -0.503517 2.399828 0.498807 -0.503523 2.420581 0.519720 -0.497645 2.420581 0.519720 -0.497645 2.399828 0.528334 -0.608668 2.420581 
						0.528334 -0.608671 2.399828 0.454749 -0.558532 2.385735 0.459992 -0.558125 2.391231 0.462964 -0.533242 2.391233 0.457968 -0.531612 2.385733 0.494931 -0.495896 2.391234 0.498805 -0.503519 2.399832 0.519720 -0.497646 2.399831 0.519059 -0.489119 2.391235 0.528334 -0.608670 2.399832 0.528995 -0.617196 2.391235 0.541292 -0.500222 2.399833 0.543945 -0.492090 2.391238 0.506762 -0.606094 2.399834 0.504110 -0.614224 2.391236 0.560233 -0.510862 2.399829 0.565797 -0.504361 2.391237 0.487821 -0.595454 2.399830 0.482260 -0.601951 2.391232 0.573666 -0.527935 2.399832 0.581289 -0.524062 2.391234 0.474389 -0.578380 2.399831 0.466767 -0.582253 2.391232 0.579537 -0.548851 2.399830 0.588066 -0.548189 2.391235 0.468518 -0.557464 2.399829 0.471094 -0.535893 2.399830 0.576960 -0.570422 2.399830 0.585092 -0.573074 2.391235 0.481729 -0.516950 2.399831 0.475234 -0.511390 2.391232 0.498805 -0.503519 2.399832 0.494931 -0.495896 2.391234 0.546835 -0.483228 2.377595 0.545574 -0.487095 2.385736 0.569213 -0.500371 2.385734 0.571859 -0.497280 2.377594 0.462082 -0.584633 2.385733 0.593306 -0.547783 2.385736 0.590091 -0.574704 2.385736 0.471242 -0.507973 2.385733 0.576789 -0.598323 2.385712 0.492551 -0.491211 2.385734 0.555504 -0.615105 2.385735 0.492551 -0.491211 2.385734 0.518652 -0.483879 2.385735 0.529402 -0.622436 2.385735 0.502481 -0.619217 2.385734 0.478841 -0.605945 2.385735 0.585973 -0.521681 2.385734 0.579909 -0.600993 2.369212 0.579858 -0.600949 2.377580 0.557348 -0.618734 2.377595 0.557349 -0.618736 2.369213 0.501218 -0.623092 2.377596 0.476260 -0.608960 2.377572 0.589602 -0.519837 2.377595 0.458449 -0.586479 2.377595 0.597318 -0.547472 2.377585 0.450691 -0.558847 2.377595 0.454099 -0.530350 2.377594 0.593916 -0.575952 2.377585 0.468149 -0.505325 2.377595 0.490706 -0.487580 2.377595 
						0.490706 -0.487581 2.377595 0.518338 -0.479824 2.377594 0.529716 -0.626494 2.377595 0.463650 -0.583836 2.361312 0.458500 -0.586453 2.369231 0.450693 -0.558847 2.369214 0.456504 -0.558396 2.361310 0.490705 -0.487578 2.369213 0.518338 -0.479823 2.369214 0.529717 -0.626495 2.369213 0.546836 -0.483224 2.369213 0.501218 -0.623091 2.369213 0.571861 -0.497278 2.369213 0.476193 -0.609038 2.369213 0.589603 -0.519837 2.369214 0.597307 -0.547473 2.369231 0.454100 -0.530351 2.369215 0.593967 -0.575969 2.369210 0.468148 -0.505324 2.369214 0.490705 -0.487578 2.369212 0.507161 -0.604870 2.353661 0.503027 -0.617545 2.361310 0.479986 -0.604607 2.361311 0.488656 -0.594479 2.353662 0.591481 -0.547925 2.361385 0.588376 -0.574145 2.361354 0.459640 -0.532158 2.361311 0.472577 -0.509116 2.361310 0.575479 -0.597201 2.361308 0.493376 -0.492835 2.361378 0.554707 -0.613536 2.361310 0.493376 -0.492835 2.361377 0.518789 -0.485632 2.361308 0.529265 -0.620680 2.361311 0.545029 -0.488766 2.361306 0.568060 -0.501718 2.361325 0.584411 -0.522475 2.361304 0.507431 -0.520495 2.337495 0.499386 -0.504663 2.353659 0.519820 -0.498926 2.353660 0.521193 -0.516629 2.337493 0.559402 -0.511833 2.353656 0.572525 -0.528515 2.353652 0.475535 -0.577798 2.353662 0.578262 -0.548950 2.353655 0.469798 -0.557365 2.353663 0.472314 -0.536291 2.353660 0.575740 -0.570024 2.353661 0.482702 -0.517783 2.353656 0.565350 -0.588530 2.353660 0.499386 -0.504663 2.353658 0.548668 -0.601652 2.353659 0.528234 -0.607392 2.353657 0.540894 -0.501442 2.353657 0.528333 -0.608665 2.420575 0.506763 -0.606089 2.420574 0.519721 -0.497648 2.420574 0.541290 -0.500228 2.420576 0.549247 -0.602791 2.420576 0.498807 -0.503524 2.420577 0.566321 -0.589361 2.420577 0.481734 -0.516954 2.420578 0.498808 -0.503525 2.420578 0.576955 -0.570420 2.420578 
						0.471099 -0.535895 2.420578 0.579532 -0.548852 2.420578 0.474395 -0.578377 2.420578 0.468523 -0.557464 2.420580 0.573660 -0.527938 2.420578 0.487823 -0.595451 2.420578 0.560231 -0.510864 2.420578 0.512665 -0.587994 2.331461 0.512667 -0.587989 2.337502 0.500201 -0.580991 2.337502 0.500201 -0.580991 2.331461 0.540624 -0.585822 2.337493 0.526861 -0.589686 2.337494 0.535388 -0.518324 2.337492 0.512667 -0.587987 2.337498 0.547853 -0.525325 2.337494 0.500203 -0.580989 2.337497 0.556692 -0.536560 2.337492 0.491368 -0.569752 2.337499 0.560553 -0.550324 2.337497 0.487503 -0.555991 2.337498 0.489195 -0.541797 2.337494 0.558859 -0.564518 2.337494 0.496196 -0.529333 2.337497 0.551863 -0.576985 2.337490 0.507430 -0.520495 2.337495 0.505497 -0.516690 2.327775 0.507431 -0.520496 2.331468 0.521193 -0.516630 2.331469 0.520863 -0.512378 2.327772 0.547815 -0.525369 2.331461 0.547855 -0.525322 2.337503 0.556696 -0.536558 2.337503 0.556695 -0.536559 2.331461 0.491366 -0.569753 2.337502 0.491366 -0.569754 2.331461 0.560555 -0.550324 2.337502 0.560553 -0.550324 2.331461 0.487499 -0.555991 2.331461 0.487501 -0.555991 2.337502 0.489191 -0.541796 2.337503 0.489195 -0.541797 2.331461 0.558862 -0.564519 2.337502 0.558859 -0.564518 2.331461 0.496193 -0.529332 2.337503 0.496194 -0.529332 2.331461 0.551867 -0.576989 2.337502 0.551862 -0.576985 2.331461 0.507429 -0.520492 2.337503 0.507429 -0.520493 2.331461 0.540626 -0.585826 2.337502 0.540624 -0.585822 2.331461 0.507430 -0.520493 2.331461 0.507429 -0.520492 2.337503 0.521193 -0.516625 2.337503 0.521193 -0.516626 2.331461 0.526861 -0.589690 2.337502 0.526861 -0.589690 2.331461 0.535390 -0.518319 2.337503 0.535390 -0.518320 2.331461 0.567322 -0.549799 2.324648 0.564807 -0.549994 2.327772 0.562915 -0.565841 2.327774 0.565310 -0.566622 2.324647 
						0.542556 -0.589624 2.327774 0.540623 -0.585819 2.331468 0.526861 -0.589686 2.331470 0.527191 -0.593941 2.327775 0.535388 -0.518325 2.331471 0.536710 -0.514271 2.327773 0.512666 -0.587990 2.331470 0.511343 -0.592048 2.327776 0.547826 -0.525355 2.331423 0.550629 -0.522081 2.327777 0.500203 -0.580989 2.331467 0.497427 -0.584233 2.327775 0.556691 -0.536561 2.331470 0.560496 -0.534627 2.327776 0.491367 -0.569753 2.331466 0.487563 -0.571686 2.327771 0.560551 -0.550324 2.331465 0.483248 -0.556321 2.327771 0.487501 -0.555991 2.331467 0.489198 -0.541798 2.331467 0.485140 -0.540474 2.327773 0.558857 -0.564517 2.331467 0.496196 -0.529334 2.331467 0.492954 -0.526559 2.327772 0.551860 -0.576983 2.331469 0.555102 -0.579758 2.327775 0.507431 -0.520496 2.331468 0.505497 -0.516690 2.327775 0.510266 -0.595349 2.318403 0.510561 -0.594446 2.324650 0.495786 -0.586149 2.324649 0.495171 -0.586867 2.318403 0.482742 -0.539692 2.324648 0.491038 -0.524918 2.324648 0.557014 -0.581395 2.324647 0.504354 -0.514440 2.324650 0.543700 -0.591874 2.324649 0.504354 -0.514440 2.324650 0.520668 -0.509859 2.324650 0.527386 -0.596457 2.324650 0.537493 -0.511870 2.324649 0.552268 -0.520166 2.324649 0.562742 -0.533486 2.324649 0.485314 -0.572829 2.324648 0.480733 -0.556516 2.324648 0.543568 -0.591615 2.312740 0.544129 -0.592719 2.318403 0.527460 -0.597402 2.318403 0.527364 -0.596164 2.312740 0.552883 -0.519448 2.318403 0.563584 -0.533058 2.318404 0.484468 -0.573259 2.318403 0.568269 -0.549725 2.318403 0.479786 -0.556590 2.318403 0.481845 -0.539400 2.318404 0.566143 -0.566894 2.318406 0.490320 -0.524304 2.318404 0.557737 -0.582013 2.318403 0.503926 -0.513597 2.318403 0.503926 -0.513597 2.318403 0.520595 -0.508915 2.318403 0.537788 -0.510966 2.318403 0.488542 -0.541584 2.307283 0.483021 -0.539783 2.312742 
						0.491260 -0.525108 2.312742 0.495674 -0.528887 2.307285 0.520691 -0.510151 2.312740 0.537403 -0.512148 2.312740 0.510651 -0.594169 2.312740 0.552078 -0.520388 2.312741 0.495976 -0.585927 2.312740 0.562481 -0.533618 2.312742 0.485574 -0.572696 2.312742 0.567034 -0.549821 2.312740 0.481023 -0.556494 2.312742 0.565038 -0.566534 2.312739 0.556796 -0.581208 2.312741 0.504487 -0.514702 2.312741 0.504487 -0.514702 2.312741 0.551752 -0.520768 2.216601 0.548305 -0.524796 2.307298 0.557308 -0.536247 2.307297 0.562038 -0.533843 2.216601 0.559512 -0.564731 2.307283 0.552383 -0.577430 2.307282 0.507118 -0.519880 2.307281 0.540936 -0.586435 2.307281 0.507119 -0.519881 2.307281 0.521140 -0.515942 2.307280 0.526914 -0.590373 2.307281 0.535601 -0.517671 2.307281 0.512453 -0.588644 2.307281 0.548301 -0.524801 2.307281 0.499756 -0.581512 2.307284 0.557303 -0.536249 2.307282 0.490753 -0.570065 2.307285 0.561240 -0.550271 2.307283 0.486816 -0.556044 2.307285 0.527867 -0.602660 2.211363 0.527325 -0.595667 2.216621 0.510807 -0.593690 2.216617 0.508631 -0.600361 2.211363 0.496301 -0.585546 2.216601 0.499752 -0.581516 2.307297 0.490749 -0.570067 2.307297 0.486017 -0.572470 2.216601 0.561246 -0.550270 2.307297 0.566533 -0.549859 2.216601 0.481523 -0.556454 2.216601 0.486811 -0.556045 2.307297 0.488537 -0.541582 2.307297 0.483494 -0.539937 2.216601 0.559518 -0.564733 2.307297 0.564560 -0.566377 2.216601 0.495670 -0.528884 2.307297 0.491638 -0.525431 2.216601 0.552387 -0.577434 2.307297 0.556416 -0.580882 2.216601 0.507115 -0.519874 2.307298 0.504711 -0.515142 2.216602 0.540939 -0.586440 2.307297 0.543344 -0.591174 2.216602 0.504712 -0.515144 2.216602 0.507116 -0.519875 2.307297 0.521139 -0.515934 2.307298 0.520729 -0.510644 2.216602 0.526915 -0.590379 2.307297 0.527326 -0.595677 2.216602 
						0.535603 -0.517665 2.307297 0.537249 -0.512618 2.216602 0.512451 -0.588650 2.307297 0.510804 -0.593698 2.216602 0.485083 -0.519820 2.204361 0.486310 -0.520870 2.211361 0.501536 -0.508893 2.211362 0.500803 -0.507450 2.204361 0.539423 -0.505951 2.211364 0.537247 -0.512625 2.216615 0.551749 -0.520772 2.216610 0.556314 -0.515439 2.211361 0.496305 -0.585542 2.216611 0.491738 -0.590877 2.211363 0.562033 -0.533845 2.216612 0.568291 -0.530666 2.211362 0.486022 -0.572468 2.216611 0.479767 -0.575646 2.211359 0.566529 -0.549860 2.216610 0.573492 -0.549319 2.211339 0.474529 -0.556997 2.211360 0.481527 -0.556454 2.216608 0.483498 -0.539938 2.216610 0.476825 -0.537762 2.211361 0.564555 -0.566375 2.216610 0.571227 -0.568551 2.211360 0.491642 -0.525434 2.216611 0.556412 -0.580879 2.216611 0.561744 -0.585443 2.211361 0.504714 -0.515149 2.216615 0.543340 -0.591166 2.216617 0.546519 -0.597421 2.211362 0.501536 -0.508893 2.211362 0.504715 -0.515150 2.216614 0.520729 -0.510651 2.216615 0.520187 -0.503654 2.211362 0.574649 -0.527435 2.160661 0.569729 -0.529935 2.204361 0.575138 -0.549192 2.204361 0.580640 -0.548765 2.160661 0.562971 -0.586493 2.204360 0.547251 -0.598863 2.204361 0.500803 -0.507450 2.204362 0.520061 -0.502038 2.204362 0.527993 -0.604275 2.204362 0.539925 -0.504414 2.204362 0.508129 -0.601899 2.204362 0.557364 -0.514212 2.204361 0.490690 -0.592102 2.204361 0.478327 -0.576378 2.204360 0.472918 -0.557122 2.204360 0.475290 -0.537261 2.204361 0.572763 -0.569052 2.204360 0.528705 -0.613451 2.095551 0.528420 -0.609783 2.160662 0.506418 -0.607148 2.160662 0.505275 -0.610650 2.095551 0.467414 -0.557549 2.160661 0.470045 -0.535550 2.160661 0.473405 -0.578879 2.160661 0.578011 -0.570764 2.160661 0.480890 -0.516231 2.160661 0.567163 -0.590082 2.160661 0.498302 -0.502529 2.160662 
						0.549753 -0.603786 2.160662 0.498302 -0.502530 2.160661 0.519634 -0.496532 2.160662 0.541637 -0.499163 2.160662 0.560954 -0.510019 2.160661 0.487100 -0.596296 2.160661 0.500637 -0.533136 0.248932 0.478093 -0.513837 2.095551 0.496633 -0.499244 2.095551 0.510080 -0.525709 0.248932 0.542780 -0.495661 2.095551 0.563348 -0.507222 2.095551 0.484707 -0.599091 2.095551 0.577930 -0.525768 2.095551 0.470122 -0.580547 2.095551 0.584309 -0.548480 2.095551 0.463743 -0.557834 2.095551 0.466544 -0.534409 2.095551 0.581511 -0.571905 2.095551 0.569960 -0.592476 2.095551 0.551420 -0.607067 2.095551 0.496633 -0.499245 2.095551 0.519349 -0.492860 2.095551 0.536632 -0.514509 0.240198 0.533571 -0.523894 0.248948 0.544015 -0.529807 0.248899 0.550442 -0.522299 0.240174 0.547417 -0.573179 0.248932 0.537973 -0.580604 0.248932 0.510079 -0.525708 0.248932 0.521646 -0.522463 0.248932 0.526408 -0.583851 0.248933 0.533574 -0.523887 0.248932 0.514481 -0.582426 0.248933 0.544005 -0.529819 0.248934 0.504005 -0.576547 0.248932 0.551483 -0.539206 0.248932 0.496579 -0.567104 0.248932 0.554729 -0.550776 0.248932 0.493331 -0.555539 0.248932 0.494757 -0.543611 0.248932 0.553297 -0.562704 0.248932 0.560287 -0.584196 0.226621 0.554910 -0.579594 0.240199 0.542442 -0.589399 0.240198 0.545648 -0.595708 0.226620 0.511421 -0.591807 0.240199 0.514483 -0.582420 0.248947 0.504010 -0.576541 0.248949 0.497590 -0.584041 0.240199 0.551474 -0.539211 0.248955 0.560274 -0.534739 0.240202 0.496585 -0.567101 0.248949 0.487786 -0.571572 0.240197 0.554720 -0.550776 0.248953 0.564498 -0.550018 0.240152 0.483498 -0.556302 0.240197 0.493338 -0.555538 0.248949 0.494764 -0.543613 0.248948 0.485378 -0.540552 0.240199 0.553290 -0.562702 0.248948 0.562675 -0.565763 0.240198 0.500643 -0.533140 0.248949 0.493145 -0.526722 0.240198 
						0.547411 -0.573175 0.248950 0.510083 -0.525715 0.248949 0.505611 -0.516914 0.240199 0.537970 -0.580598 0.248948 0.505611 -0.516914 0.240199 0.510083 -0.525715 0.248950 0.521646 -0.522470 0.248948 0.520883 -0.512629 0.240197 0.526408 -0.583845 0.248947 0.527171 -0.593689 0.240199 0.470815 -0.557286 0.214472 0.476439 -0.556849 0.226621 0.478649 -0.538357 0.226621 0.473284 -0.536607 0.214473 0.502407 -0.510608 0.226620 0.520336 -0.505574 0.226619 0.527719 -0.600741 0.226619 0.538827 -0.507780 0.226621 0.509228 -0.598531 0.226619 0.555065 -0.516899 0.226620 0.492987 -0.589419 0.226622 0.566579 -0.531536 0.226621 0.481478 -0.574778 0.226619 0.571616 -0.549466 0.226622 0.569404 -0.567957 0.226620 0.487767 -0.522119 0.226621 0.502406 -0.510607 0.226620 0.541354 -0.500031 0.203751 0.540564 -0.502453 0.214459 0.558736 -0.512610 0.214473 0.560375 -0.510696 0.203752 0.476442 -0.577336 0.214474 0.577241 -0.549029 0.214473 0.574772 -0.569708 0.214474 0.483479 -0.518448 0.214473 0.564575 -0.587867 0.214474 0.499850 -0.505576 0.214472 0.548196 -0.600723 0.214466 0.499850 -0.505575 0.214473 0.519900 -0.499956 0.214469 0.528155 -0.606365 0.214471 0.507478 -0.603898 0.214472 0.489318 -0.593704 0.214473 0.571612 -0.528979 0.214473 0.566489 -0.589506 0.191602 0.566491 -0.589507 0.203753 0.549350 -0.602994 0.203753 0.549324 -0.602942 0.191609 0.506714 -0.606241 0.203746 0.487679 -0.595619 0.203752 0.573857 -0.527838 0.203752 0.474196 -0.578477 0.203752 0.579754 -0.548834 0.203752 0.468299 -0.557481 0.203752 0.470889 -0.535826 0.203752 0.577169 -0.570490 0.203753 0.481566 -0.516810 0.203752 0.498708 -0.503329 0.203752 0.498708 -0.503329 0.203752 0.519710 -0.497510 0.203743 0.528341 -0.608766 0.203739 0.477648 -0.576724 0.177307 0.474196 -0.578478 0.191602 0.468298 -0.557481 0.191602 
						0.472160 -0.557181 0.177307 0.498727 -0.503367 0.191608 0.519703 -0.497419 0.191601 0.528350 -0.608882 0.191603 0.541334 -0.500094 0.191613 0.506698 -0.606290 0.191603 0.560377 -0.510693 0.191602 0.487680 -0.595619 0.191602 0.573857 -0.527838 0.191602 0.579756 -0.548834 0.191602 0.470888 -0.535826 0.191602 0.577169 -0.570490 0.191602 0.481567 -0.516811 0.191603 0.498722 -0.503355 0.191606 0.511057 -0.592924 0.163723 0.507894 -0.602621 0.177304 0.490196 -0.592680 0.177306 0.496826 -0.584934 0.163723 0.575896 -0.549133 0.177306 0.573485 -0.569288 0.177307 0.474568 -0.537026 0.177307 0.484506 -0.519327 0.177307 0.563549 -0.586988 0.177306 0.500461 -0.506779 0.177307 0.547596 -0.599542 0.177304 0.500460 -0.506776 0.177305 0.520014 -0.501428 0.177372 0.528042 -0.604908 0.177362 0.540142 -0.503749 0.177332 0.557860 -0.513633 0.177305 0.570409 -0.529590 0.177305 0.510594 -0.526721 0.154331 0.505084 -0.515876 0.163734 0.520792 -0.511455 0.163724 0.521733 -0.523590 0.154327 0.551170 -0.521449 0.163810 0.561320 -0.534208 0.163721 0.486739 -0.572104 0.163727 0.565635 -0.549929 0.163816 0.482329 -0.556392 0.163728 0.484262 -0.540188 0.163725 0.563792 -0.566127 0.163725 0.492273 -0.525975 0.163752 0.555802 -0.580357 0.163725 0.505078 -0.515864 0.163721 0.542975 -0.590447 0.163725 0.527262 -0.594860 0.163725 0.536972 -0.513467 0.163801 0.541718 -0.551785 0.000009 0.553600 -0.550863 0.154354 0.552223 -0.562353 0.154354 0.540897 -0.558659 0.000009 0.537459 -0.579592 0.154334 0.526321 -0.582721 0.154332 0.533222 -0.524964 0.154330 0.514832 -0.581348 0.154332 0.543311 -0.530629 0.154330 0.504747 -0.575681 0.154337 0.550463 -0.539725 0.154332 0.497599 -0.566586 0.154343 0.553589 -0.550864 0.154334 0.494470 -0.555450 0.154341 0.495840 -0.543964 0.154338 0.552214 -0.562351 0.154338 
						0.501503 -0.533877 0.154337 0.546552 -0.572439 0.154335 0.510594 -0.526721 0.154332 0.507158 -0.547655 0.000009 0.495832 -0.543961 0.154354 0.501496 -0.533870 0.154354 0.510547 -0.541618 0.000009 0.546560 -0.572446 0.154354 0.537507 -0.564696 0.000009 0.510589 -0.526710 0.154354 0.515916 -0.537194 -0.000003 0.537464 -0.579601 0.154354 0.532128 -0.569101 -0.000002 0.515920 -0.537202 -0.000003 0.510589 -0.526710 0.154354 0.521732 -0.523576 0.154353 0.522643 -0.535313 -0.000003 0.526322 -0.582733 0.154354 0.525412 -0.571002 -0.000003 0.533226 -0.524952 0.154354 0.529578 -0.536139 -0.000003 0.514829 -0.581360 0.154354 0.518477 -0.570174 -0.000003 0.543319 -0.530620 0.154354 0.535605 -0.539631 0.000004 0.504741 -0.575688 0.154354 0.512486 -0.566640 0.000009 0.550473 -0.539719 0.154354 0.539846 -0.545119 0.000009 0.497593 -0.566589 0.154355 0.508207 -0.561196 0.000009 0.506336 -0.554530 0.000009 0.494463 -0.555451 0.154355 0.532232 0.446798 2.578041 0.563379 0.444670 2.578041 0.563379 0.444664 2.597254 0.532232 0.446798 2.597254 0.504270 0.460684 2.578041 0.504268 0.460682 2.597254 0.483753 0.484216 2.578041 0.483749 0.484214 2.597254 0.473811 0.513807 2.578041 0.483757 0.484218 2.578041 0.483756 0.484217 2.597254 0.473811 0.513807 2.597254 0.475939 0.544950 2.578041 0.475942 0.544949 2.597254 0.489821 0.572910 2.578041 0.489825 0.572907 2.597254 0.513349 0.593427 2.578041 0.513350 0.593424 2.597254 0.542937 0.603379 2.578041 0.542937 0.603379 2.597254 0.574082 0.601252 2.578041 0.574083 0.601254 2.597254 0.602043 0.587367 2.578041 0.602046 0.587371 2.597254 0.622560 0.563837 2.578041 0.622566 0.563841 2.597254 0.632494 0.534246 2.578041 0.632515 0.534248 2.597254 0.630387 0.503101 2.578041 0.630388 0.503101 2.597254 0.616504 0.475137 2.578041 
						0.616504 0.475137 2.597254 0.592970 0.454622 2.578041 0.592971 0.454619 2.597254 0.615510 0.507132 2.572190 0.630378 0.503104 2.578028 0.616494 0.475144 2.578024 0.604298 0.484558 2.572191 0.521015 0.580062 2.552584 0.521015 0.580062 2.572193 0.544905 0.588099 2.572193 0.544905 0.588099 2.552584 0.536263 0.461675 2.572191 0.532234 0.446807 2.578028 0.504276 0.460692 2.578027 0.513687 0.472887 2.572189 0.502018 0.563497 2.572192 0.489824 0.572908 2.578035 0.513351 0.593423 2.578035 0.521015 0.580062 2.572193 0.609193 0.556170 2.572191 0.622554 0.563834 2.578032 0.632499 0.534246 2.578049 0.617228 0.532279 2.572192 0.489086 0.515775 2.572188 0.473812 0.513808 2.578039 0.475941 0.544950 2.578038 0.490806 0.540922 2.572190 0.570052 0.586379 2.572192 0.574081 0.601246 2.578032 0.602039 0.587362 2.578031 0.592627 0.575167 2.572192 0.592965 0.454629 2.578029 0.585300 0.467991 2.572191 0.483760 0.484220 2.578030 0.497121 0.491884 2.572188 0.542938 0.603374 2.578034 0.544905 0.588098 2.572191 0.561410 0.459954 2.572186 0.563378 0.444678 2.578030 0.497121 0.491884 2.572188 0.483761 0.484220 2.578034 0.636374 0.534745 2.531603 0.617228 0.532279 2.552584 0.615511 0.507132 2.552586 0.634142 0.502084 2.531603 0.561411 0.459948 2.552584 0.561411 0.459949 2.572193 0.536263 0.461674 2.572193 0.536262 0.461674 2.552584 0.585301 0.467991 2.552584 0.585301 0.467991 2.572193 0.570052 0.586379 2.572193 0.570052 0.586379 2.552584 0.513686 0.472885 2.572193 0.513686 0.472884 2.552584 0.592628 0.575168 2.572193 0.592627 0.575167 2.552584 0.497118 0.491882 2.572193 0.497118 0.491882 2.552584 0.609194 0.556171 2.572193 0.609193 0.556170 2.552584 0.497118 0.491882 2.552584 0.497118 0.491882 2.572193 0.489083 0.515774 2.572193 
						0.489082 0.515774 2.552584 0.617229 0.532280 2.572193 0.617228 0.532279 2.552584 0.490804 0.540923 2.572193 0.490803 0.540923 2.552584 0.615511 0.507132 2.572193 0.615511 0.507132 2.552584 0.502017 0.563497 2.572193 0.502017 0.563497 2.552584 0.604299 0.484557 2.572193 0.604298 0.484557 2.552584 0.493188 0.446326 2.504772 0.501888 0.457598 2.531610 0.480371 0.482276 2.531608 0.468016 0.475189 2.504774 0.472172 0.545971 2.531605 0.490804 0.540923 2.552587 0.502017 0.563497 2.552585 0.486735 0.575292 2.531604 0.604298 0.484558 2.552585 0.619580 0.472763 2.531603 0.521015 0.580062 2.552584 0.511410 0.596806 2.531602 0.585301 0.467991 2.552585 0.594905 0.451247 2.531603 0.544905 0.588098 2.552585 0.542439 0.607245 2.531604 0.563876 0.440807 2.531606 0.561411 0.459950 2.552590 0.536263 0.461674 2.552586 0.531214 0.443041 2.531605 0.570052 0.586379 2.552585 0.575101 0.605011 2.531603 0.513686 0.472885 2.552587 0.592627 0.575167 2.552584 0.604421 0.590449 2.531602 0.497119 0.491883 2.552587 0.609193 0.556170 2.552584 0.625938 0.565775 2.531603 0.480373 0.482277 2.531606 0.497119 0.491883 2.552587 0.489083 0.515774 2.552588 0.469940 0.513309 2.531604 0.500957 0.615031 2.482404 0.504321 0.609165 2.504772 0.540619 0.621375 2.504773 0.539755 0.628082 2.482404 0.613126 0.601728 2.504772 0.638296 0.572864 2.504772 0.468017 0.475189 2.504773 0.455812 0.511489 2.504772 0.650504 0.536565 2.504772 0.458420 0.549697 2.504773 0.647892 0.498358 2.504772 0.475456 0.583997 2.504773 0.630858 0.464058 2.504772 0.601994 0.438889 2.504772 0.565696 0.426680 2.504772 0.527488 0.429293 2.504772 0.578826 0.618760 2.504772 0.651588 0.536705 2.464850 0.657213 0.537429 2.482404 0.654417 0.496590 2.482404 0.648950 0.498071 2.464849 
						0.566560 0.419970 2.482404 0.525720 0.422765 2.482404 0.605358 0.433025 2.482404 0.580595 0.625288 2.482404 0.489058 0.440975 2.482404 0.617256 0.607079 2.482404 0.462156 0.471827 2.482404 0.644162 0.576229 2.482404 0.462154 0.471826 2.482404 0.449103 0.510625 2.482404 0.451893 0.551466 2.482404 0.470104 0.588127 2.482404 0.636211 0.459927 2.482404 0.604138 0.590082 2.447309 0.613793 0.602591 2.464851 0.639244 0.573407 2.464850 0.625537 0.565545 2.447308 0.457366 0.549983 2.464849 0.474591 0.584664 2.464850 0.631725 0.463389 2.464849 0.503778 0.610112 2.464851 0.602537 0.437943 2.464851 0.540480 0.622460 2.464849 0.565836 0.425595 2.464849 0.527202 0.428237 2.464850 0.579112 0.619815 2.464851 0.492520 0.445460 2.464849 0.467068 0.474645 2.464848 0.467070 0.474646 2.464849 0.454727 0.511349 2.464850 0.562265 0.453319 2.435612 0.563817 0.441266 2.447305 0.531335 0.443487 2.447305 0.534512 0.455216 2.435611 0.480774 0.482507 2.447303 0.470397 0.513368 2.447305 0.635915 0.534686 2.447308 0.472619 0.545850 2.447306 0.633695 0.502205 2.447308 0.487101 0.575009 2.447307 0.619213 0.473046 2.447308 0.511641 0.596405 2.447309 0.594675 0.451648 2.447308 0.542498 0.606786 2.447307 0.574980 0.604564 2.447308 0.502170 0.457964 2.447299 0.480773 0.482506 2.447302 0.499417 0.538589 2.399828 0.499421 0.538587 2.420581 0.509085 0.558042 2.420581 0.509081 0.558045 2.399828 0.588629 0.462190 2.435616 0.544051 0.594732 2.435616 0.571801 0.592833 2.435617 0.509597 0.467587 2.435609 0.596713 0.580461 2.435617 0.491313 0.488552 2.435607 0.614994 0.559497 2.435617 0.491315 0.488554 2.435610 0.482450 0.514920 2.435612 0.623861 0.533134 2.435617 0.484350 0.542671 2.435616 0.621964 0.505384 2.435617 0.496722 0.567584 2.435615 
						0.609592 0.480471 2.435616 0.517687 0.585863 2.435617 0.592398 0.574870 2.391228 0.587174 0.568102 2.399828 0.601453 0.551730 2.399829 0.608867 0.555983 2.391229 0.606898 0.509466 2.399828 0.606899 0.509466 2.420581 0.597231 0.490011 2.420581 0.597236 0.490008 2.399828 0.525458 0.572316 2.420581 0.525455 0.572321 2.399828 0.580858 0.475735 2.420581 0.580860 0.475732 2.399828 0.546046 0.579245 2.420581 0.546045 0.579250 2.399828 0.560270 0.468803 2.399828 0.560270 0.468809 2.420581 0.538598 0.470293 2.420581 0.538596 0.470287 2.399828 0.567717 0.577759 2.420581 0.567718 0.577765 2.399828 0.519141 0.479952 2.420581 0.519137 0.479948 2.399828 0.587171 0.568098 2.420581 0.587174 0.568102 2.399828 0.504862 0.496324 2.420581 0.504858 0.496322 2.399828 0.601449 0.551728 2.420581 0.601453 0.551730 2.399828 0.504856 0.496321 2.399828 0.504862 0.496324 2.420581 0.497935 0.516914 2.420581 0.497934 0.516914 2.399828 0.608371 0.531138 2.420581 0.608378 0.531139 2.399828 0.562034 0.455111 2.385734 0.561363 0.460322 2.391235 0.536361 0.462036 2.391230 0.534985 0.456960 2.385735 0.497444 0.492069 2.391233 0.504858 0.496322 2.399834 0.497935 0.516915 2.399831 0.489455 0.515822 2.391233 0.608377 0.531139 2.399829 0.616856 0.532231 2.391229 0.499418 0.538588 2.399831 0.491165 0.540824 2.391232 0.606897 0.509466 2.399831 0.615149 0.507230 2.391231 0.509081 0.558045 2.399830 0.502313 0.563268 2.391231 0.597235 0.490008 2.399831 0.604001 0.484787 2.391229 0.525455 0.572321 2.399828 0.521202 0.579737 2.391228 0.580860 0.475732 2.399829 0.585114 0.468317 2.391229 0.546045 0.579249 2.399831 0.544953 0.587726 2.391230 0.560270 0.468805 2.399832 0.538596 0.470288 2.399830 0.567718 0.577765 2.399828 0.569954 0.586016 2.391228 
						0.519138 0.479949 2.399832 0.513915 0.473181 2.391233 0.504860 0.496323 2.399833 0.497444 0.492069 2.391233 0.482161 0.543264 2.377595 0.486094 0.542199 2.385732 0.498152 0.566480 2.385733 0.494928 0.568969 2.377595 0.587729 0.463757 2.385732 0.544282 0.592940 2.385732 0.571329 0.591090 2.385732 0.510703 0.469020 2.385734 0.595609 0.579031 2.385731 0.492882 0.489452 2.385736 0.613428 0.558599 2.385732 0.492883 0.489453 2.385735 0.484241 0.515151 2.385734 0.622070 0.532903 2.385731 0.620221 0.505856 2.385732 0.608164 0.481574 2.385733 0.518586 0.584296 2.385731 0.598100 0.582259 2.369213 0.598099 0.582257 2.377595 0.616963 0.560627 2.377595 0.616962 0.560626 2.369214 0.624157 0.504789 2.377596 0.611394 0.479081 2.377597 0.516559 0.587830 2.377595 0.589757 0.460223 2.377595 0.543761 0.596981 2.377595 0.562554 0.451073 2.377595 0.533920 0.453029 2.377596 0.572394 0.595022 2.377595 0.508216 0.465796 2.377595 0.489351 0.487427 2.377596 0.489350 0.487426 2.377596 0.480206 0.514631 2.377595 0.626114 0.533424 2.377596 0.586854 0.465284 2.361315 0.589757 0.460222 2.369214 0.562554 0.451071 2.369213 0.561804 0.456894 2.361352 0.489350 0.487426 2.369213 0.480205 0.514631 2.369214 0.626112 0.533423 2.369214 0.482160 0.543265 2.369213 0.624156 0.504790 2.369213 0.494926 0.568970 2.369213 0.611391 0.479083 2.369212 0.516559 0.587831 2.369214 0.543761 0.596982 2.369213 0.533920 0.453030 2.369213 0.572394 0.595023 2.369214 0.508216 0.465797 2.369214 0.489350 0.487426 2.369213 0.605656 0.509802 2.353664 0.618523 0.506316 2.361314 0.606767 0.482652 2.361318 0.596216 0.490795 2.353666 0.544506 0.591195 2.361314 0.570868 0.589391 2.361316 0.535446 0.458659 2.361310 0.511778 0.470413 2.361310 0.594534 0.577637 2.361316 
						0.494410 0.490328 2.361310 0.611901 0.557723 2.361315 0.494411 0.490329 2.361310 0.485987 0.515376 2.361311 0.620324 0.532678 2.361316 0.487792 0.541739 2.361313 0.499545 0.565405 2.361313 0.519462 0.582770 2.361316 0.521379 0.505798 2.337497 0.505975 0.496962 2.353661 0.499210 0.517079 2.353662 0.516823 0.519347 2.337497 0.510098 0.557260 2.353663 0.526096 0.571205 2.353668 0.580221 0.476847 2.353665 0.546210 0.577972 2.353666 0.560106 0.470079 2.353661 0.538933 0.471529 2.353664 0.567382 0.576525 2.353665 0.519924 0.480967 2.353662 0.586388 0.567083 2.353669 0.505974 0.496962 2.353659 0.600337 0.551090 2.353667 0.607026 0.530965 2.353774 0.500658 0.538252 2.353662 0.608371 0.531138 2.420581 0.606896 0.509466 2.420574 0.497938 0.516915 2.420574 0.499423 0.538587 2.420578 0.601448 0.551727 2.420579 0.504864 0.496325 2.420576 0.587171 0.568097 2.420581 0.519142 0.479954 2.420577 0.504864 0.496325 2.420575 0.567717 0.577759 2.420581 0.538598 0.470293 2.420579 0.546046 0.579243 2.420578 0.580858 0.475736 2.420579 0.560269 0.468811 2.420578 0.525458 0.572316 2.420581 0.597230 0.490012 2.420578 0.509085 0.558042 2.420578 0.588520 0.514445 2.331461 0.588514 0.514447 2.337503 0.582158 0.501645 2.337503 0.582161 0.501642 2.331461 0.584932 0.542253 2.337502 0.589491 0.528707 2.337499 0.517797 0.533608 2.337497 0.588514 0.514447 2.337502 0.524157 0.546409 2.337500 0.582157 0.501646 2.337501 0.534931 0.555802 2.337502 0.571387 0.492248 2.337496 0.548478 0.560361 2.337499 0.557838 0.487690 2.337495 0.543578 0.488671 2.337502 0.562738 0.559386 2.337499 0.530775 0.495026 2.337499 0.575538 0.553026 2.337502 0.521378 0.505798 2.337495 0.517679 0.503676 2.327770 0.521379 0.505799 2.331467 0.516822 0.519347 2.331468 
						0.512592 0.518802 2.327771 0.524153 0.546413 2.331461 0.524156 0.546410 2.337503 0.534931 0.555802 2.337503 0.534928 0.555807 2.331461 0.571388 0.492246 2.337503 0.571389 0.492244 2.331461 0.548478 0.560363 2.337503 0.548477 0.560366 2.331461 0.557838 0.487685 2.331461 0.557838 0.487687 2.337503 0.543578 0.488671 2.337503 0.543576 0.488665 2.331461 0.562739 0.559388 2.337503 0.562740 0.559392 2.331461 0.530774 0.495025 2.337503 0.530771 0.495022 2.331461 0.575539 0.553026 2.337503 0.575542 0.553030 2.331461 0.521375 0.505796 2.337503 0.521376 0.505797 2.331461 0.584932 0.542254 2.337503 0.584936 0.542255 2.331461 0.521377 0.505797 2.331461 0.521376 0.505797 2.337503 0.516820 0.519347 2.337503 0.516819 0.519347 2.331461 0.589493 0.528707 2.337503 0.589497 0.528708 2.331461 0.517795 0.533609 2.337503 0.517792 0.533610 2.331461 0.547610 0.567097 2.324648 0.547933 0.564592 2.327770 0.563855 0.563506 2.327772 0.564515 0.565943 2.324649 0.588633 0.544377 2.327768 0.584934 0.542255 2.331465 0.589494 0.528707 2.331468 0.593722 0.529252 2.327769 0.517796 0.533609 2.331469 0.513679 0.534724 2.327772 0.588517 0.514446 2.331467 0.592634 0.513331 2.327770 0.524155 0.546411 2.331467 0.520780 0.549016 2.327770 0.582159 0.501644 2.331467 0.585535 0.499038 2.327769 0.534930 0.555805 2.331466 0.532808 0.559504 2.327769 0.571387 0.492247 2.331469 0.573509 0.488548 2.327772 0.548478 0.560363 2.331468 0.558383 0.483457 2.327775 0.557838 0.487689 2.331470 0.543577 0.488668 2.331466 0.542462 0.484552 2.327768 0.562739 0.559389 2.331469 0.530773 0.495024 2.331469 0.528168 0.491648 2.327771 0.575541 0.553028 2.331466 0.578146 0.556404 2.327768 0.521379 0.505798 2.331468 0.517679 0.503676 2.327771 0.595992 0.512421 2.318403 
						0.595073 0.512670 2.324649 0.587537 0.497493 2.324649 0.588292 0.496911 2.318403 0.541801 0.482113 2.324648 0.526623 0.489646 2.324650 0.579691 0.558406 2.324649 0.515488 0.502419 2.324649 0.590825 0.545634 2.324648 0.515488 0.502419 2.324649 0.510084 0.518479 2.324650 0.596228 0.529575 2.324649 0.511242 0.535385 2.324649 0.518780 0.550560 2.324649 0.531550 0.561697 2.324649 0.574766 0.486357 2.324649 0.558706 0.480952 2.324651 0.590572 0.545489 2.312742 0.591654 0.546109 2.318403 0.597170 0.529696 2.318403 0.595936 0.529537 2.312743 0.518026 0.551142 2.318403 0.531077 0.562521 2.318404 0.575239 0.485532 2.318403 0.547488 0.568044 2.318403 0.558827 0.480011 2.318403 0.541551 0.481193 2.318403 0.564764 0.566862 2.318403 0.526043 0.488896 2.318403 0.580272 0.559159 2.318403 0.514663 0.501946 2.318403 0.514664 0.501947 2.318403 0.509146 0.518358 2.318403 0.510324 0.535633 2.318403 0.543396 0.488000 2.307281 0.541877 0.482394 2.312742 0.526802 0.489879 2.312741 0.530351 0.494477 2.307280 0.510376 0.518517 2.312741 0.511523 0.535308 2.312741 0.594792 0.512746 2.312741 0.519010 0.550382 2.312741 0.587303 0.497673 2.312742 0.531696 0.561442 2.312742 0.574621 0.486610 2.312740 0.547647 0.566808 2.312742 0.558668 0.481244 2.312740 0.564439 0.565661 2.312741 0.579512 0.558173 2.312742 0.515742 0.502565 2.312742 0.515743 0.502566 2.312742 0.519400 0.550080 2.216602 0.523602 0.546838 2.307298 0.534583 0.556409 2.307298 0.531940 0.561015 2.216602 0.562919 0.560054 2.307281 0.575962 0.553575 2.307283 0.520779 0.505454 2.307280 0.585535 0.542599 2.307282 0.520780 0.505455 2.307281 0.516135 0.519259 2.307279 0.590177 0.528795 2.307282 0.517131 0.533789 2.307282 0.589184 0.514265 2.307282 0.523607 0.546834 2.307280 
						0.582706 0.501222 2.307282 0.534586 0.556404 2.307282 0.571730 0.491649 2.307280 0.548389 0.561048 2.307281 0.557926 0.487005 2.307279 0.602399 0.530369 2.211361 0.595445 0.529474 2.216620 0.594306 0.512877 2.216615 0.601079 0.511042 2.211362 0.586913 0.497974 2.216601 0.582711 0.501218 2.307298 0.571734 0.491643 2.307298 0.574374 0.487038 2.216602 0.548389 0.561054 2.307298 0.547710 0.566319 2.216602 0.558604 0.481735 2.216602 0.557927 0.486997 2.307298 0.543394 0.487994 2.307298 0.542004 0.482868 2.216602 0.562921 0.560061 2.307298 0.564309 0.565185 2.216602 0.530347 0.494472 2.307298 0.527101 0.490266 2.216602 0.575966 0.553579 2.307298 0.579209 0.557783 2.216602 0.520773 0.505451 2.307298 0.516166 0.502809 2.216602 0.585541 0.542603 2.307298 0.590149 0.545246 2.216602 0.516169 0.502810 2.216602 0.520774 0.505451 2.307298 0.516128 0.519258 2.307298 0.510866 0.518580 2.216602 0.590183 0.528796 2.307298 0.595455 0.529475 2.216602 0.517124 0.533791 2.307298 0.512001 0.535178 2.216601 0.589190 0.514264 2.307298 0.594313 0.512875 2.216602 0.521830 0.483437 2.204362 0.522821 0.484722 2.211362 0.510089 0.499323 2.211362 0.508684 0.498516 2.204362 0.505235 0.537012 2.211361 0.512008 0.535177 2.216614 0.519406 0.550076 2.216616 0.513850 0.554364 2.211363 0.586907 0.497979 2.216615 0.592460 0.493693 2.211360 0.531944 0.561009 2.216616 0.528454 0.567092 2.211360 0.574370 0.487045 2.216616 0.577861 0.480960 2.211361 0.547711 0.566312 2.216616 0.546815 0.573269 2.211361 0.559500 0.474783 2.211362 0.558603 0.481743 2.216615 0.542007 0.482876 2.216617 0.540172 0.476107 2.211360 0.564307 0.565178 2.216617 0.566141 0.571948 2.211361 0.527106 0.490274 2.216619 0.579205 0.557777 2.216614 0.583490 0.563330 2.211360 
						0.516174 0.502813 2.216618 0.590141 0.545242 2.216619 0.596222 0.548730 2.211360 0.510089 0.499323 2.211361 0.516175 0.502814 2.216615 0.510873 0.518581 2.216615 0.503913 0.517685 2.211362 0.524898 0.573292 2.160662 0.527646 0.568501 2.204362 0.546607 0.574877 2.204362 0.545901 0.580357 2.160662 0.584482 0.564614 2.204362 0.597632 0.549538 2.204362 0.508684 0.498516 2.204362 0.502304 0.517477 2.204362 0.604011 0.530577 2.204362 0.503669 0.537436 2.204362 0.602642 0.510619 2.204362 0.512570 0.555352 2.204362 0.593748 0.492699 2.204363 0.578667 0.479553 2.204362 0.559706 0.473176 2.204362 0.539748 0.474540 2.204362 0.566565 0.573513 2.204362 0.613138 0.531753 2.095551 0.609489 0.531283 2.160662 0.607975 0.509174 2.160662 0.611527 0.508211 2.095551 0.560412 0.467696 2.160662 0.538303 0.469209 2.160662 0.581415 0.474764 2.160662 0.568011 0.578846 2.160662 0.518455 0.479065 2.160662 0.587857 0.568988 2.160662 0.503890 0.495767 2.160662 0.602420 0.552285 2.160662 0.503890 0.495767 2.160662 0.496830 0.516772 2.160662 0.498341 0.538880 2.160662 0.508193 0.558730 2.160662 0.598120 0.489325 2.160662 0.534350 0.499659 0.248933 0.516204 0.476147 2.095551 0.500694 0.493933 2.095551 0.526456 0.508710 0.248933 0.494783 0.539844 2.095551 0.505280 0.560978 2.095551 0.601032 0.487077 2.095551 0.523065 0.576487 2.095551 0.583247 0.471570 2.095551 0.545431 0.584011 2.095551 0.560882 0.464046 2.095551 0.537339 0.465651 2.095551 0.568973 0.582398 2.095551 0.590106 0.571901 2.095551 0.605619 0.554120 2.095551 0.500696 0.493935 2.095551 0.493176 0.516302 2.095551 0.513922 0.534658 0.240197 0.523450 0.532076 0.248946 0.528793 0.542831 0.248945 0.520979 0.548862 0.240195 0.571965 0.548395 0.248933 0.579859 0.539343 0.248933 
						0.526455 0.508710 0.248933 0.522624 0.520094 0.248933 0.583688 0.527959 0.248933 0.523444 0.532078 0.248933 0.582868 0.515977 0.248933 0.528789 0.542835 0.248933 0.577526 0.505220 0.248933 0.537842 0.550727 0.248933 0.568474 0.497324 0.248933 0.549225 0.554557 0.248933 0.557090 0.493494 0.248933 0.545107 0.494318 0.248933 0.561209 0.553741 0.248933 0.582301 0.561788 0.226606 0.577994 0.556207 0.240196 0.588415 0.544251 0.240194 0.594560 0.547776 0.226621 0.592390 0.513397 0.240195 0.582863 0.515978 0.248944 0.577522 0.505223 0.248944 0.585335 0.499192 0.240194 0.537844 0.550723 0.248943 0.532933 0.559285 0.240194 0.568472 0.497329 0.248946 0.573383 0.488767 0.240196 0.549226 0.554552 0.248945 0.547965 0.564343 0.240196 0.558350 0.483708 0.240198 0.557089 0.493500 0.248947 0.545109 0.494322 0.248943 0.542535 0.484824 0.240171 0.561207 0.553735 0.248947 0.563785 0.563249 0.240186 0.534353 0.499663 0.248944 0.528322 0.491848 0.240196 0.571962 0.548391 0.248944 0.526460 0.508713 0.248945 0.517900 0.503803 0.240194 0.579854 0.539341 0.248945 0.517899 0.503802 0.240195 0.526459 0.508713 0.248946 0.522630 0.520095 0.248947 0.512841 0.518834 0.240196 0.583683 0.527959 0.248945 0.593471 0.529220 0.240194 0.559976 0.471086 0.214475 0.559255 0.476689 0.226620 0.540676 0.477962 0.226619 0.539203 0.472528 0.214467 0.511758 0.500280 0.226619 0.505821 0.517930 0.226619 0.600493 0.530124 0.226619 0.507091 0.536509 0.226619 0.599221 0.511546 0.226618 0.515374 0.553188 0.226620 0.590940 0.494867 0.226619 0.529411 0.565425 0.226618 0.576902 0.482633 0.226616 0.547060 0.571368 0.226622 0.565618 0.570014 0.226579 0.523998 0.486245 0.226619 0.511757 0.500279 0.226620 0.499195 0.538649 0.203754 0.501683 0.537974 0.214458 
						0.510958 0.556597 0.214450 0.509000 0.558107 0.203739 0.579714 0.477730 0.214473 0.546355 0.576843 0.214432 0.567114 0.575536 0.214470 0.520552 0.481781 0.214470 0.585748 0.566254 0.214462 0.506861 0.497471 0.214473 0.599450 0.550581 0.214471 0.506861 0.497471 0.214473 0.500222 0.517209 0.214473 0.606100 0.530846 0.214475 0.604674 0.510068 0.214473 0.595411 0.491416 0.214474 0.526599 0.570327 0.214474 0.587217 0.568157 0.191622 0.587229 0.568174 0.203738 0.601598 0.551814 0.203747 0.601509 0.551763 0.191622 0.607113 0.509407 0.203753 0.597412 0.489872 0.203753 0.525353 0.572500 0.203751 0.580902 0.475660 0.203737 0.546029 0.579374 0.203742 0.560283 0.468702 0.203740 0.538542 0.470088 0.203751 0.567741 0.577850 0.203738 0.519055 0.479842 0.203743 0.504679 0.496219 0.203752 0.504676 0.496217 0.203752 0.497741 0.516890 0.203750 0.608531 0.531159 0.203745 0.579029 0.478924 0.177319 0.580927 0.475615 0.191613 0.560278 0.468740 0.191622 0.559802 0.472440 0.177311 0.504688 0.496224 0.191604 0.497809 0.516898 0.191614 0.608481 0.531153 0.191617 0.499331 0.538612 0.191619 0.607101 0.509411 0.191603 0.509028 0.558086 0.191622 0.597394 0.489886 0.191604 0.525342 0.572519 0.191601 0.546023 0.579419 0.191608 0.538570 0.470191 0.191617 0.567736 0.577831 0.191622 0.519007 0.479779 0.191602 0.504690 0.496226 0.191605 0.593527 0.513089 0.163727 0.603372 0.510421 0.177305 0.594342 0.492241 0.177306 0.586254 0.498483 0.163743 0.546511 0.575631 0.177303 0.566744 0.574170 0.177341 0.539558 0.473837 0.177318 0.521449 0.482943 0.177366 0.584945 0.565214 0.177305 0.508030 0.498141 0.177306 0.598288 0.549915 0.177304 0.508030 0.498141 0.177306 0.501678 0.517397 0.177363 0.604626 0.530656 0.177368 0.502968 0.537626 0.177318 
						0.511966 0.555818 0.177302 0.527286 0.569129 0.177320 0.527441 0.509276 0.154339 0.516877 0.503216 0.163727 0.511675 0.518684 0.163727 0.523748 0.520239 0.154332 0.520048 0.549581 0.163729 0.532348 0.560305 0.163729 0.573968 0.487747 0.163728 0.547815 0.565509 0.163728 0.558501 0.482542 0.163724 0.542220 0.483660 0.163730 0.564095 0.564394 0.163730 0.527603 0.490917 0.163728 0.578712 0.557138 0.163726 0.516877 0.503216 0.163727 0.589434 0.544836 0.163730 0.594637 0.529370 0.163730 0.512787 0.534966 0.163726 0.550870 0.541783 -0.000003 0.549368 0.553445 0.154354 0.560915 0.552657 0.154354 0.557838 0.541304 -0.000003 0.578877 0.538780 0.154335 0.582566 0.527815 0.154334 0.524540 0.531781 0.154337 0.581775 0.516273 0.154336 0.529687 0.542141 0.154339 0.576628 0.505912 0.154337 0.538406 0.549744 0.154339 0.567911 0.498306 0.154333 0.549370 0.553435 0.154335 0.556945 0.494619 0.154334 0.545404 0.495411 0.154339 0.560912 0.552646 0.154334 0.535044 0.500558 0.154340 0.571273 0.547499 0.154336 0.527440 0.509275 0.154339 0.548475 0.506748 -0.000003 0.545401 0.495403 0.154355 0.535039 0.500552 0.154355 0.542221 0.509858 -0.000003 0.571279 0.547507 0.154354 0.564094 0.538198 -0.000003 0.527433 0.509271 0.154355 0.537629 0.515120 -0.000003 0.578885 0.538785 0.154354 0.568682 0.532933 -0.000003 0.537631 0.515121 -0.000003 0.527434 0.509272 0.154355 0.523736 0.520238 0.154354 0.535406 0.521741 -0.000003 0.582576 0.527816 0.154354 0.570909 0.526314 -0.000003 0.524531 0.531784 0.154354 0.535881 0.528708 -0.000003 0.581784 0.516270 0.154354 0.570431 0.519347 -0.000003 0.529680 0.542146 0.154355 0.538988 0.534963 -0.000003 0.576636 0.505907 0.154354 0.567329 0.513089 -0.000003 0.538401 0.549751 0.154355 0.544251 0.539554 -0.000003 
						0.567917 0.498297 0.154354 0.562064 0.508499 -0.000003 0.555444 0.506276 -0.000003 0.556946 0.494608 0.154354 -0.449644 0.523731 2.578041 -0.444041 0.554436 2.578041 -0.444037 0.554436 2.597254 -0.449637 0.523728 2.597254 -0.466561 0.497500 2.578041 -0.466562 0.497500 2.597254 -0.492234 0.479743 2.578041 -0.492235 0.479746 2.597254 -0.522748 0.473166 2.578041 -0.492232 0.479740 2.578041 -0.492235 0.479746 2.597254 -0.522748 0.473167 2.597254 -0.553458 0.478764 2.578041 -0.553457 0.478767 2.597254 -0.579688 0.495688 2.578041 -0.579684 0.495691 2.597254 -0.597442 0.521363 2.578041 -0.597439 0.521365 2.597254 -0.604010 0.551878 2.578041 -0.604019 0.551878 2.597254 -0.598405 0.582581 2.578041 -0.598418 0.582586 2.597254 -0.581496 0.608817 2.578041 -0.581493 0.608814 2.597254 -0.555821 0.626570 2.578041 -0.555820 0.626569 2.597254 -0.525307 0.633148 2.578041 -0.525307 0.633147 2.597254 -0.494597 0.627550 2.578041 -0.494598 0.627548 2.597254 -0.468366 0.610628 2.578041 -0.468371 0.610623 2.597254 -0.450613 0.584951 2.578041 -0.450616 0.584950 2.597254 -0.500264 0.613227 2.572193 -0.494598 0.627548 2.578038 -0.468369 0.610625 2.578035 -0.479085 0.599560 2.572193 -0.583307 0.527485 2.552584 -0.583307 0.527485 2.572193 -0.588619 0.552124 2.572193 -0.588619 0.552124 2.552584 -0.463957 0.529393 2.572191 -0.449640 0.523729 2.578049 -0.466562 0.497500 2.578040 -0.477624 0.508215 2.572193 -0.568970 0.506754 2.572193 -0.579685 0.495690 2.578037 -0.597440 0.521364 2.578038 -0.583307 0.527485 2.572192 -0.549700 0.612436 2.572193 -0.555820 0.626569 2.578039 -0.525307 0.633147 2.578040 -0.525060 0.617748 2.572193 -0.522995 0.488566 2.572192 -0.522748 0.473167 2.578040 -0.553457 0.478766 2.578038 -0.547791 0.493088 2.572193 -0.584098 0.576921 2.572192 -0.598413 0.582584 2.578053 
						-0.581494 0.608815 2.578037 -0.570431 0.598100 2.572193 -0.450615 0.584950 2.578038 -0.464748 0.578829 2.572192 -0.492234 0.479745 2.578038 -0.498355 0.493878 2.572193 -0.604014 0.551878 2.578048 -0.588619 0.552124 2.572192 -0.459436 0.554190 2.572191 -0.444039 0.554436 2.578045 -0.498355 0.493878 2.572193 -0.492234 0.479744 2.578035 -0.525369 0.637046 2.531600 -0.525060 0.617748 2.552584 -0.500264 0.613227 2.552584 -0.493164 0.631175 2.531600 -0.459436 0.554190 2.552584 -0.459435 0.554190 2.572193 -0.463956 0.529393 2.572193 -0.463958 0.529393 2.552584 -0.464748 0.578829 2.552584 -0.464748 0.578830 2.572193 -0.584098 0.576921 2.572193 -0.584097 0.576921 2.552584 -0.477624 0.508214 2.572193 -0.477624 0.508215 2.552584 -0.570431 0.598100 2.572193 -0.570431 0.598100 2.552584 -0.498355 0.493878 2.572193 -0.498355 0.493878 2.552584 -0.549700 0.612436 2.572193 -0.549700 0.612436 2.552584 -0.498355 0.493878 2.552584 -0.498355 0.493878 2.572193 -0.522995 0.488565 2.572193 -0.522995 0.488565 2.552584 -0.525060 0.617748 2.572193 -0.525060 0.617748 2.552584 -0.547791 0.493088 2.572193 -0.547791 0.493088 2.552584 -0.500264 0.613227 2.572193 -0.500264 0.613227 2.552584 -0.568970 0.506754 2.572193 -0.568970 0.506754 2.552584 -0.479085 0.599560 2.572193 -0.479085 0.599560 2.552584 -0.453526 0.484875 2.504771 -0.463760 0.494787 2.531600 -0.490685 0.476166 2.531601 -0.485024 0.463094 2.504770 -0.554892 0.475139 2.531601 -0.547791 0.493088 2.552584 -0.568970 0.506754 2.552584 -0.582399 0.492889 2.531601 -0.479085 0.599560 2.552584 -0.465656 0.613425 2.531601 -0.583307 0.527485 2.552584 -0.601019 0.519814 2.531601 -0.464748 0.578829 2.552584 -0.447035 0.586501 2.531602 -0.588619 0.552124 2.552584 -0.607919 0.551816 2.531602 -0.440138 0.554499 2.531601 -0.459436 0.554190 2.552584 
						-0.463958 0.529393 2.552584 -0.446010 0.522293 2.531601 -0.584097 0.576921 2.552584 -0.602046 0.584021 2.531601 -0.477624 0.508215 2.552584 -0.570431 0.598100 2.552584 -0.584295 0.611528 2.531601 -0.498355 0.493878 2.552584 -0.549700 0.612436 2.552584 -0.557370 0.630148 2.531601 -0.490684 0.476164 2.531602 -0.498355 0.493878 2.552584 -0.522995 0.488565 2.552585 -0.522686 0.469267 2.531601 -0.620302 0.511463 2.482404 -0.614092 0.514153 2.504771 -0.622166 0.551588 2.504772 -0.628930 0.551480 2.482404 -0.594529 0.621440 2.504771 -0.563032 0.643222 2.504771 -0.485023 0.463093 2.504771 -0.522458 0.455024 2.504770 -0.525597 0.651288 2.504769 -0.560132 0.461892 2.504771 -0.487923 0.644421 2.504770 -0.592311 0.482654 2.504771 -0.455745 0.623659 2.504771 -0.433957 0.592164 2.504774 -0.425891 0.554726 2.504771 -0.432761 0.517052 2.504771 -0.615297 0.589264 2.504773 -0.525612 0.652276 2.464913 -0.525705 0.658057 2.482404 -0.485435 0.650710 2.482404 -0.487534 0.645404 2.464873 -0.419128 0.554834 2.482404 -0.426469 0.514563 2.482404 -0.427755 0.594850 2.482404 -0.621584 0.591751 2.482404 -0.448667 0.480169 2.482404 -0.599389 0.626146 2.482404 -0.482336 0.456887 2.482404 -0.565723 0.649434 2.482404 -0.482335 0.456885 2.482404 -0.522350 0.448262 2.482404 -0.562621 0.455600 2.482404 -0.597018 0.477795 2.482404 -0.451040 0.628517 2.482404 -0.583961 0.611204 2.447313 -0.595320 0.622205 2.464848 -0.563470 0.644234 2.464846 -0.557187 0.629726 2.447309 -0.560538 0.460867 2.464847 -0.593068 0.481873 2.464854 -0.454985 0.624444 2.464852 -0.615095 0.513718 2.464852 -0.432960 0.592596 2.464852 -0.623249 0.551571 2.464855 -0.424798 0.554744 2.464851 -0.431743 0.516649 2.464850 -0.616214 0.589627 2.464909 -0.452737 0.484111 2.464849 -0.484588 0.462089 2.464851 -0.484588 0.462089 2.464851 
						-0.522441 0.453925 2.464849 -0.452751 0.554297 2.435618 -0.440662 0.554490 2.447371 -0.446477 0.522478 2.447349 -0.457740 0.526933 2.435618 -0.490888 0.476635 2.447357 -0.522693 0.469727 2.447309 -0.525362 0.636588 2.447308 -0.554722 0.475567 2.447309 -0.493332 0.630749 2.447306 -0.582077 0.493221 2.447310 -0.465978 0.613093 2.447310 -0.600594 0.519998 2.447310 -0.447460 0.586316 2.447310 -0.607360 0.551825 2.447402 -0.601536 0.583820 2.447392 -0.464100 0.495116 2.447322 -0.490873 0.476601 2.447321 -0.544508 0.501386 2.399828 -0.544506 0.501391 2.420581 -0.562760 0.513166 2.420581 -0.562764 0.513162 2.399828 -0.458613 0.581487 2.435619 -0.595306 0.552017 2.435617 -0.590317 0.579381 2.435616 -0.472821 0.503563 2.435618 -0.575234 0.602752 2.435618 -0.495697 0.487741 2.435617 -0.552357 0.618572 2.435619 -0.495697 0.487740 2.435616 -0.522888 0.481880 2.435617 -0.525167 0.624434 2.435619 -0.550251 0.486870 2.435618 -0.497804 0.619444 2.435619 -0.573622 0.501951 2.435618 -0.474433 0.604363 2.435618 -0.589443 0.524827 2.435618 -0.570099 0.597778 2.391144 -0.564024 0.591894 2.399833 -0.546153 0.604247 2.399828 -0.549550 0.612090 2.391227 -0.503546 0.604929 2.399828 -0.503549 0.604923 2.420581 -0.485297 0.593146 2.420581 -0.485292 0.593151 2.399828 -0.575112 0.531034 2.420581 -0.575118 0.531031 2.399828 -0.472942 0.575281 2.420581 -0.472937 0.575283 2.399828 -0.579692 0.552267 2.420581 -0.579696 0.552267 2.399828 -0.468359 0.554047 2.399828 -0.468363 0.554047 2.420581 -0.472261 0.532678 2.420581 -0.472255 0.532676 2.399828 -0.575794 0.573636 2.420581 -0.575799 0.573638 2.399828 -0.484035 0.514424 2.420581 -0.484033 0.514422 2.399828 -0.564016 0.591887 2.420581 -0.564025 0.591896 2.399828 -0.501904 0.502073 2.420581 -0.501901 0.502065 2.399828 -0.546151 0.604242 2.420581 
						-0.546153 0.604247 2.399828 -0.501900 0.502064 2.399828 -0.501904 0.502073 2.420581 -0.523137 0.497495 2.420581 -0.523137 0.497489 2.399828 -0.524917 0.608819 2.420581 -0.524917 0.608826 2.399828 -0.454557 0.554268 2.385730 -0.459812 0.554184 2.391227 -0.464308 0.529532 2.391227 -0.459419 0.527598 2.385731 -0.498505 0.494223 2.391228 -0.501901 0.502065 2.399831 -0.523137 0.497489 2.399828 -0.523000 0.488941 2.391229 -0.524917 0.608825 2.399828 -0.525054 0.617371 2.391226 -0.544508 0.501386 2.399828 -0.547652 0.493439 2.391226 -0.503546 0.604929 2.399829 -0.500402 0.612877 2.391228 -0.562763 0.513163 2.399831 -0.568707 0.507025 2.391226 -0.485293 0.593151 2.399830 -0.479348 0.599289 2.391226 -0.575118 0.531031 2.399828 -0.582961 0.527635 2.391227 -0.472937 0.575283 2.399828 -0.465094 0.578680 2.391227 -0.579696 0.552267 2.399829 -0.588243 0.552130 2.391228 -0.468359 0.554047 2.399828 -0.472255 0.532676 2.399829 -0.575799 0.573638 2.399828 -0.583735 0.576778 2.391215 -0.484033 0.514422 2.399830 -0.477895 0.508477 2.391227 -0.501901 0.502066 2.399830 -0.498505 0.494224 2.391227 -0.551086 0.484759 2.377595 -0.549586 0.488549 2.385731 -0.572366 0.503247 2.385731 -0.575203 0.500318 2.377596 -0.460270 0.580769 2.385730 -0.593499 0.552046 2.385731 -0.588635 0.578716 2.385730 -0.474119 0.504819 2.385730 -0.573923 0.601482 2.385718 -0.496415 0.489399 2.385731 -0.551639 0.616916 2.385731 -0.496415 0.489398 2.385732 -0.522916 0.483686 2.385731 -0.525138 0.622627 2.385730 -0.498468 0.617765 2.385730 -0.475690 0.603066 2.385730 -0.587786 0.525545 2.385731 -0.576869 0.604335 2.369212 -0.576870 0.604337 2.377597 -0.553259 0.620655 2.377595 -0.553244 0.620620 2.369226 -0.496969 0.621554 2.377595 -0.472848 0.606000 2.377597 -0.591525 0.523926 2.377595 -0.456530 0.582389 2.377595 
						-0.597573 0.551981 2.377595 -0.450483 0.554333 2.377595 -0.455626 0.526097 2.377596 -0.592426 0.580216 2.377595 -0.471189 0.501982 2.377596 -0.494796 0.485659 2.377595 -0.494795 0.485658 2.377595 -0.522851 0.479613 2.377594 -0.525203 0.626702 2.377595 -0.461888 0.580068 2.361320 -0.456528 0.582389 2.369213 -0.450477 0.554333 2.369213 -0.456399 0.554239 2.361406 -0.494795 0.485656 2.369213 -0.522851 0.479610 2.369214 -0.525203 0.626702 2.369215 -0.551086 0.484759 2.369214 -0.496969 0.621555 2.369214 -0.575203 0.500318 2.369213 -0.472853 0.605995 2.369213 -0.591528 0.523925 2.369213 -0.597578 0.551981 2.369212 -0.455624 0.526097 2.369212 -0.592431 0.580218 2.369212 -0.471187 0.501980 2.369212 -0.494795 0.485657 2.369213 -0.504020 0.603731 2.353670 -0.499116 0.616128 2.361317 -0.476915 0.601801 2.361318 -0.486190 0.592224 2.353671 -0.591739 0.552074 2.361316 -0.586925 0.578040 2.361403 -0.461075 0.528253 2.361339 -0.475432 0.506091 2.361390 -0.572653 0.600252 2.361345 -0.497139 0.491070 2.361382 -0.550942 0.615306 2.361310 -0.497130 0.491048 2.361357 -0.522946 0.485541 2.361420 -0.525110 0.620862 2.361324 -0.548930 0.490209 2.361343 -0.571125 0.504528 2.361341 -0.586130 0.526262 2.361363 -0.509470 0.519544 2.337503 -0.502412 0.503246 2.353666 -0.523158 0.498780 2.353674 -0.523442 0.516532 2.337503 -0.561869 0.514086 2.353663 -0.573935 0.531544 2.353672 -0.474118 0.574771 2.353669 -0.578330 0.552289 2.353779 -0.469642 0.554027 2.353663 -0.473506 0.533171 2.353749 -0.574610 0.573168 2.353657 -0.484994 0.515353 2.353738 -0.563044 0.590946 2.353769 -0.502411 0.503243 2.353662 -0.545642 0.603068 2.353666 -0.524897 0.607541 2.353665 -0.544021 0.502617 2.353720 -0.524917 0.608819 2.420581 -0.503549 0.604923 2.420581 -0.523137 0.497495 2.420581 -0.544506 0.501391 2.420580 
						-0.546151 0.604242 2.420581 -0.501904 0.502073 2.420581 -0.564016 0.591887 2.420581 -0.484036 0.514425 2.420577 -0.501904 0.502073 2.420581 -0.575794 0.573636 2.420580 -0.472261 0.532678 2.420581 -0.579691 0.552267 2.420579 -0.472942 0.575281 2.420580 -0.468364 0.554047 2.420579 -0.575112 0.531034 2.420581 -0.485297 0.593146 2.420581 -0.562759 0.513166 2.420578 -0.510552 0.587220 2.331461 -0.510552 0.587219 2.337503 -0.498543 0.579470 2.337503 -0.498541 0.579472 2.331461 -0.538585 0.586771 2.337503 -0.524613 0.589783 2.337502 -0.537502 0.519095 2.337502 -0.510552 0.587219 2.337503 -0.549512 0.526844 2.337502 -0.498543 0.579470 2.337503 -0.557641 0.538600 2.337502 -0.490414 0.567714 2.337503 -0.560653 0.552571 2.337502 -0.487401 0.553743 2.337502 -0.489965 0.539682 2.337502 -0.558089 0.566632 2.337502 -0.497714 0.527672 2.337502 -0.550340 0.578641 2.337502 -0.509470 0.519544 2.337503 -0.507775 0.515630 2.327765 -0.509470 0.519543 2.331463 -0.523442 0.516531 2.331462 -0.523373 0.512267 2.327766 -0.549515 0.526841 2.331461 -0.549512 0.526844 2.337503 -0.557641 0.538600 2.337503 -0.557646 0.538598 2.331461 -0.490414 0.567714 2.337503 -0.490412 0.567715 2.331461 -0.560653 0.552571 2.337503 -0.560657 0.552571 2.331461 -0.487397 0.553743 2.331461 -0.487401 0.553743 2.337503 -0.489965 0.539682 2.337503 -0.489961 0.539680 2.331461 -0.558089 0.566632 2.337503 -0.558093 0.566634 2.331461 -0.497714 0.527672 2.337503 -0.497711 0.527669 2.331461 -0.550340 0.578641 2.337503 -0.550343 0.578645 2.331461 -0.509470 0.519544 2.337503 -0.509470 0.519543 2.331461 -0.538585 0.586771 2.337503 -0.538586 0.586774 2.331461 -0.509470 0.519542 2.331461 -0.509470 0.519544 2.337503 -0.523442 0.516532 2.337503 -0.523442 0.516530 2.331461 -0.524613 0.589783 2.337503 -0.524613 0.589784 2.331461 
						-0.537502 0.519095 2.337503 -0.537504 0.519092 2.331461 -0.567449 0.552463 2.324649 -0.564918 0.552503 2.327766 -0.562056 0.568201 2.327766 -0.564410 0.569133 2.324649 -0.540279 0.590684 2.327765 -0.538585 0.586773 2.331464 -0.524613 0.589784 2.331462 -0.524681 0.594047 2.327765 -0.537503 0.519093 2.331465 -0.539071 0.515129 2.327766 -0.510552 0.587220 2.331462 -0.508984 0.591184 2.327765 -0.549514 0.526842 2.331465 -0.552480 0.523780 2.327767 -0.498542 0.579471 2.331464 -0.495576 0.582533 2.327765 -0.557644 0.538599 2.331465 -0.561556 0.536905 2.327767 -0.490413 0.567715 2.331463 -0.486500 0.569409 2.327766 -0.560656 0.552571 2.331465 -0.483136 0.553811 2.327767 -0.487399 0.553743 2.331465 -0.489963 0.539681 2.331465 -0.485999 0.538113 2.327766 -0.558092 0.566633 2.331465 -0.497713 0.527671 2.331465 -0.494651 0.524705 2.327766 -0.550342 0.578644 2.331465 -0.553404 0.581609 2.327766 -0.509470 0.519543 2.331462 -0.507776 0.515630 2.327765 -0.507705 0.594416 2.318404 -0.508054 0.593534 2.324647 -0.493816 0.584350 2.324648 -0.493155 0.585033 2.318404 -0.483647 0.537182 2.324649 -0.492833 0.522945 2.324649 -0.555220 0.583368 2.324648 -0.506772 0.513312 2.324646 -0.541284 0.593004 2.324647 -0.506771 0.513311 2.324647 -0.523333 0.509741 2.324647 -0.524722 0.596573 2.324647 -0.540001 0.512779 2.324647 -0.554239 0.521963 2.324649 -0.563877 0.535900 2.324648 -0.484176 0.570416 2.324649 -0.480605 0.553851 2.324650 -0.541168 0.592736 2.312743 -0.541661 0.593875 2.318404 -0.524737 0.597523 2.318404 -0.524717 0.596281 2.312744 -0.554901 0.521280 2.318403 -0.564752 0.535520 2.318403 -0.483303 0.570794 2.318403 -0.568403 0.552448 2.318403 -0.479652 0.553867 2.318403 -0.482758 0.536831 2.318403 -0.565296 0.569483 2.318403 -0.492149 0.522282 2.318403 -0.555906 0.584032 2.318403 
						-0.506393 0.512439 2.318404 -0.506393 0.512439 2.318404 -0.523318 0.508792 2.318404 -0.540350 0.511897 2.318404 -0.489335 0.539433 2.307301 -0.483915 0.537289 2.312740 -0.493041 0.523146 2.312740 -0.497228 0.527202 2.307301 -0.523338 0.510033 2.312744 -0.539894 0.513051 2.312743 -0.508161 0.593263 2.312744 -0.554037 0.522173 2.312741 -0.494020 0.584140 2.312743 -0.563611 0.536015 2.312740 -0.484448 0.570298 2.312743 -0.567152 0.552468 2.312744 -0.480901 0.553847 2.312743 -0.564137 0.569025 2.312742 -0.555013 0.583167 2.312741 -0.506902 0.513613 2.312764 -0.506888 0.513580 2.312744 -0.553691 0.522528 2.216601 -0.549998 0.526342 2.307297 -0.558288 0.538320 2.307298 -0.563158 0.536210 2.216602 -0.558737 0.566888 2.307281 -0.550839 0.579125 2.307283 -0.509196 0.518911 2.307289 -0.538860 0.587407 2.307285 -0.509200 0.518919 2.307298 -0.523431 0.515840 2.307286 -0.524624 0.590476 2.307284 -0.537757 0.518451 2.307285 -0.510297 0.587864 2.307285 -0.549994 0.526346 2.307284 -0.498060 0.579968 2.307284 -0.558281 0.538323 2.307280 -0.489778 0.567990 2.307285 -0.561318 0.552561 2.307314 -0.486707 0.553754 2.307283 -0.524821 0.602795 2.211359 -0.524709 0.595778 2.216606 -0.508346 0.592796 2.216609 -0.505766 0.599318 2.211357 -0.494364 0.583784 2.216601 -0.498057 0.579972 2.307298 -0.489774 0.567991 2.307297 -0.484898 0.570102 2.216602 -0.561311 0.552561 2.307295 -0.566666 0.552474 2.216602 -0.481390 0.553838 2.216602 -0.486701 0.553754 2.307298 -0.489337 0.539433 2.307296 -0.484376 0.537470 2.216602 -0.558743 0.566891 2.307298 -0.563684 0.568844 2.216602 -0.497230 0.527203 2.307296 -0.493399 0.523492 2.216601 -0.550843 0.579129 2.307298 -0.554657 0.582822 2.216602 -0.509195 0.518908 2.307297 -0.507085 0.514036 2.216601 -0.538862 0.587411 2.307297 -0.540972 0.592283 2.216601 
						-0.507085 0.514034 2.216601 -0.509200 0.518919 2.307296 -0.523431 0.515835 2.307297 -0.523346 0.510529 2.216601 -0.524624 0.590481 2.307297 -0.524709 0.595780 2.216601 -0.537759 0.518446 2.307297 -0.539711 0.513511 2.216601 -0.510296 0.587868 2.307297 -0.508344 0.592801 2.216601 -0.487198 0.517487 2.204362 -0.488366 0.518618 2.211359 -0.504299 0.507602 2.211357 -0.503655 0.506114 2.204361 -0.542290 0.506994 2.211358 -0.539709 0.513516 2.216610 -0.553687 0.522533 2.216613 -0.558567 0.517494 2.211359 -0.494368 0.583779 2.216612 -0.489488 0.588818 2.211359 -0.563150 0.536213 2.216616 -0.569589 0.533425 2.211362 -0.484905 0.570099 2.216616 -0.478470 0.572886 2.211359 -0.566657 0.552475 2.216618 -0.573672 0.552363 2.211362 -0.474387 0.553950 2.211360 -0.481398 0.553838 2.216617 -0.484383 0.537473 2.216615 -0.477862 0.534893 2.211360 -0.563675 0.568841 2.216620 -0.570193 0.571419 2.211360 -0.493403 0.523496 2.216614 -0.554652 0.582817 2.216615 -0.559691 0.587698 2.211361 -0.507087 0.514039 2.216608 -0.540969 0.592277 2.216613 -0.543757 0.598713 2.211359 -0.504298 0.507600 2.211358 -0.507086 0.514038 2.216609 -0.523346 0.510533 2.216609 -0.523234 0.503520 2.211357 -0.576147 0.530585 2.160662 -0.571050 0.532792 2.204357 -0.575295 0.552337 2.204363 -0.580815 0.552248 2.160662 -0.560858 0.588827 2.204362 -0.544401 0.600201 2.204361 -0.503654 0.506113 2.204361 -0.523208 0.501900 2.204360 -0.524847 0.604414 2.204361 -0.542886 0.505485 2.204361 -0.505169 0.600826 2.204361 -0.559698 0.516326 2.204362 -0.488357 0.589986 2.204362 -0.476980 0.573531 2.204362 -0.472763 0.553976 2.204362 -0.476353 0.534296 2.204362 -0.571702 0.572016 2.204362 -0.524994 0.613611 2.095551 -0.524935 0.609930 2.160661 -0.503138 0.605959 2.160661 -0.501784 0.609383 2.095551 -0.467241 0.554064 2.160662 
						-0.471213 0.532263 2.160662 -0.471906 0.575729 2.160662 -0.576841 0.574050 2.160662 -0.483235 0.513648 2.160661 -0.564823 0.592668 2.160662 -0.501461 0.501048 2.160661 -0.546594 0.605265 2.160661 -0.501461 0.501049 2.160661 -0.523120 0.496380 2.160661 -0.544916 0.500354 2.160661 -0.563536 0.512364 2.160661 -0.484516 0.593952 2.160662 -0.501912 0.531737 0.248933 -0.480588 0.511084 2.095551 -0.499997 0.497668 2.095551 -0.511794 0.524908 0.248933 -0.546271 0.496929 2.095551 -0.566100 0.509716 2.095551 -0.481955 0.596596 2.095551 -0.579523 0.529122 2.095551 -0.468534 0.577189 2.095551 -0.584496 0.552189 2.095551 -0.463556 0.554123 2.095551 -0.467791 0.530909 2.095551 -0.580264 0.575404 2.095551 -0.567468 0.595229 2.095551 -0.548057 0.608643 2.095551 -0.499997 0.497667 2.095551 -0.523061 0.492700 2.095551 -0.538981 0.515358 0.240196 -0.535350 0.524535 0.248947 -0.545441 0.531047 0.248948 -0.552310 0.523955 0.240199 -0.546145 0.574579 0.248932 -0.536264 0.581412 0.248932 -0.511794 0.524909 0.248933 -0.523535 0.522377 0.248933 -0.524520 0.583942 0.248932 -0.535352 0.524529 0.248933 -0.512701 0.581788 0.248932 -0.545446 0.531042 0.248933 -0.502607 0.575273 0.248932 -0.552277 0.540923 0.248933 -0.495774 0.565392 0.248932 -0.554808 0.552665 0.248933 -0.493245 0.553649 0.248933 -0.495398 0.541831 0.248933 -0.552653 0.564481 0.248933 -0.558309 0.586360 0.226618 -0.553162 0.581374 0.240127 -0.540169 0.590429 0.240172 -0.542995 0.596954 0.226620 -0.509073 0.590958 0.240198 -0.512704 0.581780 0.248950 -0.502612 0.575268 0.248949 -0.495777 0.582326 0.240164 -0.552272 0.540925 0.248947 -0.561278 0.537025 0.240154 -0.495781 0.565390 0.248949 -0.486721 0.569313 0.240200 -0.554802 0.552665 0.248946 -0.564608 0.552508 0.240148 -0.483391 0.553807 0.240191 -0.493251 0.553649 0.248948 
						-0.495405 0.541834 0.248949 -0.486254 0.538213 0.240175 -0.552648 0.564479 0.248946 -0.561831 0.568112 0.240200 -0.501917 0.531742 0.248949 -0.494840 0.524888 0.240183 -0.546139 0.574573 0.248951 -0.511796 0.524913 0.248946 -0.507902 0.515922 0.240141 -0.536261 0.581405 0.248951 -0.507887 0.515888 0.240169 -0.511796 0.524914 0.248945 -0.523535 0.522383 0.248946 -0.523377 0.512514 0.240195 -0.524519 0.583935 0.248950 -0.524677 0.593803 0.240198 -0.470696 0.554010 0.214461 -0.476397 0.553919 0.226575 -0.479712 0.535625 0.226585 -0.474454 0.533545 0.214452 -0.505061 0.509361 0.226619 -0.523264 0.505436 0.226619 -0.524790 0.600878 0.226619 -0.541584 0.508777 0.226619 -0.506471 0.597536 0.226619 -0.557231 0.518874 0.226619 -0.490821 0.587443 0.226621 -0.567747 0.534223 0.226578 -0.480221 0.572128 0.226625 -0.571639 0.552396 0.226566 -0.568418 0.570718 0.226625 -0.489743 0.519952 0.226620 -0.505061 0.509361 0.226619 -0.544588 0.501183 0.203752 -0.543661 0.503526 0.214473 -0.561161 0.514816 0.214474 -0.562882 0.513040 0.203747 -0.475108 0.574342 0.214451 -0.577393 0.552304 0.214473 -0.573569 0.572756 0.214440 -0.485688 0.516025 0.214473 -0.562332 0.590256 0.214457 -0.502817 0.504181 0.214472 -0.545239 0.602136 0.214473 -0.502817 0.504180 0.214473 -0.523174 0.499791 0.214473 -0.524881 0.606523 0.214473 -0.504393 0.602787 0.214473 -0.486925 0.591465 0.214458 -0.572992 0.531952 0.214468 -0.564106 0.591974 0.191615 -0.564123 0.591990 0.203744 -0.546241 0.604450 0.203753 -0.546242 0.604452 0.191602 -0.503466 0.605132 0.203753 -0.485181 0.593265 0.203746 -0.575205 0.530993 0.203738 -0.472725 0.575375 0.203754 -0.579843 0.552264 0.203744 -0.468215 0.554049 0.203744 -0.472106 0.532617 0.203746 -0.575928 0.573689 0.203743 -0.483933 0.514324 0.203744 -0.501816 0.501869 0.203752 
						-0.501816 0.501869 0.203752 -0.523134 0.497269 0.203753 -0.524921 0.609044 0.203753 -0.476406 0.573780 0.177368 -0.472869 0.575312 0.191621 -0.468291 0.554048 0.191622 -0.472124 0.553987 0.177361 -0.501815 0.501866 0.191602 -0.523134 0.497271 0.191602 -0.524921 0.609043 0.191602 -0.544589 0.501182 0.191602 -0.503465 0.605133 0.191602 -0.562880 0.513042 0.191609 -0.485229 0.593216 0.191619 -0.575292 0.530956 0.191606 -0.579762 0.552266 0.191622 -0.472169 0.532642 0.191619 -0.575867 0.573665 0.191621 -0.483906 0.514299 0.191607 -0.501815 0.501867 0.191602 -0.508643 0.592045 0.163731 -0.504891 0.601530 0.177308 -0.487834 0.590527 0.177306 -0.494939 0.583191 0.163740 -0.575916 0.552327 0.177367 -0.572281 0.572246 0.177369 -0.475783 0.534071 0.177374 -0.486746 0.517049 0.177365 -0.561379 0.589333 0.177318 -0.503353 0.505418 0.177307 -0.544701 0.600895 0.177307 -0.503354 0.505419 0.177307 -0.523196 0.501142 0.177307 -0.524859 0.605171 0.177308 -0.543165 0.504780 0.177306 -0.560188 0.515821 0.177329 -0.571637 0.532539 0.177374 -0.512246 0.525953 0.154341 -0.507444 0.514864 0.163819 -0.523359 0.511374 0.163763 -0.523553 0.523514 0.154340 -0.553109 0.523130 0.163750 -0.562344 0.536563 0.163794 -0.485644 0.569780 0.163724 -0.565828 0.552489 0.163745 -0.482295 0.553824 0.163812 -0.485241 0.537813 0.163837 -0.562926 0.568545 0.163721 -0.494065 0.524137 0.163836 -0.554008 0.582194 0.163812 -0.507448 0.514873 0.163829 -0.540636 0.591507 0.163759 -0.524695 0.594925 0.163777 -0.539397 0.514306 0.163770 -0.541925 0.552871 -0.000003 -0.553682 0.552683 0.154354 -0.551604 0.564066 0.154355 -0.540674 0.559742 -0.000003 -0.535811 0.580365 0.154335 -0.524501 0.582802 0.154337 -0.534934 0.525589 0.154339 -0.513121 0.580727 0.154337 -0.544657 0.531857 0.154332 -0.503395 0.574459 0.154328 
						-0.551235 0.541374 0.154335 -0.496816 0.564941 0.154330 -0.553672 0.552683 0.154337 -0.494378 0.553631 0.154332 -0.496451 0.542248 0.154329 -0.551596 0.564063 0.154339 -0.502727 0.532527 0.154332 -0.545329 0.573788 0.154329 -0.512246 0.525953 0.154341 -0.507382 0.546572 -0.000003 -0.496439 0.542243 0.154354 -0.502719 0.532519 0.154354 -0.511170 0.540704 -0.000003 -0.545339 0.573797 0.154354 -0.536887 0.565612 -0.000003 -0.512243 0.525946 0.154355 -0.516915 0.536734 -0.000003 -0.535815 0.580375 0.154354 -0.531143 0.569588 -0.000003 -0.516915 0.536734 -0.000003 -0.512243 0.525946 0.154355 -0.523553 0.523507 0.154355 -0.523741 0.535259 -0.000003 -0.524502 0.582811 0.154354 -0.524313 0.571047 -0.000002 -0.534937 0.525581 0.154355 -0.530614 0.536507 -0.000003 -0.513117 0.580735 0.154354 -0.517444 0.569798 -0.000003 -0.544665 0.531848 0.154354 -0.536481 0.540298 -0.000003 -0.503386 0.574469 0.154353 -0.511575 0.566014 -0.000003 -0.551245 0.541370 0.154354 -0.540454 0.546043 -0.000003 -0.496804 0.564946 0.154354 -0.507599 0.560271 -0.000003 -0.506131 0.553443 -0.000003 -0.494366 0.553631 0.154354 -0.518885 -0.451738 2.578041 -0.549158 -0.444126 2.578041 -0.549158 -0.444128 2.597254 -0.518886 -0.451740 2.597254 -0.493831 -0.470358 2.578041 -0.493831 -0.470358 2.597254 -0.477808 -0.497146 2.578041 -0.477804 -0.497145 2.597254 -0.473250 -0.528027 2.578041 -0.477807 -0.497145 2.578041 -0.477803 -0.497144 2.597254 -0.473244 -0.528028 2.597254 -0.480864 -0.558302 2.578041 -0.480858 -0.558305 2.597254 -0.499482 -0.583359 2.578041 -0.499478 -0.583364 2.597254 -0.526273 -0.599383 2.578041 -0.526271 -0.599389 2.597254 -0.557157 -0.603934 2.578041 -0.557157 -0.603939 2.597254 -0.587431 -0.596320 2.578041 -0.587433 -0.596324 2.597254 -0.612486 -0.577700 2.578041 -0.612485 -0.577700 2.597254 -0.628510 -0.550911 2.578041 
						-0.628506 -0.550909 2.597254 -0.633059 -0.520028 2.578041 -0.633057 -0.520028 2.597254 -0.625446 -0.489755 2.578041 -0.625444 -0.489756 2.597254 -0.606828 -0.464701 2.578041 -0.606827 -0.464702 2.597254 -0.580039 -0.448678 2.578041 -0.580038 -0.448679 2.597254 -0.611529 -0.496354 2.572193 -0.625445 -0.489756 2.578039 -0.606827 -0.464701 2.578040 -0.596495 -0.476123 2.572193 -0.531451 -0.584871 2.552584 -0.531451 -0.584871 2.572193 -0.556386 -0.588546 2.572193 -0.556386 -0.588546 2.552584 -0.525483 -0.465656 2.572193 -0.518885 -0.451740 2.578039 -0.493831 -0.470358 2.578041 -0.505252 -0.480690 2.572193 -0.509819 -0.571933 2.572193 -0.499485 -0.583355 2.578034 -0.526275 -0.599379 2.578034 -0.531451 -0.584871 2.572193 -0.614000 -0.545734 2.572193 -0.628507 -0.550910 2.578036 -0.633058 -0.520028 2.578039 -0.617676 -0.520798 2.572193 -0.488638 -0.527257 2.572193 -0.473254 -0.528027 2.578034 -0.480867 -0.558300 2.578035 -0.494785 -0.551701 2.572193 -0.580831 -0.582399 2.572193 -0.587429 -0.596317 2.578036 -0.612484 -0.577698 2.578037 -0.601062 -0.567366 2.572193 -0.580039 -0.448679 2.578040 -0.574864 -0.463184 2.572193 -0.477808 -0.497146 2.578041 -0.492314 -0.502321 2.572193 -0.557157 -0.603930 2.578034 -0.556386 -0.588546 2.572193 -0.549928 -0.459509 2.572193 -0.549158 -0.444127 2.578039 -0.492314 -0.502321 2.572193 -0.477808 -0.497146 2.578039 -0.636952 -0.519833 2.531600 -0.617676 -0.520798 2.552584 -0.611529 -0.496354 2.552584 -0.628967 -0.488086 2.531599 -0.549928 -0.459509 2.552584 -0.549928 -0.459509 2.572193 -0.525483 -0.465656 2.572193 -0.525483 -0.465656 2.552584 -0.574864 -0.463184 2.552584 -0.574864 -0.463184 2.572193 -0.580831 -0.582399 2.572193 -0.580831 -0.582399 2.552584 -0.505252 -0.480690 2.572193 -0.505252 -0.480690 2.552584 -0.601062 -0.567366 2.572193 -0.601062 -0.567366 2.552584 -0.492314 -0.502321 2.572193 
						-0.492314 -0.502321 2.552584 -0.614000 -0.545734 2.572193 -0.614000 -0.545734 2.552584 -0.492314 -0.502321 2.552584 -0.492314 -0.502321 2.572193 -0.488638 -0.527257 2.572193 -0.488638 -0.527257 2.552584 -0.617676 -0.520798 2.572193 -0.617676 -0.520798 2.552584 -0.494785 -0.551701 2.572193 -0.494785 -0.551701 2.552584 -0.611529 -0.496354 2.572193 -0.611529 -0.496354 2.552584 -0.509819 -0.571933 2.572193 -0.509819 -0.571933 2.552584 -0.596495 -0.476123 2.572193 -0.596495 -0.476123 2.552584 -0.480376 -0.458185 2.504769 -0.490940 -0.467742 2.531599 -0.474137 -0.495836 2.531599 -0.460719 -0.491049 2.504770 -0.477344 -0.559970 2.531601 -0.494785 -0.551701 2.552584 -0.509819 -0.571933 2.552584 -0.496871 -0.586246 2.531600 -0.596495 -0.476123 2.552584 -0.609443 -0.461810 2.531600 -0.531451 -0.584871 2.552584 -0.524965 -0.603048 2.531600 -0.574864 -0.463184 2.552584 -0.581348 -0.445007 2.531599 -0.556386 -0.588546 2.552584 -0.557351 -0.607824 2.531601 -0.548963 -0.440234 2.531599 -0.549928 -0.459509 2.552584 -0.525483 -0.465656 2.552584 -0.517215 -0.448217 2.531599 -0.580831 -0.582399 2.552584 -0.589099 -0.599839 2.531600 -0.505252 -0.480690 2.552584 -0.601062 -0.567366 2.552584 -0.615375 -0.580314 2.531600 -0.492314 -0.502321 2.552584 -0.614000 -0.545734 2.552584 -0.632179 -0.552220 2.531600 -0.474137 -0.495836 2.531599 -0.492314 -0.502321 2.552584 -0.488638 -0.527257 2.552584 -0.469363 -0.528222 2.531600 -0.517905 -0.622837 2.482404 -0.520178 -0.616466 2.504770 -0.558064 -0.622053 2.504771 -0.558402 -0.628816 2.482404 -0.625940 -0.589872 2.504770 -0.645600 -0.557008 2.504772 -0.460719 -0.491049 2.504769 -0.455134 -0.528934 2.504770 -0.651179 -0.519121 2.504770 -0.464472 -0.566073 2.504771 -0.641840 -0.481983 2.504769 -0.487313 -0.596810 2.504770 -0.619000 -0.451246 2.504770 -0.586136 -0.431588 2.504770 -0.548250 -0.426006 2.504769 
						-0.511113 -0.435346 2.504769 -0.595203 -0.612713 2.504771 -0.652275 -0.519066 2.464851 -0.657936 -0.518783 2.482404 -0.647950 -0.479086 2.482404 -0.642830 -0.481514 2.464852 -0.547912 -0.419248 2.482404 -0.508215 -0.429233 2.482404 -0.588410 -0.425214 2.482404 -0.598102 -0.618829 2.482404 -0.475361 -0.453649 2.482404 -0.630961 -0.594414 2.482404 -0.454348 -0.488776 2.482404 -0.651970 -0.559280 2.482404 -0.454348 -0.488776 2.482404 -0.448379 -0.529272 2.482404 -0.458356 -0.568972 2.482404 -0.482774 -0.601828 2.482404 -0.623536 -0.446231 2.482404 -0.615034 -0.580005 2.447309 -0.626725 -0.590581 2.464872 -0.646506 -0.557331 2.464923 -0.631660 -0.552034 2.447396 -0.463478 -0.566544 2.464848 -0.486626 -0.597570 2.464891 -0.619734 -0.450434 2.464852 -0.519810 -0.617498 2.464852 -0.586504 -0.430558 2.464852 -0.558119 -0.623149 2.464849 -0.548196 -0.424919 2.464856 -0.510645 -0.434358 2.464854 -0.595672 -0.613702 2.464851 -0.479563 -0.457450 2.464852 -0.459689 -0.490682 2.464853 -0.459689 -0.490682 2.464853 -0.454039 -0.528989 2.464851 -0.549593 -0.452831 2.435618 -0.548986 -0.440698 2.447315 -0.517414 -0.448636 2.447313 -0.522619 -0.459614 2.435618 -0.474571 -0.495991 2.447311 -0.469824 -0.528199 2.447311 -0.636491 -0.519856 2.447310 -0.477762 -0.559772 2.447309 -0.628550 -0.488284 2.447312 -0.497180 -0.585903 2.447311 -0.609132 -0.462153 2.447313 -0.525121 -0.602613 2.447312 -0.581193 -0.445444 2.447314 -0.557328 -0.607362 2.447310 -0.588901 -0.599422 2.447311 -0.491289 -0.468058 2.447321 -0.474573 -0.495992 2.447313 -0.502849 -0.547878 2.399828 -0.502854 -0.547876 2.420581 -0.515810 -0.565310 2.420581 -0.515805 -0.565315 2.399828 -0.577110 -0.456887 2.435618 -0.556721 -0.595224 2.435618 -0.583695 -0.588441 2.435618 -0.500293 -0.476204 2.435618 -0.606021 -0.571851 2.435618 -0.486016 -0.500074 2.435618 -0.620298 -0.547981 2.435618 
						-0.486016 -0.500074 2.435618 -0.481960 -0.527591 2.435618 -0.624354 -0.520464 2.435618 -0.488744 -0.554566 2.435618 -0.617570 -0.493489 2.435618 -0.505333 -0.576891 2.435618 -0.600981 -0.471164 2.435618 -0.529203 -0.591169 2.435618 -0.600782 -0.567112 2.391225 -0.594444 -0.561378 2.399828 -0.605595 -0.542735 2.399828 -0.613646 -0.545608 2.391227 -0.603466 -0.500176 2.399828 -0.603459 -0.500179 2.420581 -0.590504 -0.482745 2.420581 -0.590508 -0.482740 2.399828 -0.534451 -0.576460 2.420581 -0.534449 -0.576465 2.399828 -0.571863 -0.471595 2.420581 -0.571865 -0.471589 2.399828 -0.555940 -0.579627 2.420581 -0.555940 -0.579633 2.399828 -0.550374 -0.468422 2.399828 -0.550374 -0.468428 2.420581 -0.529309 -0.473725 2.420581 -0.529306 -0.473720 2.399828 -0.577005 -0.574330 2.420581 -0.577008 -0.574335 2.399828 -0.511874 -0.486680 2.420581 -0.511870 -0.486677 2.399828 -0.594440 -0.561375 2.420581 -0.594444 -0.561379 2.399828 -0.500725 -0.505322 2.420581 -0.500719 -0.505320 2.399828 -0.605590 -0.542733 2.420581 -0.605595 -0.542735 2.399828 -0.500719 -0.505320 2.399828 -0.500725 -0.505322 2.420581 -0.497557 -0.526810 2.420581 -0.497551 -0.526811 2.399828 -0.608757 -0.521244 2.420581 -0.608763 -0.521244 2.399828 -0.549684 -0.454636 2.385729 -0.549946 -0.459887 2.391226 -0.525645 -0.465998 2.391225 -0.523393 -0.461247 2.385730 -0.492671 -0.502448 2.391224 -0.500719 -0.505320 2.399828 -0.497551 -0.526811 2.399828 -0.489017 -0.527238 2.391224 -0.608763 -0.521244 2.399828 -0.617297 -0.520817 2.391225 -0.502849 -0.547878 2.399828 -0.495127 -0.551539 2.391226 -0.603466 -0.500176 2.399829 -0.611187 -0.496516 2.391225 -0.515806 -0.565315 2.399829 -0.510072 -0.571652 2.391226 -0.590508 -0.482740 2.399828 -0.596242 -0.476402 2.391226 -0.534449 -0.576465 2.399828 -0.531577 -0.584516 2.391227 -0.571865 -0.471589 2.399828 -0.574736 -0.463542 2.391223 
						-0.555940 -0.579633 2.399828 -0.556368 -0.588169 2.391226 -0.550374 -0.468422 2.399828 -0.529306 -0.473720 2.399828 -0.577008 -0.574335 2.399828 -0.580669 -0.582059 2.391227 -0.511870 -0.486677 2.399828 -0.505534 -0.480944 2.391224 -0.500719 -0.505320 2.399828 -0.492671 -0.502448 2.391225 -0.486692 -0.555538 2.377595 -0.490376 -0.553792 2.385730 -0.506545 -0.575552 2.385731 -0.503811 -0.578574 2.377595 -0.576503 -0.458589 2.385729 -0.556630 -0.593421 2.385731 -0.582923 -0.586812 2.385733 -0.501634 -0.477417 2.385729 -0.604682 -0.570640 2.385731 -0.487718 -0.500681 2.385730 -0.618596 -0.547374 2.385730 -0.487718 -0.500681 2.385729 -0.483765 -0.527501 2.385730 -0.622549 -0.520554 2.385729 -0.615938 -0.494263 2.385730 -0.599768 -0.472505 2.385729 -0.529811 -0.589467 2.385730 -0.607706 -0.573376 2.369213 -0.607655 -0.573329 2.377580 -0.622379 -0.548723 2.377581 -0.622380 -0.548724 2.369232 -0.619621 -0.492517 2.377595 -0.602502 -0.469482 2.377594 -0.528442 -0.593304 2.377594 -0.577873 -0.454750 2.377594 -0.556834 -0.597494 2.377595 -0.549480 -0.450565 2.377594 -0.521647 -0.457565 2.377594 -0.584639 -0.590432 2.377579 -0.498612 -0.474683 2.377594 -0.483879 -0.499312 2.377595 -0.483879 -0.499312 2.377595 -0.479695 -0.527705 2.377594 -0.626619 -0.520350 2.377594 -0.575912 -0.460247 2.361318 -0.577871 -0.454755 2.369216 -0.549480 -0.450567 2.369215 -0.549772 -0.456395 2.361319 -0.483879 -0.499312 2.369214 -0.479695 -0.527704 2.369215 -0.626620 -0.520350 2.369214 -0.486691 -0.555539 2.369213 -0.619624 -0.492516 2.369213 -0.503811 -0.578574 2.369214 -0.602503 -0.469481 2.369214 -0.528442 -0.593303 2.369215 -0.556834 -0.597492 2.369213 -0.521648 -0.457566 2.369215 -0.584636 -0.590426 2.369237 -0.498612 -0.474683 2.369215 -0.483879 -0.499312 2.369214 -0.602305 -0.500726 2.353664 -0.614268 -0.495055 2.361413 -0.598583 -0.473814 2.361324 
						-0.589647 -0.483692 2.353665 -0.556542 -0.591662 2.361317 -0.582167 -0.585218 2.361317 -0.524147 -0.462837 2.361318 -0.502941 -0.478599 2.361321 -0.603376 -0.569458 2.361317 -0.489376 -0.501273 2.361318 -0.616891 -0.546765 2.361372 -0.489376 -0.501273 2.361318 -0.485539 -0.527412 2.361335 -0.620781 -0.520642 2.361328 -0.492036 -0.553005 2.361400 -0.507737 -0.574234 2.361335 -0.530402 -0.587808 2.361318 -0.518657 -0.511719 2.337503 -0.501933 -0.505753 2.353672 -0.498836 -0.526746 2.353668 -0.516572 -0.525859 2.337502 -0.516669 -0.564361 2.353668 -0.534882 -0.575252 2.353671 -0.571432 -0.472803 2.353671 -0.555876 -0.578346 2.353671 -0.550438 -0.469709 2.353671 -0.529859 -0.474885 2.353673 -0.576456 -0.573171 2.353671 -0.512826 -0.487542 2.353673 -0.593488 -0.560514 2.353672 -0.501933 -0.505753 2.353672 -0.604382 -0.542303 2.353670 -0.607477 -0.521308 2.353669 -0.504013 -0.547327 2.353670 -0.608757 -0.521244 2.420581 -0.603459 -0.500179 2.420581 -0.497557 -0.526810 2.420581 -0.502854 -0.547876 2.420581 -0.605590 -0.542733 2.420581 -0.500725 -0.505322 2.420581 -0.594440 -0.561375 2.420581 -0.511874 -0.486680 2.420581 -0.500725 -0.505322 2.420581 -0.577005 -0.574330 2.420580 -0.529309 -0.473725 2.420581 -0.555940 -0.579627 2.420581 -0.571863 -0.471595 2.420581 -0.550374 -0.468428 2.420581 -0.534451 -0.576460 2.420581 -0.590504 -0.482745 2.420581 -0.515810 -0.565310 2.420581 -0.586257 -0.508335 2.331461 -0.586257 -0.508335 2.337503 -0.577732 -0.496863 2.337503 -0.577732 -0.496863 2.331461 -0.587657 -0.536336 2.337503 -0.589741 -0.522196 2.337503 -0.520058 -0.539720 2.337503 -0.586256 -0.508335 2.337502 -0.528583 -0.551191 2.337502 -0.577732 -0.496863 2.337502 -0.540849 -0.558528 2.337502 -0.565465 -0.489527 2.337503 -0.554988 -0.560612 2.337502 -0.551326 -0.487443 2.337503 -0.537465 -0.490929 2.337502 -0.568849 -0.557126 2.337502 
						-0.525993 -0.499453 2.337503 -0.580321 -0.548602 2.337503 -0.518657 -0.511719 2.337503 -0.514641 -0.510286 2.327764 -0.518656 -0.511719 2.331461 -0.516573 -0.525859 2.331461 -0.512315 -0.526072 2.327764 -0.528582 -0.551193 2.331461 -0.528583 -0.551191 2.337502 -0.540849 -0.558528 2.337502 -0.540848 -0.558529 2.331461 -0.565465 -0.489527 2.337503 -0.565466 -0.489527 2.331461 -0.554988 -0.560612 2.337502 -0.554988 -0.560615 2.331461 -0.551326 -0.487442 2.331461 -0.551326 -0.487443 2.337503 -0.537465 -0.490929 2.337503 -0.537464 -0.490927 2.331461 -0.568849 -0.557126 2.337502 -0.568850 -0.557129 2.331461 -0.525993 -0.499453 2.337503 -0.525993 -0.499453 2.331461 -0.580321 -0.548602 2.337503 -0.580321 -0.548602 2.331461 -0.518657 -0.511719 2.337503 -0.518656 -0.511719 2.331461 -0.587657 -0.536336 2.337503 -0.587660 -0.536337 2.331461 -0.518656 -0.511719 2.331461 -0.518657 -0.511719 2.337503 -0.516572 -0.525859 2.337503 -0.516573 -0.525859 2.331461 -0.589741 -0.522196 2.337503 -0.589742 -0.522196 2.331461 -0.520058 -0.539720 2.337503 -0.520058 -0.539720 2.331461 -0.555328 -0.567397 2.324647 -0.555202 -0.564873 2.327767 -0.570677 -0.560982 2.327767 -0.571760 -0.563267 2.324648 -0.591675 -0.537769 2.327765 -0.587659 -0.536337 2.331463 -0.589742 -0.522196 2.331462 -0.594001 -0.521983 2.327765 -0.520058 -0.539720 2.331461 -0.516205 -0.541546 2.327765 -0.586257 -0.508335 2.331462 -0.590110 -0.506508 2.327766 -0.528582 -0.551192 2.331462 -0.525722 -0.554354 2.327765 -0.577732 -0.496863 2.331462 -0.580593 -0.493700 2.327766 -0.540848 -0.558529 2.331462 -0.539416 -0.562544 2.327765 -0.565466 -0.489527 2.331462 -0.566899 -0.485510 2.327765 -0.554988 -0.560614 2.331463 -0.551113 -0.483183 2.327765 -0.551326 -0.487442 2.331462 -0.537464 -0.490928 2.331462 -0.535639 -0.487077 2.327763 -0.568850 -0.557128 2.331463 -0.525993 -0.499453 2.331461 
						-0.522831 -0.496593 2.327764 -0.580321 -0.548602 2.331461 -0.583484 -0.551463 2.327765 -0.518656 -0.511719 2.331462 -0.514641 -0.510286 2.327765 -0.593256 -0.505017 2.318403 -0.592393 -0.505426 2.324647 -0.582289 -0.491825 2.324648 -0.582929 -0.491118 2.318403 -0.534556 -0.484794 2.324646 -0.520959 -0.494899 2.324646 -0.585357 -0.553158 2.324646 -0.512263 -0.509438 2.324646 -0.594054 -0.538618 2.324647 -0.512263 -0.509438 2.324645 -0.509791 -0.526198 2.324646 -0.596523 -0.521857 2.324646 -0.513922 -0.542629 2.324646 -0.524027 -0.556227 2.324646 -0.538567 -0.564924 2.324646 -0.567748 -0.483129 2.324647 -0.550986 -0.480661 2.324646 -0.593777 -0.538519 2.312745 -0.594946 -0.538936 2.318404 -0.597471 -0.521809 2.318404 -0.596232 -0.521871 2.312744 -0.523389 -0.556932 2.318403 -0.538248 -0.565817 2.318404 -0.568066 -0.482237 2.318404 -0.555375 -0.568348 2.318403 -0.550939 -0.479711 2.318404 -0.534150 -0.483936 2.318404 -0.572151 -0.564092 2.318405 -0.520255 -0.494263 2.318404 -0.586062 -0.553795 2.318403 -0.511370 -0.509120 2.318404 -0.511370 -0.509120 2.318404 -0.508843 -0.526246 2.318404 -0.513065 -0.543035 2.318404 -0.537170 -0.490306 2.307289 -0.534682 -0.485059 2.312746 -0.521175 -0.495094 2.312745 -0.525480 -0.498989 2.307286 -0.510081 -0.526184 2.312744 -0.514185 -0.542504 2.312744 -0.592070 -0.505579 2.312779 -0.524223 -0.556010 2.312744 -0.582056 -0.492083 2.312773 -0.538665 -0.564647 2.312745 -0.567651 -0.483402 2.312742 -0.555313 -0.567106 2.312742 -0.551001 -0.480951 2.312743 -0.571635 -0.563003 2.312742 -0.585141 -0.552962 2.312744 -0.512538 -0.509536 2.312745 -0.512537 -0.509536 2.312745 -0.524556 -0.555641 2.216601 -0.528117 -0.551706 2.307297 -0.540615 -0.559183 2.307297 -0.538831 -0.564182 2.216601 -0.569146 -0.557752 2.307285 -0.580834 -0.549066 2.307286 -0.518006 -0.511487 2.307287 -0.588308 -0.536568 2.307287 
						-0.518006 -0.511487 2.307287 -0.515880 -0.525893 2.307284 -0.590433 -0.522162 2.307285 -0.519433 -0.540016 2.307286 -0.586887 -0.508036 2.307279 -0.528120 -0.551703 2.307288 -0.578195 -0.496351 2.307287 -0.540616 -0.559179 2.307286 -0.565698 -0.488874 2.307284 -0.555023 -0.561302 2.307287 -0.551291 -0.486753 2.307287 -0.602737 -0.521546 2.211358 -0.595733 -0.521896 2.216611 -0.591676 -0.505765 2.216610 -0.598015 -0.502760 2.211359 -0.581757 -0.492413 2.216601 -0.578198 -0.496348 2.307297 -0.565700 -0.488870 2.307297 -0.567481 -0.483874 2.216601 -0.555023 -0.561306 2.307297 -0.555287 -0.566604 2.216601 -0.551025 -0.481451 2.216601 -0.551291 -0.486749 2.307297 -0.537168 -0.490303 2.307297 -0.534893 -0.485506 2.216601 -0.569148 -0.557756 2.307297 -0.571420 -0.562551 2.216601 -0.525477 -0.498987 2.307297 -0.521541 -0.495427 2.216601 -0.580837 -0.549069 2.307297 -0.584769 -0.552627 2.216601 -0.518002 -0.511486 2.307297 -0.513005 -0.509703 2.216601 -0.588312 -0.536569 2.307297 -0.593311 -0.538353 2.216601 -0.513006 -0.509703 2.216601 -0.518002 -0.511486 2.307297 -0.515875 -0.525894 2.307297 -0.510579 -0.526159 2.216601 -0.590438 -0.522161 2.307297 -0.595738 -0.521896 2.216601 -0.519429 -0.540018 2.307297 -0.514633 -0.542292 2.216601 -0.586893 -0.508033 2.307298 -0.591681 -0.505763 2.216601 -0.515142 -0.489638 2.204360 -0.516344 -0.490725 2.211356 -0.506402 -0.507347 2.211356 -0.504877 -0.506803 2.204360 -0.508300 -0.545294 2.211357 -0.514637 -0.542290 2.216610 -0.524558 -0.555639 2.216607 -0.519850 -0.560843 2.211359 -0.581754 -0.492415 2.216609 -0.586461 -0.487213 2.211358 -0.538832 -0.564178 2.216609 -0.536475 -0.570784 2.211358 -0.567480 -0.483878 2.216608 -0.569837 -0.477272 2.211357 -0.555287 -0.566601 2.216607 -0.555638 -0.573608 2.211357 -0.550674 -0.474448 2.211356 -0.551025 -0.481454 2.216607 -0.534895 -0.485509 2.216608 
						-0.531890 -0.479172 2.211356 -0.571418 -0.562547 2.216609 -0.574423 -0.568885 2.211357 -0.521544 -0.495429 2.216609 -0.584767 -0.552625 2.216606 -0.589970 -0.557331 2.211357 -0.513008 -0.509704 2.216606 -0.593307 -0.538352 2.216609 -0.599913 -0.540709 2.211358 -0.506402 -0.507347 2.211356 -0.513008 -0.509704 2.216606 -0.510582 -0.526159 2.216607 -0.503577 -0.526509 2.211356 -0.534077 -0.577506 2.160661 -0.535931 -0.572310 2.204360 -0.555719 -0.575226 2.204360 -0.555995 -0.580740 2.160661 -0.591171 -0.558418 2.204360 -0.601441 -0.541254 2.204361 -0.504877 -0.506803 2.204360 -0.501960 -0.526590 2.204360 -0.604356 -0.521465 2.204361 -0.506834 -0.545989 2.204361 -0.599478 -0.502067 2.204361 -0.518766 -0.562042 2.204360 -0.587547 -0.486013 2.204360 -0.570381 -0.475746 2.204360 -0.550593 -0.472830 2.204360 -0.531196 -0.477708 2.204360 -0.575117 -0.570348 2.204360 -0.613542 -0.521005 2.095551 -0.609867 -0.521189 2.160661 -0.604465 -0.499702 2.160661 -0.607795 -0.498123 2.095551 -0.550317 -0.467316 2.160661 -0.528831 -0.472720 2.160661 -0.572236 -0.470548 2.160661 -0.577481 -0.575335 2.160661 -0.511050 -0.485936 2.160661 -0.595263 -0.562120 2.160661 -0.499678 -0.504948 2.160661 -0.606636 -0.543107 2.160661 -0.499678 -0.504948 2.160661 -0.496446 -0.526866 2.160661 -0.501847 -0.548353 2.160661 -0.515063 -0.566135 2.160661 -0.591249 -0.481920 2.160661 -0.530328 -0.503376 0.248933 -0.508316 -0.483463 2.095551 -0.496210 -0.503711 2.095551 -0.524162 -0.513683 0.248933 -0.498523 -0.549929 2.095551 -0.512593 -0.568866 2.095551 -0.593722 -0.479187 2.095551 -0.532839 -0.580975 2.095551 -0.573473 -0.467079 2.095551 -0.556179 -0.584417 2.095551 -0.550133 -0.463640 2.095551 -0.527254 -0.469394 2.095551 -0.579059 -0.578663 2.095551 -0.597994 -0.564590 2.095551 -0.610103 -0.544344 2.095551 -0.496208 -0.503711 2.095551 -0.492771 -0.527050 2.095551 
						-0.516429 -0.541440 0.240193 -0.525344 -0.537213 0.248948 -0.532508 -0.546852 0.248946 -0.525888 -0.554169 0.240193 -0.575985 -0.544679 0.248933 -0.582152 -0.534372 0.248933 -0.524163 -0.513684 0.248933 -0.522408 -0.525567 0.248932 -0.583902 -0.522489 0.248933 -0.525338 -0.537216 0.248932 -0.580979 -0.510837 0.248932 -0.532505 -0.546856 0.248933 -0.573813 -0.501194 0.248932 -0.542813 -0.553020 0.248933 -0.563502 -0.495031 0.248932 -0.554696 -0.554771 0.248933 -0.551618 -0.493282 0.248933 -0.539970 -0.496213 0.248933 -0.566344 -0.551843 0.248933 -0.588550 -0.556047 0.226620 -0.583298 -0.551296 0.240193 -0.591440 -0.537686 0.240194 -0.598109 -0.540065 0.226619 -0.589894 -0.506611 0.240201 -0.580972 -0.510840 0.248950 -0.573808 -0.501200 0.248950 -0.580415 -0.493896 0.240182 -0.542815 -0.553015 0.248944 -0.539499 -0.562309 0.240193 -0.563499 -0.495037 0.248948 -0.566815 -0.485743 0.240195 -0.554695 -0.554766 0.248944 -0.555189 -0.564623 0.240193 -0.551125 -0.483432 0.240194 -0.551618 -0.493288 0.248945 -0.539972 -0.496218 0.248944 -0.535745 -0.487302 0.240192 -0.566342 -0.551838 0.248945 -0.570569 -0.560755 0.240193 -0.530333 -0.503379 0.248945 -0.523015 -0.496760 0.240193 -0.575981 -0.544675 0.248945 -0.524167 -0.513685 0.248946 -0.514874 -0.510370 0.240193 -0.582146 -0.534370 0.248946 -0.514872 -0.510369 0.240195 -0.524168 -0.513686 0.248945 -0.522415 -0.525566 0.248948 -0.512569 -0.526059 0.240188 -0.583897 -0.522489 0.248946 -0.593753 -0.521996 0.240194 -0.550489 -0.470723 0.214472 -0.550771 -0.476361 0.226619 -0.532712 -0.480903 0.226618 -0.530293 -0.475801 0.214472 -0.508205 -0.507990 0.226619 -0.505490 -0.526414 0.226619 -0.600823 -0.521642 0.226619 -0.510032 -0.544473 0.226619 -0.596283 -0.503581 0.226620 -0.521138 -0.559421 0.226619 -0.585176 -0.488634 0.226619 -0.537120 -0.568980 0.226619 -0.569193 -0.479078 0.226618 
						-0.555543 -0.571695 0.226620 -0.573602 -0.567151 0.226618 -0.517765 -0.492010 0.226619 -0.508205 -0.507990 0.226619 -0.502650 -0.547973 0.203752 -0.504929 -0.546892 0.214473 -0.517350 -0.563608 0.214473 -0.515657 -0.565479 0.203753 -0.571091 -0.473757 0.214473 -0.555825 -0.577331 0.214472 -0.576022 -0.572256 0.214473 -0.513578 -0.488222 0.214472 -0.592736 -0.559834 0.214473 -0.502889 -0.506094 0.214472 -0.603427 -0.541962 0.214473 -0.502888 -0.506094 0.214472 -0.499851 -0.526696 0.214473 -0.606463 -0.521359 0.214473 -0.601383 -0.501163 0.214473 -0.588962 -0.484449 0.214472 -0.535223 -0.574297 0.214473 -0.594608 -0.561526 0.191602 -0.594608 -0.561526 0.203753 -0.605799 -0.542808 0.203752 -0.605802 -0.542809 0.191602 -0.603659 -0.500084 0.203752 -0.590654 -0.482579 0.203752 -0.534375 -0.576671 0.203752 -0.571939 -0.471382 0.203753 -0.555951 -0.579854 0.203753 -0.550362 -0.468202 0.203753 -0.529213 -0.473523 0.203752 -0.577102 -0.574534 0.203753 -0.511708 -0.486530 0.203752 -0.500514 -0.505247 0.203752 -0.500514 -0.505247 0.203752 -0.497333 -0.526822 0.203752 -0.608981 -0.521233 0.203752 -0.570636 -0.475033 0.177308 -0.571939 -0.471381 0.191602 -0.550362 -0.468202 0.191602 -0.550556 -0.472073 0.177308 -0.500514 -0.505247 0.191602 -0.497333 -0.526822 0.191602 -0.608979 -0.521233 0.191603 -0.502649 -0.547973 0.191602 -0.603661 -0.500084 0.191603 -0.515658 -0.565478 0.191602 -0.590653 -0.482580 0.191603 -0.534375 -0.576672 0.191602 -0.555951 -0.579854 0.191602 -0.529213 -0.473523 0.191602 -0.577103 -0.574536 0.191602 -0.511709 -0.486531 0.191603 -0.500514 -0.505246 0.191602 -0.590947 -0.506111 0.163730 -0.600163 -0.501742 0.177307 -0.588056 -0.485450 0.177307 -0.581174 -0.493058 0.163787 -0.555757 -0.575982 0.177308 -0.575441 -0.571032 0.177308 -0.530873 -0.477024 0.177309 -0.514582 -0.489131 0.177310 -0.591733 -0.558926 0.177308 
						-0.504163 -0.506548 0.177309 -0.602153 -0.541507 0.177308 -0.504164 -0.506549 0.177309 -0.501201 -0.526628 0.177308 -0.605112 -0.521427 0.177308 -0.506151 -0.546313 0.177308 -0.518258 -0.562604 0.177308 -0.535677 -0.573022 0.177308 -0.525240 -0.514068 0.154348 -0.513772 -0.509977 0.163736 -0.511458 -0.526115 0.163799 -0.523547 -0.525510 0.154339 -0.525101 -0.555040 0.163732 -0.539105 -0.563415 0.163733 -0.567212 -0.484632 0.163725 -0.555247 -0.565794 0.163733 -0.551066 -0.482260 0.163732 -0.535243 -0.486243 0.163735 -0.571072 -0.561815 0.163733 -0.522146 -0.495973 0.163735 -0.584170 -0.552084 0.163732 -0.513778 -0.509979 0.163742 -0.592546 -0.538080 0.163731 -0.594926 -0.521937 0.163731 -0.515416 -0.541920 0.163783 -0.554044 -0.541750 0.000009 -0.554639 -0.553637 0.154355 -0.565856 -0.550814 0.154355 -0.560758 -0.540061 0.000009 -0.581074 -0.533987 0.154348 -0.582763 -0.522546 0.154344 -0.526373 -0.536726 0.154346 -0.579947 -0.511326 0.154338 -0.533271 -0.546009 0.154346 -0.573047 -0.502041 0.154337 -0.543197 -0.551945 0.154347 -0.563119 -0.496103 0.154338 -0.554639 -0.553632 0.154346 -0.551675 -0.494424 0.154347 -0.540460 -0.497246 0.154350 -0.565854 -0.550810 0.154348 -0.531176 -0.504142 0.154348 -0.575139 -0.543914 0.154345 -0.525236 -0.514067 0.154343 -0.545553 -0.507990 0.000009 -0.540458 -0.497243 0.154356 -0.531173 -0.504140 0.154355 -0.539891 -0.512026 -0.000002 -0.575143 -0.543918 0.154355 -0.566314 -0.535931 0.000009 -0.525231 -0.514064 0.154355 -0.536302 -0.518014 -0.000003 -0.581078 -0.533989 0.154355 -0.570017 -0.530043 -0.000003 -0.536301 -0.518014 -0.000003 -0.525236 -0.514066 0.154355 -0.523539 -0.525510 0.154355 -0.535280 -0.524922 -0.000003 -0.582770 -0.522545 0.154355 -0.571032 -0.523133 -0.000003 -0.526368 -0.536728 0.154355 -0.536995 -0.531690 -0.000002 -0.579955 -0.511323 0.154354 -0.569309 -0.516370 -0.000001 
						-0.533268 -0.546013 0.154355 -0.541253 -0.537186 0.000009 -0.573053 -0.502034 0.154354 -0.565159 -0.510760 -0.000002 -0.543195 -0.551949 0.154355 -0.547194 -0.540740 0.000009 -0.563122 -0.496095 0.154354 -0.559119 -0.507315 0.000009 -0.552269 -0.506305 0.000009 -0.551675 -0.494419 0.154355 0.000000 0.042472 0.915778 0.000000 0.000000 0.915778 0.042472 0.000000 0.915778 0.185905 0.034682 0.915778 0.320744 0.120528 0.915778 0.412863 0.235810 0.915771 0.629653 0.499031 0.915804 0.617221 0.545759 0.915801 0.583254 0.580594 0.915800 0.536855 0.594202 0.915802 0.239276 0.405116 0.915743 0.122277 0.316759 0.915781 0.035207 0.184796 0.915778 0.000000 -0.042472 0.915778 0.035207 -0.184796 0.915778 0.122277 -0.316759 0.915781 0.239276 -0.405116 0.915803 0.501396 -0.626270 0.915809 0.547796 -0.612662 0.915810 0.581762 -0.577827 0.915810 0.594195 -0.531099 0.915718 0.412863 -0.235810 0.915762 0.320744 -0.120528 0.915779 0.185905 -0.034682 0.915778 -0.591849 0.525103 0.915754 -0.412863 0.235810 0.915710 -0.320744 0.120528 0.915778 -0.185905 0.034682 0.915778 -0.042472 0.000000 0.915778 -0.035207 0.184796 0.915778 -0.122277 0.316759 0.915778 -0.239276 0.405116 0.915687 -0.499050 0.620274 0.915768 -0.545449 0.606666 0.915746 -0.579416 0.571831 0.915777 -0.375241 -0.086069 0.915734 -0.412863 -0.235810 0.915763 -0.320744 -0.120528 0.915778 -0.316515 -0.039627 0.915778 -0.185905 -0.034682 0.915778 -0.254439 0.000000 0.915778 -0.316515 0.039627 0.915778 -0.375241 0.086069 0.915795 0.375241 0.086069 0.915702 0.316515 0.039627 0.915778 0.254439 0.000000 0.915779 0.316515 -0.039627 0.915778 0.375241 -0.086069 0.915778 0.087375 -0.370144 0.915796 0.040220 -0.313392 0.915778 -0.000000 -0.252656 0.915778 -0.035207 -0.184796 0.915778 -0.122277 -0.316759 0.915779 -0.040220 -0.313392 0.915778 
						-0.239276 -0.405116 0.915796 -0.087375 -0.370144 0.915747 -0.087375 0.370144 0.915774 -0.040220 0.313392 0.915779 0.000000 0.252655 0.915779 0.040220 0.313392 0.915784 0.087375 0.370144 0.915778 -0.628610 -0.498248 0.915711 -0.616178 -0.544976 0.915730 -0.582211 -0.579811 0.915760 -0.535812 -0.593419 0.915758 0.042472 0.000000 0.866240 0.000000 -0.000000 0.866240 0.000000 0.042472 0.866240 0.035207 0.184796 0.866240 0.122277 0.316759 0.866240 0.239276 0.405116 0.866281 0.536855 0.594202 0.866216 0.583254 0.580594 0.866221 0.617221 0.545759 0.866219 0.629653 0.499031 0.866210 0.412863 0.235810 0.866346 0.320744 0.120528 0.866240 0.185905 0.034682 0.866240 0.035207 -0.184796 0.866240 0.000000 -0.042472 0.866240 0.185905 -0.034682 0.866240 0.320744 -0.120528 0.866240 0.412863 -0.235810 0.866223 0.594195 -0.531099 0.866228 0.581762 -0.577827 0.866302 0.547796 -0.612662 0.866278 0.501396 -0.626270 0.866214 0.239276 -0.405116 0.866222 0.122277 -0.316759 0.866239 -0.320744 0.120528 0.866240 -0.412863 0.235810 0.866267 -0.591849 0.525103 0.866220 -0.579416 0.571831 0.866218 -0.545449 0.606666 0.866249 -0.499050 0.620274 0.866218 -0.239276 0.405116 0.866313 -0.122277 0.316759 0.866240 -0.035207 0.184796 0.866240 -0.042472 0.000000 0.866240 -0.185905 0.034682 0.866240 -0.320744 -0.120528 0.866240 -0.412863 -0.235810 0.866224 -0.375241 -0.086069 0.866288 -0.316515 -0.039627 0.866240 -0.185905 -0.034682 0.866240 -0.254439 0.000000 0.866240 -0.316515 0.039627 0.866240 -0.375241 0.086069 0.866253 0.375241 0.086069 0.866295 0.316515 0.039627 0.866240 0.254439 0.000000 0.866240 0.316515 -0.039627 0.866240 0.375241 -0.086069 0.866223 0.087375 -0.370144 0.866224 0.040220 -0.313392 0.866240 -0.000000 -0.252656 0.866240 -0.035207 -0.184796 0.866240 -0.122277 -0.316759 0.866240 
						-0.040220 -0.313392 0.866240 -0.087375 -0.370144 0.866224 -0.239276 -0.405116 0.866226 -0.087375 0.370144 0.866345 -0.040220 0.313392 0.866240 0.000000 0.252655 0.866239 0.040220 0.313392 0.866235 0.087375 0.370144 0.866357 -0.616178 -0.544976 0.866216 -0.628610 -0.498248 0.866232 -0.535812 -0.593419 0.866262 -0.582211 -0.579811 0.866259 -0.616198 -0.544988 0.866240 -0.616138 -0.544954 0.915778 -0.628515 -0.498223 0.915778 -0.628618 -0.498250 0.866240 -0.582201 -0.579795 0.866240 -0.582178 -0.579756 0.915778 -0.535805 -0.593398 0.866240 -0.535794 -0.593361 0.915778 0.547776 -0.612629 0.866240 0.547808 -0.612683 0.915778 0.501403 -0.626294 0.915778 0.501404 -0.626296 0.866240 0.581708 -0.577797 0.866240 0.581715 -0.577801 0.915778 0.594207 -0.531102 0.866240 0.594156 -0.531089 0.915778 -0.545444 0.606658 0.866240 -0.545440 0.606651 0.915778 -0.499016 0.620157 0.915778 -0.499056 0.620295 0.866240 -0.579435 0.571842 0.866240 -0.579433 0.571840 0.915778 -0.591868 0.525108 0.866240 -0.591855 0.525105 0.915778 0.617238 0.545769 0.866240 0.617241 0.545770 0.915778 0.629678 0.499037 0.915778 0.629682 0.499038 0.866240 0.583263 0.580610 0.866240 0.583266 0.580613 0.915778 0.536861 0.594225 0.866240 0.536861 0.594225 0.915778 -0.412878 -0.235803 0.866240 -0.412844 -0.235820 0.915778 -0.375180 -0.086077 0.915778 -0.375194 -0.086075 0.866240 -0.375229 0.086071 0.866240 -0.375265 0.086066 0.915778 -0.412870 0.235807 0.915778 -0.412839 0.235821 0.866240 0.412769 0.235858 0.866240 0.412878 0.235803 0.915778 0.375193 0.086075 0.915778 0.375187 0.086076 0.866240 0.375258 -0.086067 0.866240 0.375182 -0.086077 0.915778 0.412779 -0.235846 0.915778 0.412878 -0.235804 0.866240 0.239268 -0.405132 0.866240 0.239265 -0.405138 0.915778 0.087373 -0.370160 0.915778 0.087373 -0.370160 0.866240 
						-0.087373 -0.370160 0.866240 -0.087378 -0.370115 0.915778 -0.239292 -0.405078 0.915778 -0.239270 -0.405129 0.866240 -0.239308 0.405050 0.866240 -0.239295 0.405076 0.915778 -0.087373 0.370161 0.915778 -0.087387 0.370039 0.866240 0.087388 0.370028 0.866240 0.087374 0.370154 0.915778 0.239280 0.405107 0.915778 0.239292 0.405078 0.866240 -0.628616 -0.498244 0.866240 -0.628537 -0.498309 0.915778 -0.535857 -0.593349 0.915778 -0.535824 -0.593401 0.866240 -0.591855 0.525099 0.915778 -0.591865 0.525092 0.866240 -0.499036 0.620291 0.866240 -0.499052 0.620272 0.915778 0.629676 0.499012 0.866240 0.629672 0.499015 0.915778 0.536842 0.594221 0.915778 0.536842 0.594222 0.866240 0.501379 -0.626290 0.866240 0.501404 -0.626261 0.915778 0.594154 -0.531125 0.915778 0.594205 -0.531093 0.866240 
					</float_array>
					<technique_common>
						<accessor count="4316" offset="0" source="#meshId0-positions-array" stride="3">
							<param name="X" type="float" />
							<param name="Y" type="float" />
							<param name="Z" type="float" />
						</accessor>
					</technique_common>
				</source>
				<source id="meshId0-normals" name="meshId0-normals">
					<float_array id="meshId0-normals-array" count="12948"> 
						-0.000001 0.000000 -1.000000 -0.000001 0.000000 -1.000000 0.000000 0.000000 -1.000000 0.000000 0.000000 -1.000000 0.000000 -0.000000 1.000000 -0.000030 -0.000125 1.000000 -0.000000 -0.000129 1.000000 0.239317 0.970942 -0.000000 0.000000 1.000000 0.000000 0.000000 1.000000 0.000000 0.239317 0.970942 -0.000000 -0.000002 0.000000 -1.000000 -0.000002 0.000000 -1.000000 0.000000 0.000000 -1.000000 0.000000 0.000000 -1.000000 -0.000061 -0.000114 1.000000 0.464724 0.885455 0.000000 0.464724 0.885455 0.000000 0.000001 0.000000 -1.000000 0.000001 0.000000 -1.000000 0.000001 0.000000 -1.000000 0.000001 0.000000 -1.000000 -0.000086 -0.000096 1.000000 0.663123 0.748510 0.000000 0.663123 0.748510 0.000000 -0.000000 0.000000 -1.000000 -0.000000 0.000000 -1.000000 0.000000 0.000000 -1.000000 0.000000 0.000000 -1.000000 -0.000106 -0.000073 1.000000 0.822984 0.568065 0.000000 0.822984 0.568065 0.000000 -0.000000 0.000000 -1.000000 -0.000000 0.000000 -1.000000 -0.000000 0.000000 -1.000000 -0.000000 0.000000 -1.000000 -0.000120 -0.000046 1.000000 0.935016 0.354605 0.000000 0.935016 0.354605 0.000000 -0.000001 0.000000 -1.000000 -0.000001 0.000000 -1.000000 -0.000001 0.000000 -1.000000 -0.000001 0.000000 -1.000000 -0.000128 -0.000016 1.000000 0.992709 0.120537 -0.000000 0.992709 0.120537 -0.000000 0.000000 0.000000 -1.000000 -0.000000 0.000000 -1.000000 0.000002 0.000000 -1.000000 0.000002 0.000000 -1.000000 -0.000128 0.000016 1.000000 0.992709 -0.120537 0.000000 0.992709 -0.120537 0.000000 -0.000000 0.000000 -1.000000 -0.000000 0.000000 -1.000000 0.000001 0.000000 -1.000000 0.000001 0.000000 -1.000000 -0.000120 0.000046 1.000000 0.935016 -0.354605 -0.000000 0.935016 -0.354605 -0.000000 0.000000 0.000000 -1.000000 0.000000 0.000000 -1.000000 -0.000106 0.000073 1.000000 0.822984 -0.568065 0.000000 
						0.822984 -0.568065 0.000000 0.000001 0.000000 -1.000000 0.000001 0.000000 -1.000000 -0.000086 0.000096 1.000000 0.663123 -0.748510 -0.000000 0.663123 -0.748510 -0.000000 -0.000001 0.000000 -1.000000 -0.000001 0.000000 -1.000000 -0.000061 0.000114 1.000000 0.464724 -0.885455 0.000000 0.464724 -0.885455 0.000000 -0.000001 0.000000 -1.000000 -0.000001 0.000000 -1.000000 -0.000030 0.000125 1.000000 0.239317 -0.970942 0.000000 0.239317 -0.970942 0.000000 -0.000000 0.000000 -1.000000 -0.000000 0.000000 -1.000000 0.000000 0.000129 1.000000 0.000000 -1.000000 0.000000 0.000000 -1.000000 0.000000 0.000001 0.000000 -1.000000 0.000001 0.000000 -1.000000 0.000030 0.000125 1.000000 -0.239317 -0.970942 0.000000 -0.239317 -0.970942 0.000000 0.000001 0.000000 -1.000000 0.000001 0.000000 -1.000000 0.000061 0.000114 1.000000 -0.464724 -0.885455 0.000000 -0.464724 -0.885455 0.000000 -0.000001 0.000000 -1.000000 -0.000001 0.000000 -1.000000 0.000086 0.000096 1.000000 -0.663123 -0.748510 -0.000000 -0.663123 -0.748510 -0.000000 0.000106 0.000073 1.000000 -0.822984 -0.568065 0.000000 -0.822984 -0.568065 0.000000 0.000120 0.000046 1.000000 -0.935016 -0.354605 -0.000000 -0.935016 -0.354605 -0.000000 0.000128 0.000016 1.000000 -0.992709 -0.120537 0.000000 -0.992709 -0.120537 0.000000 0.000128 -0.000016 1.000000 -0.992709 0.120537 -0.000000 -0.992709 0.120537 -0.000000 0.000120 -0.000046 1.000000 -0.935016 0.354605 0.000000 -0.935016 0.354605 0.000000 0.000000 0.000000 -1.000000 0.000000 0.000000 -1.000000 0.000106 -0.000073 1.000000 -0.822984 0.568065 0.000000 -0.822984 0.568065 0.000000 0.000086 -0.000096 1.000000 -0.663123 0.748510 0.000000 -0.663123 0.748510 0.000000 0.000000 0.000000 -1.000000 0.000000 0.000000 -1.000000 0.000061 -0.000114 1.000000 -0.464724 0.885455 0.000000 -0.464724 0.885455 0.000000 
						0.000030 -0.000125 1.000000 -0.239317 0.970942 -0.000000 -0.239317 0.970942 -0.000000 -0.663123 -0.748511 0.000000 -0.663123 -0.748511 0.000000 -0.822984 -0.568065 0.000000 -0.822984 -0.568065 0.000000 0.239316 0.970942 0.000000 0.239316 0.970942 0.000000 0.464723 0.885456 0.000000 0.464723 0.885456 0.000000 0.239316 -0.970942 0.000000 0.239316 -0.970942 0.000000 0.000000 -1.000000 0.000000 0.000000 -1.000000 0.000000 -0.663123 0.748511 0.000000 -0.663123 0.748511 0.000000 -0.464723 0.885456 0.000000 -0.464723 0.885456 0.000000 -0.992709 -0.120537 0.000000 -0.992709 -0.120537 0.000000 -0.992709 0.120537 0.000000 -0.992709 0.120537 0.000000 -0.464723 -0.885456 0.000000 -0.464723 -0.885456 0.000000 0.000000 1.000000 0.000000 0.000000 1.000000 0.000000 0.464723 -0.885456 0.000000 0.464723 -0.885456 0.000000 -0.822984 0.568065 0.000000 -0.822984 0.568065 0.000000 -0.935016 -0.354605 -0.000000 -0.935016 -0.354605 -0.000000 0.663123 0.748511 0.000000 0.663123 0.748511 0.000000 0.822984 0.568065 0.000000 0.822984 0.568065 0.000000 -0.239316 -0.970942 0.000000 -0.239316 -0.970942 0.000000 0.663123 -0.748511 0.000000 0.663123 -0.748511 0.000000 -0.935016 0.354605 0.000000 -0.935016 0.354605 0.000000 -0.239316 0.970942 0.000000 -0.239316 0.970942 0.000000 0.822984 -0.568065 0.000000 0.822984 -0.568065 0.000000 -0.992709 0.120537 0.000000 -0.992709 0.120537 0.000000 0.207044 0.839999 0.501532 0.191243 0.775887 0.601187 0.371374 0.707575 0.601182 0.402057 0.766041 0.501529 0.207044 -0.839999 0.501532 0.191243 -0.775887 0.601187 0.000000 -0.799106 0.601190 0.000000 -0.865137 0.501535 -0.573695 0.647564 0.501532 -0.529906 0.598140 0.601189 -0.371374 0.707575 0.601182 -0.402057 0.766041 0.501529 0.808922 -0.306781 0.501528 0.747191 -0.283362 0.601175 0.657656 -0.453942 0.601187 
						0.711996 -0.491454 0.501532 -0.858833 -0.104280 0.501530 -0.793292 -0.096320 0.601174 -0.793284 0.096323 0.601184 -0.858831 0.104281 0.501533 0.711996 0.491454 0.501532 0.657656 0.453942 0.601187 0.747183 0.283365 0.601184 0.808920 0.306781 0.501532 -0.402057 -0.766041 0.501529 -0.371374 -0.707575 0.601182 -0.529906 -0.598140 0.601189 -0.573695 -0.647564 0.501532 0.000000 0.865137 0.501535 0.000000 0.799106 0.601190 0.402057 -0.766041 0.501529 0.371374 -0.707575 0.601182 -0.711996 0.491454 0.501532 -0.657656 0.453942 0.601187 0.858833 -0.104280 0.501530 0.793292 -0.096320 0.601174 -0.808922 -0.306781 0.501529 -0.747191 -0.283362 0.601175 0.573695 0.647564 0.501532 0.529906 0.598140 0.601189 -0.207044 -0.839999 0.501532 -0.191243 -0.775887 0.601187 0.573695 -0.647564 0.501532 0.529906 -0.598140 0.601189 -0.808920 0.306781 0.501532 -0.747183 0.283365 0.601184 0.858831 0.104281 0.501533 0.793284 0.096323 0.601184 -0.207044 0.839999 0.501532 -0.191243 0.775887 0.601187 -0.711996 -0.491454 0.501532 -0.657656 -0.453942 0.601187 -0.858831 0.104281 0.501533 -0.793284 0.096323 0.601184 0.234456 0.951223 0.200510 0.455286 0.867474 0.200510 0.234456 -0.951223 0.200510 0.000000 -0.979692 0.200510 -0.649657 0.733309 0.200509 -0.455286 0.867473 0.200510 0.916027 -0.347403 0.200512 0.806271 -0.556527 0.200511 -0.972548 -0.118090 0.200514 -0.972548 0.118089 0.200513 0.806271 0.556527 0.200511 0.916028 0.347402 0.200511 -0.455286 -0.867474 0.200510 -0.649657 -0.733309 0.200509 0.000000 0.979692 0.200510 0.455286 -0.867474 0.200510 -0.806271 0.556527 0.200511 0.972548 -0.118090 0.200514 -0.916027 -0.347403 0.200512 0.649657 0.733309 0.200509 -0.234456 -0.951223 0.200510 0.649657 -0.733309 0.200509 -0.916028 0.347402 0.200511 0.972548 0.118089 0.200513 -0.234456 0.951223 0.200510 
						-0.806271 -0.556527 0.200511 -0.972548 0.118089 0.200513 0.236589 -0.959879 -0.150524 0.000000 -0.988606 -0.150525 -0.655566 0.739984 -0.150524 -0.459425 0.875369 -0.150524 0.924364 -0.350562 -0.150523 0.813608 -0.561591 -0.150524 -0.981399 -0.119162 -0.150521 -0.981399 0.119163 -0.150522 0.813608 0.561591 -0.150524 0.924363 0.350563 -0.150525 -0.459425 -0.875369 -0.150524 -0.655566 -0.739984 -0.150524 0.000000 0.988606 -0.150525 0.236589 0.959879 -0.150524 0.459425 -0.875369 -0.150524 -0.813608 0.561591 -0.150524 0.981399 -0.119162 -0.150521 -0.924364 -0.350562 -0.150523 0.655566 0.739984 -0.150524 -0.236589 -0.959879 -0.150524 0.655566 -0.739984 -0.150524 -0.924363 0.350563 -0.150525 0.981399 0.119163 -0.150522 -0.236589 0.959879 -0.150524 -0.813608 -0.561591 -0.150524 0.459425 0.875369 -0.150524 -0.981399 0.119163 -0.150522 -0.581279 0.656130 -0.481257 -0.407366 0.776172 -0.481258 0.819616 -0.310839 -0.481258 0.721409 -0.497955 -0.481259 -0.870190 -0.105659 -0.481254 -0.870189 0.105660 -0.481255 0.721409 0.497955 -0.481259 0.819615 0.310840 -0.481259 -0.407366 -0.776172 -0.481258 -0.581279 -0.656129 -0.481257 -0.000000 0.876579 -0.481258 0.209779 0.851107 -0.481258 0.407366 -0.776172 -0.481258 0.209780 -0.851107 -0.481258 -0.721409 0.497955 -0.481259 0.870190 -0.105659 -0.481254 -0.819616 -0.310839 -0.481258 0.581279 0.656130 -0.481257 -0.209779 -0.851107 -0.481258 0.581279 -0.656129 -0.481257 -0.819615 0.310840 -0.481259 0.870189 0.105660 -0.481255 -0.209780 0.851107 -0.481258 -0.721409 -0.497955 -0.481259 0.407366 0.776172 -0.481258 0.000000 -0.876579 -0.481258 -0.870189 0.105660 -0.481255 0.704029 -0.267002 -0.658068 0.619672 -0.427729 -0.658069 -0.747470 -0.090759 -0.658067 -0.747470 0.090759 -0.658067 0.619672 0.427729 -0.658069 0.704029 0.267002 -0.658068 -0.349919 -0.666711 -0.658067 -0.499304 -0.563599 -0.658067 
						-0.000001 0.752959 -0.658068 0.180195 0.731078 -0.658069 0.349919 -0.666711 -0.658067 0.180196 -0.731078 -0.658069 -0.619672 0.427729 -0.658069 -0.499304 0.563599 -0.658067 0.747470 -0.090759 -0.658067 -0.704029 -0.267002 -0.658068 0.499304 0.563599 -0.658067 -0.180195 -0.731078 -0.658069 0.499304 -0.563599 -0.658067 -0.704029 0.267002 -0.658068 0.747470 0.090759 -0.658067 -0.180196 0.731078 -0.658069 -0.619672 -0.427729 -0.658069 0.349919 0.666711 -0.658067 0.000001 -0.752959 -0.658068 -0.349919 0.666711 -0.658067 -0.747470 0.090759 -0.658067 -0.000000 0.000000 -1.000000 -0.000001 0.000000 -1.000000 0.000001 0.000000 -1.000000 0.000000 0.000000 -1.000000 -0.000000 0.000000 -1.000000 -0.000000 0.000000 -1.000000 0.000000 0.000000 -1.000000 0.000000 0.000000 -1.000000 -0.000000 0.000000 -1.000000 -0.000000 0.000000 -1.000000 0.000000 0.000000 -1.000000 0.000001 0.000000 -1.000000 -0.000001 0.000000 -1.000000 0.000000 0.000000 -1.000000 0.000001 0.000000 -1.000000 -0.000001 0.000000 -1.000000 -0.000000 0.000000 -1.000000 0.000000 0.000000 -1.000000 0.000000 0.000000 -1.000000 0.000000 0.000000 -1.000000 0.000000 0.000000 -1.000000 0.000000 0.000000 -1.000000 0.000000 0.000000 -1.000000 -0.000000 0.000000 -1.000000 -0.000001 0.000000 -1.000000 0.000001 0.000000 -1.000000 0.000000 0.000000 -1.000000 0.000000 0.000814 1.000000 0.000000 0.000814 1.000000 0.000195 0.000791 1.000000 0.000195 0.000791 1.000000 0.000378 0.000721 1.000000 0.000378 0.000721 1.000000 0.000540 0.000610 1.000000 0.000540 0.000610 1.000000 0.000671 0.000463 1.000000 0.000671 0.000463 1.000000 0.000761 0.000289 1.000000 0.000761 0.000289 1.000000 0.000808 0.000098 1.000000 0.000808 0.000098 1.000000 0.000808 -0.000098 1.000000 0.000808 -0.000098 1.000000 0.000761 -0.000289 1.000000 0.000761 -0.000289 1.000000 
						0.000671 -0.000463 1.000000 0.000671 -0.000463 1.000000 0.000540 -0.000610 1.000000 0.000540 -0.000610 1.000000 0.000378 -0.000721 1.000000 0.000378 -0.000721 1.000000 0.000195 -0.000791 1.000000 0.000195 -0.000791 1.000000 0.000000 -0.000814 1.000000 0.000000 -0.000814 1.000000 -0.000195 -0.000791 1.000000 -0.000195 -0.000791 1.000000 -0.000378 -0.000721 1.000000 -0.000378 -0.000721 1.000000 -0.000540 -0.000610 1.000000 -0.000540 -0.000610 1.000000 -0.000671 -0.000463 1.000000 -0.000671 -0.000463 1.000000 -0.000761 -0.000289 1.000000 -0.000761 -0.000289 1.000000 -0.000808 -0.000098 1.000000 -0.000808 -0.000098 1.000000 -0.000808 0.000098 1.000000 -0.000808 0.000098 1.000000 -0.000761 0.000289 1.000000 -0.000761 0.000289 1.000000 -0.000671 0.000463 1.000000 -0.000671 0.000463 1.000000 -0.000540 0.000610 1.000000 -0.000540 0.000610 1.000000 -0.000378 0.000721 1.000000 -0.000378 0.000721 1.000000 -0.000195 0.000791 1.000000 -0.000195 0.000791 1.000000 0.193449 0.784847 0.588721 0.193449 0.784847 0.588721 0.000000 0.808338 0.588719 0.000000 0.808338 0.588719 0.375653 0.715746 0.588721 0.375653 0.715746 0.588721 0.536031 0.605049 0.588716 0.536031 0.605049 0.588716 0.665247 0.459189 0.588720 0.665248 0.459189 0.588720 0.755801 0.286644 0.588727 0.755801 0.286644 0.588727 0.802435 0.097436 0.588731 0.802435 0.097436 0.588731 0.802441 -0.097433 0.588723 0.802441 -0.097433 0.588723 0.755808 -0.286641 0.588720 0.755808 -0.286641 0.588720 0.665247 -0.459189 0.588720 0.665248 -0.459189 0.588720 0.536031 -0.605049 0.588716 0.536031 -0.605049 0.588716 0.375653 -0.715746 0.588721 0.375653 -0.715746 0.588721 0.193449 -0.784847 0.588721 0.193449 -0.784847 0.588721 0.000000 -0.808338 0.588719 0.000000 -0.808338 0.588719 -0.193449 -0.784847 0.588721 -0.193449 -0.784847 0.588721 
						-0.375653 -0.715746 0.588721 -0.375653 -0.715746 0.588721 -0.536031 -0.605049 0.588716 -0.536031 -0.605049 0.588716 -0.665247 -0.459189 0.588720 -0.665248 -0.459189 0.588720 -0.755808 -0.286641 0.588720 -0.755808 -0.286641 0.588720 -0.802441 -0.097433 0.588723 -0.802441 -0.097433 0.588723 -0.802435 0.097436 0.588731 -0.802435 0.097436 0.588731 -0.755801 0.286644 0.588727 -0.755801 0.286644 0.588727 -0.802435 0.097436 0.588731 -0.802435 0.097436 0.588731 -0.665247 0.459189 0.588720 -0.665248 0.459189 0.588720 -0.536031 0.605049 0.588716 -0.536031 0.605049 0.588716 -0.375653 0.715746 0.588721 -0.375653 0.715746 0.588721 -0.193449 0.784847 0.588721 -0.193449 0.784847 0.588721 0.000000 -0.730514 0.682897 0.000000 -0.730514 0.682898 -0.174821 -0.709284 0.682901 -0.174821 -0.709284 0.682901 -0.339489 -0.646833 0.682901 -0.339490 -0.646833 0.682901 -0.484419 -0.546795 0.682901 -0.484419 -0.546796 0.682901 -0.601202 -0.414978 0.682898 -0.601202 -0.414978 0.682898 -0.683043 -0.259042 0.682898 -0.683043 -0.259042 0.682898 -0.725178 -0.088055 0.682908 -0.725178 -0.088055 0.682908 -0.725178 0.088055 0.682908 -0.725178 0.088055 0.682908 -0.683042 0.259042 0.682898 -0.683042 0.259042 0.682898 -0.601201 0.414977 0.682899 -0.601202 0.414977 0.682899 -0.484413 0.546798 0.682903 -0.484413 0.546798 0.682903 -0.339484 0.646836 0.682901 -0.339484 0.646836 0.682901 -0.174822 0.709285 0.682900 -0.174822 0.709285 0.682900 0.000000 0.730514 0.682898 -0.000000 0.730514 0.682898 0.174821 0.709284 0.682901 0.174821 0.709284 0.682901 0.339489 0.646833 0.682901 0.339490 0.646833 0.682901 0.484419 0.546795 0.682901 0.484419 0.546796 0.682901 0.601202 0.414978 0.682898 0.601202 0.414978 0.682898 0.683043 0.259042 0.682898 0.683043 0.259042 0.682898 0.725178 0.088055 0.682908 0.725178 0.088055 0.682908 
						0.725178 -0.088055 0.682908 0.725178 -0.088055 0.682908 0.683042 -0.259042 0.682898 0.683042 -0.259042 0.682898 0.601202 -0.414978 0.682899 0.601202 -0.414977 0.682899 0.484413 -0.546798 0.682903 0.484413 -0.546798 0.682903 0.339484 -0.646836 0.682901 0.339484 -0.646836 0.682901 0.174822 -0.709285 0.682899 0.174822 -0.709285 0.682899 0.192408 0.780613 0.594662 0.192407 0.780613 0.594662 0.000000 0.803990 0.594643 0.000000 0.803990 0.594643 0.373593 0.711880 0.594689 0.373595 0.711879 0.594689 0.533106 0.601797 0.594675 0.533107 0.601796 0.594675 0.661668 0.456712 0.594652 0.661670 0.456708 0.594652 0.751744 0.285082 0.594650 0.751745 0.285081 0.594650 0.798078 0.096904 0.594711 0.798078 0.096904 0.594711 0.798032 -0.096922 0.594769 0.798032 -0.096923 0.594769 0.751694 -0.285099 0.594705 0.751695 -0.285099 0.594705 0.661668 -0.456712 0.594652 0.661670 -0.456708 0.594652 0.533106 -0.601797 0.594675 0.533107 -0.601796 0.594675 0.373593 -0.711880 0.594689 0.373595 -0.711879 0.594689 0.192408 -0.780613 0.594662 0.192407 -0.780613 0.594662 0.000000 -0.803990 0.594643 0.000000 -0.803990 0.594643 -0.192408 -0.780613 0.594662 -0.192407 -0.780613 0.594662 -0.373593 -0.711880 0.594689 -0.373595 -0.711879 0.594689 -0.533106 -0.601797 0.594675 -0.533107 -0.601796 0.594675 -0.661668 -0.456712 0.594652 -0.661670 -0.456708 0.594652 -0.751694 -0.285099 0.594705 -0.751695 -0.285099 0.594705 -0.798032 -0.096922 0.594769 -0.798032 -0.096923 0.594769 -0.798078 0.096904 0.594711 -0.798078 0.096904 0.594711 -0.751744 0.285082 0.594650 -0.751745 0.285081 0.594650 -0.798078 0.096904 0.594711 -0.798078 0.096904 0.594711 -0.661668 0.456712 0.594652 -0.661670 0.456708 0.594652 -0.533106 0.601797 0.594675 -0.533107 0.601796 0.594675 -0.373593 0.711880 0.594689 -0.373595 0.711879 0.594689 
						-0.192408 0.780613 0.594662 -0.192407 0.780613 0.594662 -0.176727 0.716991 0.674308 -0.176727 0.716991 0.674308 -0.000000 0.738448 0.674310 -0.000000 0.738448 0.674310 -0.343178 0.653863 0.674309 -0.343178 0.653862 0.674309 -0.489681 0.552736 0.674312 -0.489681 0.552736 0.674312 -0.607721 0.419490 0.674317 -0.607721 0.419490 0.674317 -0.690450 0.261861 0.674320 -0.690450 0.261861 0.674320 -0.733067 0.089010 0.674307 -0.733067 0.089010 0.674307 -0.733067 -0.089010 0.674307 -0.733067 -0.089010 0.674307 -0.690450 -0.261861 0.674320 -0.690450 -0.261861 0.674320 -0.607721 -0.419490 0.674317 -0.607721 -0.419490 0.674317 -0.489681 -0.552736 0.674312 -0.489681 -0.552736 0.674312 -0.343178 -0.653862 0.674309 -0.343178 -0.653862 0.674309 -0.176727 -0.716990 0.674310 -0.176727 -0.716990 0.674310 0.000000 -0.738448 0.674310 0.000000 -0.738448 0.674310 0.176727 -0.716991 0.674308 0.176727 -0.716991 0.674308 0.343178 -0.653862 0.674309 0.343178 -0.653862 0.674309 0.489681 -0.552736 0.674312 0.489681 -0.552736 0.674312 0.607721 -0.419490 0.674317 0.607721 -0.419490 0.674317 0.690450 -0.261861 0.674320 0.690450 -0.261861 0.674320 0.733067 -0.089010 0.674307 0.733067 -0.089010 0.674307 0.733067 0.089010 0.674307 0.733067 0.089010 0.674307 0.690450 0.261861 0.674320 0.690450 0.261861 0.674320 0.607721 0.419490 0.674317 0.607721 0.419490 0.674317 0.489681 0.552736 0.674312 0.489681 0.552736 0.674312 0.343178 0.653862 0.674309 0.343178 0.653862 0.674309 0.176727 0.716990 0.674310 0.176727 0.716990 0.674310 0.935016 0.354605 0.000000 0.935016 0.354605 0.000000 0.992709 0.120537 0.000000 0.992709 0.120537 0.000000 0.992709 -0.120537 0.000000 0.992709 -0.120537 0.000000 0.935016 -0.354605 -0.000000 0.935016 -0.354605 -0.000000 -0.950711 0.310079 0.000000 -0.997004 -0.077346 0.000000 
						-0.997004 -0.077346 0.000000 -0.950711 0.310079 0.000000 -0.759681 0.650296 0.000000 -0.759681 0.650296 0.000000 -0.452996 0.891512 0.000000 -0.452996 0.891512 0.000000 -0.077347 0.997004 0.000000 -0.452996 0.891512 0.000000 -0.452996 0.891512 0.000000 -0.077347 0.997004 0.000000 0.310077 0.950711 -0.000000 0.310077 0.950711 -0.000000 0.650295 0.759682 0.000000 0.650295 0.759682 0.000000 0.891513 0.452995 0.000000 0.891513 0.452995 0.000000 0.997004 0.077345 0.000000 0.997004 0.077345 0.000000 0.950711 -0.310078 -0.000000 0.950711 -0.310078 -0.000000 0.759681 -0.650296 -0.000000 0.759681 -0.650296 -0.000000 0.452996 -0.891512 0.000000 0.452996 -0.891512 0.000000 0.077346 -0.997004 -0.000000 0.077346 -0.997004 -0.000000 -0.310078 -0.950711 -0.000000 -0.310078 -0.950711 -0.000000 -0.650296 -0.759681 -0.000000 -0.650296 -0.759681 -0.000000 -0.891512 -0.452996 -0.000000 -0.891512 -0.452996 -0.000000 -0.110077 -0.337503 -0.934866 -0.110077 -0.337503 -0.934866 -0.230853 -0.269687 -0.934866 -0.230853 -0.269688 -0.934866 0.891512 0.452997 0.000000 0.891512 0.452997 0.000000 0.997004 0.077347 0.000000 0.997004 0.077347 0.000000 -0.337505 0.110078 -0.934865 -0.337505 0.110078 -0.934865 -0.269696 0.230855 -0.934864 -0.269696 0.230856 -0.934864 0.230857 0.269688 -0.934866 0.230857 0.269688 -0.934866 0.316489 0.160815 -0.934866 0.316489 0.160815 -0.934866 0.160811 -0.316489 -0.934866 0.160811 -0.316489 -0.934866 0.027456 -0.353938 -0.934866 0.027456 -0.353938 -0.934866 -0.027459 0.353938 -0.934866 -0.027459 0.353938 -0.934866 0.110076 0.337504 -0.934866 0.110076 0.337503 -0.934866 0.337500 -0.110079 -0.934867 0.337500 -0.110079 -0.934867 0.269686 -0.230857 -0.934866 0.269686 -0.230857 -0.934866 -0.316484 -0.160815 -0.934867 -0.316484 -0.160815 -0.934867 -0.160817 0.316489 -0.934865 -0.160817 0.316489 -0.934865 
						0.353935 0.027458 -0.934867 0.353935 0.027458 -0.934867 -0.353934 -0.027458 -0.934867 -0.353934 -0.027458 -0.934867 -0.160817 0.316489 -0.934865 -0.160817 0.316489 -0.934865 0.063543 -0.819077 0.570153 0.056931 -0.733847 0.676925 -0.228231 -0.699772 0.676927 -0.254739 -0.781046 0.570154 -0.997004 -0.077347 0.000000 -0.997004 -0.077347 0.000000 -0.950711 0.310077 0.000000 -0.950711 0.310077 0.000000 -0.891512 -0.452997 -0.000000 -0.891512 -0.452997 -0.000000 0.950711 -0.310079 0.000000 0.950711 -0.310079 0.000000 -0.759681 0.650296 0.000000 -0.759681 0.650296 0.000000 0.759681 -0.650296 0.000000 0.759681 -0.650296 0.000000 -0.452997 0.891512 0.000000 -0.452997 0.891512 0.000000 0.452997 -0.891512 0.000000 0.452997 -0.891512 0.000000 -0.452997 0.891512 0.000000 -0.452997 0.891512 0.000000 -0.077347 0.997004 0.000000 -0.077347 0.997004 0.000000 0.077348 -0.997004 0.000000 0.077348 -0.997004 0.000000 0.310080 0.950711 0.000000 0.310080 0.950711 0.000000 -0.310078 -0.950711 -0.000000 -0.310078 -0.950711 -0.000000 0.650296 0.759681 0.000000 0.650296 0.759681 0.000000 -0.650296 -0.759681 0.000000 -0.650296 -0.759681 0.000000 -0.703754 0.602420 0.376590 -0.624107 0.534242 0.570154 -0.372152 0.732412 0.570154 -0.419646 0.825879 0.376591 0.254740 0.781045 0.570154 0.228235 0.699773 0.676925 0.478651 0.559165 0.676925 0.534242 0.624107 0.570154 -0.478648 -0.559164 0.676928 -0.534241 -0.624107 0.570155 0.656199 0.333430 0.676925 0.732412 0.372154 0.570153 -0.656198 -0.333429 0.676927 -0.732411 -0.372153 0.570154 0.733847 0.056932 0.676925 0.819077 0.063544 0.570153 -0.819076 -0.063542 0.570155 -0.733846 -0.056931 0.676926 -0.699771 0.228233 0.676927 -0.781044 0.254740 0.570155 0.699772 -0.228235 0.676926 0.781044 -0.254742 0.570155 -0.559163 0.478651 0.676926 0.559164 -0.478652 0.676926 
						0.624106 -0.534243 0.570154 -0.333427 0.656200 0.676925 0.333426 -0.656200 0.676926 0.372154 -0.732412 0.570153 -0.372152 0.732412 0.570154 -0.333427 0.656200 0.676925 -0.056930 0.733847 0.676925 -0.063542 0.819077 0.570154 0.891474 0.452979 -0.009131 0.825878 0.419648 0.376592 0.923604 0.071653 0.376591 0.996963 0.077344 -0.009131 0.703753 -0.602421 0.376591 0.419648 -0.825879 0.376590 -0.419646 0.825879 0.376591 -0.071652 0.923605 0.376590 0.071653 -0.923604 0.376591 0.287249 0.880720 0.376591 -0.287249 -0.880719 0.376592 0.602419 0.703754 0.376592 -0.602419 -0.703754 0.376591 -0.825878 -0.419648 0.376591 -0.923604 -0.071653 0.376592 -0.880720 0.287249 0.376591 0.880719 -0.287251 0.376592 0.067500 -0.870085 -0.488259 0.077343 -0.996963 -0.009133 -0.310067 -0.950671 -0.009133 -0.270606 -0.829683 -0.488260 -0.996963 -0.077344 -0.009132 -0.950672 0.310064 -0.009132 -0.891474 -0.452980 -0.009132 0.950672 -0.310064 -0.009132 -0.759649 0.650269 -0.009132 0.759649 -0.650269 -0.009133 -0.452976 0.891476 -0.009133 0.452976 -0.891476 -0.009133 -0.452976 0.891476 -0.009133 -0.077342 0.996963 -0.009133 0.310064 0.950672 -0.009134 0.650267 0.759651 -0.009132 -0.650269 -0.759649 -0.009132 0.547741 -0.468874 -0.692918 0.662972 -0.567513 -0.488259 0.395330 -0.778023 -0.488258 0.326618 -0.642795 -0.692919 0.270604 0.829685 -0.488258 0.567511 0.662974 -0.488259 -0.567513 -0.662972 -0.488259 0.778022 0.395330 -0.488258 -0.778022 -0.395330 -0.488258 0.870085 0.067500 -0.488257 -0.870085 -0.067501 -0.488258 -0.829685 0.270605 -0.488257 0.829684 -0.270605 -0.488259 -0.662972 0.567514 -0.488258 -0.395327 0.778023 -0.488258 -0.395327 0.778023 -0.488258 -0.067500 0.870085 -0.488257 -0.691528 -0.053648 -0.720355 -0.718855 -0.055768 -0.692919 -0.685478 0.223571 -0.692918 -0.659421 0.215072 -0.720352 -0.326616 0.642795 -0.692919 
						-0.055769 0.718855 -0.692919 0.055770 -0.718855 -0.692919 0.223573 0.685477 -0.692918 -0.223572 -0.685477 -0.692919 0.468875 0.547742 -0.692918 -0.468873 -0.547742 -0.692919 0.642795 0.326617 -0.692918 -0.642794 -0.326618 -0.692919 0.718857 0.055768 -0.692917 0.685480 -0.223571 -0.692916 -0.547740 0.468875 -0.692919 -0.326616 0.642795 -0.692919 0.310078 0.950711 0.000280 0.310079 0.950711 0.000280 0.650297 0.759680 0.000279 0.650297 0.759680 0.000279 -0.618358 -0.314203 -0.720354 0.691528 0.053648 -0.720354 0.659422 -0.215071 -0.720352 -0.526920 0.451052 -0.720353 0.526919 -0.451050 -0.720355 -0.314200 0.618360 -0.720354 0.314197 -0.618358 -0.720356 -0.314200 0.618360 -0.720354 -0.053647 0.691528 -0.720355 0.053648 -0.691528 -0.720354 0.215073 0.659419 -0.720354 -0.215073 -0.659420 -0.720353 0.451051 0.526919 -0.720353 -0.451050 -0.526921 -0.720353 0.618360 0.314200 -0.720354 0.544877 -0.466422 0.696821 0.539306 -0.461650 0.704293 0.321591 -0.632893 0.704291 0.324908 -0.639433 0.696821 -0.310079 -0.950711 0.000278 -0.310079 -0.950711 0.000278 -0.650298 -0.759679 0.000280 -0.650298 -0.759679 0.000280 0.891512 0.452997 0.000277 0.891512 0.452997 0.000277 -0.891513 -0.452995 0.000279 -0.891513 -0.452995 0.000279 0.997004 0.077348 0.000277 0.997004 0.077348 0.000277 -0.997004 -0.077347 0.000277 -0.997004 -0.077347 0.000277 -0.950711 0.310078 0.000278 -0.950711 0.310079 0.000278 0.950711 -0.310078 0.000277 0.950711 -0.310078 0.000277 -0.759682 0.650294 0.000278 -0.759682 0.650294 0.000278 0.759680 -0.650297 0.000276 0.759680 -0.650297 0.000276 -0.452999 0.891511 0.000278 -0.452999 0.891511 0.000278 0.452995 -0.891513 0.000279 0.452996 -0.891513 0.000279 -0.452999 0.891511 0.000278 -0.452999 0.891511 0.000278 -0.077347 0.997004 0.000279 -0.077347 0.997004 0.000279 0.077346 -0.997004 0.000279 
						0.077346 -0.997004 0.000279 -0.821358 -0.063720 0.566842 -0.715096 -0.055476 0.696822 -0.681891 0.222402 0.696823 -0.783222 0.255450 0.566841 -0.324909 0.639431 0.696823 -0.321588 0.632894 0.704291 -0.054910 0.707785 0.704291 -0.055476 0.715096 0.696822 0.054908 -0.707785 0.704291 0.055474 -0.715096 0.696821 0.220125 0.674923 0.704290 0.222401 0.681893 0.696821 -0.220129 -0.674921 0.704290 -0.222398 -0.681894 0.696822 0.461651 0.539306 0.704292 0.466424 0.544877 0.696820 -0.461652 -0.539307 0.704291 -0.466420 -0.544878 0.696822 0.632892 0.321586 0.704294 0.639437 0.324908 0.696818 -0.632894 -0.321587 0.704292 -0.639437 -0.324907 0.696818 0.707781 0.054909 0.704295 0.715095 0.055476 0.696823 -0.707785 -0.054909 0.704290 -0.674917 0.220129 0.704294 0.674917 -0.220126 0.704295 0.681888 -0.222402 0.696825 -0.539303 0.461653 0.704293 -0.544878 0.466421 0.696821 -0.321588 0.632894 0.704291 -0.324909 0.639431 0.696823 0.302213 0.926603 0.223771 0.255448 0.783222 0.566842 0.535732 0.625845 0.566841 0.633804 0.740417 0.223773 -0.734454 -0.373190 0.566839 0.821360 0.063720 0.566841 0.783219 -0.255451 0.566844 -0.625846 0.535732 0.566841 0.625842 -0.535733 0.566844 -0.373187 0.734453 0.566843 0.373188 -0.734452 0.566843 -0.373187 0.734453 0.566843 -0.063720 0.821359 0.566842 0.063719 -0.821360 0.566840 -0.255448 -0.783223 0.566840 -0.535729 -0.625847 0.566842 0.734455 0.373189 0.566839 0.724286 -0.619993 -0.301693 0.740415 -0.633807 0.223774 0.441508 -0.868905 0.223773 0.431892 -0.849971 -0.301693 -0.302214 -0.926604 0.223768 -0.633805 -0.740418 0.223771 0.868906 0.441507 0.223772 -0.868906 -0.441508 0.223771 0.971722 0.075385 0.223770 -0.971722 -0.075385 0.223771 -0.926603 0.302216 0.223770 0.926603 -0.302215 0.223771 -0.740415 0.633808 0.223771 -0.441505 0.868907 0.223771 
						-0.441505 0.868907 0.223771 -0.075383 0.971722 0.223770 0.075385 -0.971722 0.223769 -0.605510 -0.307673 -0.733958 -0.849972 -0.431888 -0.301695 -0.950549 -0.073742 -0.301693 -0.677160 -0.052534 -0.733958 -0.431890 0.849972 -0.301694 -0.073742 0.950548 -0.301695 0.073743 -0.950549 -0.301694 0.295628 0.906412 -0.301696 -0.295629 -0.906413 -0.301695 0.619994 0.724284 -0.301697 -0.619994 -0.724284 -0.301697 0.849972 0.431888 -0.301695 0.950549 0.073742 -0.301692 -0.906413 0.295629 -0.301693 0.906413 -0.295628 -0.301693 -0.724286 0.619993 -0.301693 -0.431890 0.849972 -0.301694 -0.179921 -0.551647 -0.814441 -0.210602 -0.645717 -0.733959 -0.441676 -0.515971 -0.733959 -0.377333 -0.440803 -0.814440 0.677160 0.052534 -0.733958 0.645718 -0.210602 -0.733958 -0.645719 0.210602 -0.733957 -0.515975 0.441675 -0.733957 0.515975 -0.441675 -0.733957 -0.307676 0.605509 -0.733958 0.307676 -0.605511 -0.733957 -0.307676 0.605509 -0.733958 -0.052536 0.677160 -0.733958 0.052533 -0.677160 -0.733958 0.210601 0.645717 -0.733959 0.441676 0.515971 -0.733960 0.605510 0.307673 -0.733959 -0.305102 0.600448 -0.739172 -0.262852 0.517297 -0.814440 -0.044882 0.578509 -0.814440 -0.052093 0.671499 -0.739172 0.377334 0.440802 -0.814440 0.517299 0.262849 -0.814439 -0.517299 -0.262850 -0.814439 0.578510 0.044880 -0.814440 -0.578508 -0.044880 -0.814441 -0.551645 0.179922 -0.814442 0.551646 -0.179922 -0.814441 -0.440803 0.377332 -0.814440 0.440801 -0.377333 -0.814441 -0.262852 0.517297 -0.814440 0.262846 -0.517298 -0.814441 0.044877 -0.578508 -0.814441 0.179921 0.551648 -0.814440 0.053648 -0.691552 -0.720332 -0.215081 -0.659443 -0.720330 -0.053649 0.691552 -0.720332 0.215080 0.659442 -0.720331 0.314208 -0.618379 -0.720334 -0.314214 0.618381 -0.720330 0.526936 -0.451064 -0.720333 -0.526939 0.451067 -0.720329 -0.314214 0.618381 -0.720330 0.659438 -0.215078 -0.720335 
						-0.659443 0.215080 -0.720330 0.691549 0.053650 -0.720334 -0.618381 -0.314214 -0.720330 -0.691554 -0.053650 -0.720329 0.618378 0.314211 -0.720333 -0.451068 -0.526938 -0.720329 0.451063 0.526938 -0.720332 -0.310072 -0.950713 0.000000 -0.310072 -0.950713 0.000000 -0.650296 -0.759681 0.000000 -0.650296 -0.759681 0.000000 0.305096 -0.600449 -0.739174 0.052092 -0.671499 -0.739172 0.208844 0.640321 -0.739171 -0.208843 -0.640321 -0.739171 0.437985 0.511658 -0.739172 -0.437983 -0.511659 -0.739172 0.600452 0.305100 -0.739170 -0.600448 -0.305101 -0.739172 0.671504 0.052094 -0.739167 -0.671499 -0.052093 -0.739172 -0.640317 0.208844 -0.739174 0.640321 -0.208844 -0.739171 -0.511659 0.437985 -0.739171 0.511654 -0.437987 -0.739174 -0.305102 0.600448 -0.739172 -0.328405 0.646327 0.688775 -0.297253 0.585010 0.754588 -0.050754 0.654236 0.754586 -0.056078 0.722799 0.688779 0.650291 0.759685 0.000000 0.650291 0.759685 0.000000 0.891509 0.453003 0.000000 0.891509 0.453003 0.000000 -0.891511 -0.452998 -0.000000 -0.891511 -0.452998 -0.000000 0.997004 0.077353 0.000000 0.997004 0.077353 0.000000 -0.997004 -0.077353 -0.000000 -0.997004 -0.077353 -0.000000 -0.950712 0.310076 0.000000 -0.950712 0.310076 0.000000 0.950712 -0.310074 0.000000 0.950712 -0.310074 0.000000 -0.759682 0.650295 0.000000 -0.759682 0.650295 0.000000 0.759687 -0.650289 0.000000 0.759687 -0.650289 0.000000 -0.452994 0.891513 0.000000 -0.452994 0.891513 0.000000 0.453001 -0.891510 -0.000000 0.453001 -0.891510 -0.000000 -0.452994 0.891513 0.000000 -0.452994 0.891513 0.000000 -0.077345 0.997004 -0.000000 -0.077345 0.997004 -0.000000 0.077348 -0.997004 0.000000 0.077348 -0.997004 0.000000 0.310075 0.950712 0.000000 0.310075 0.950712 0.000000 0.917374 0.071174 0.391611 0.722802 0.056078 0.688776 0.689246 -0.224800 0.688771 0.874785 -0.285309 0.391600 
						0.328404 -0.646326 0.688777 0.297251 -0.585010 0.754589 0.050749 -0.654238 0.754584 0.056076 -0.722804 0.688774 0.203478 0.623857 0.754585 0.224796 0.689237 0.688780 -0.203484 -0.623858 0.754583 -0.224801 -0.689242 0.688774 0.426728 0.498500 0.754586 0.471446 0.550750 0.688777 -0.426730 -0.498501 0.754584 -0.471446 -0.550750 0.688776 0.585004 0.297257 0.754592 0.646311 0.328417 0.688784 -0.585006 -0.297257 0.754590 -0.646312 -0.328417 0.688784 0.654230 0.050757 0.754590 -0.722801 -0.056078 0.688777 -0.654233 -0.050756 0.754588 -0.623855 0.203476 0.754588 -0.689247 0.224801 0.688769 0.623851 -0.203474 0.754592 -0.498499 0.426725 0.754589 -0.550746 0.471453 0.688774 0.498494 -0.426723 0.754594 0.550742 -0.471451 0.688779 -0.297253 0.585010 0.754588 -0.328405 0.646327 0.688775 -0.309924 -0.950222 -0.032012 -0.285312 -0.874780 0.391608 -0.598355 -0.699007 0.391612 -0.649967 -0.759288 -0.032011 -0.874784 0.285308 0.391602 -0.699007 0.598357 0.391609 0.699009 -0.598357 0.391607 -0.416817 0.820307 0.391612 0.416817 -0.820308 0.391610 -0.416817 0.820307 0.391612 -0.071174 0.917373 0.391613 0.071174 -0.917375 0.391608 0.285313 0.874778 0.391612 0.598356 0.699008 0.391610 0.820301 0.416824 0.391618 -0.820301 -0.416823 0.391618 -0.917373 -0.071175 0.391612 0.397856 -0.782990 -0.478161 0.452772 -0.891052 -0.032012 0.077307 -0.996493 -0.032013 0.067934 -0.875642 -0.478159 0.649966 0.759289 -0.032013 0.891054 0.452766 -0.032013 -0.891054 -0.452766 -0.032012 0.996493 0.077310 -0.032014 -0.996493 -0.077312 -0.032010 -0.950224 0.309917 -0.032014 0.950224 -0.309917 -0.032017 -0.759297 0.649956 -0.032014 0.759297 -0.649956 -0.032017 -0.452772 0.891052 -0.032011 -0.452772 0.891052 -0.032011 -0.077308 0.996493 -0.032015 0.309922 0.950223 -0.032015 -0.651394 0.212453 -0.728388 -0.834983 0.272334 -0.478161 
						-0.667210 0.571133 -0.478161 -0.520510 0.445558 -0.728387 -0.067929 0.875641 -0.478161 0.272331 0.834984 -0.478160 -0.272332 -0.834984 -0.478160 0.571138 0.667206 -0.478161 -0.571137 -0.667207 -0.478160 0.782992 0.397852 -0.478160 -0.782993 -0.397852 -0.478158 0.875641 0.067932 -0.478161 -0.875642 -0.067932 -0.478158 0.834982 -0.272335 -0.478161 0.667206 -0.571137 -0.478162 -0.397857 0.782988 -0.478163 -0.397857 0.782988 -0.478163 0.649184 0.758382 0.058458 0.649185 0.758381 0.058458 0.889989 0.452221 0.058454 0.889988 0.452222 0.058454 0.651396 -0.212453 -0.728387 0.520499 -0.445562 -0.728392 -0.310374 0.610830 -0.728391 0.310368 -0.610834 -0.728391 -0.310374 0.610830 -0.728391 -0.052991 0.683110 -0.728390 0.053001 -0.683109 -0.728391 0.212447 0.651392 -0.728392 -0.212446 -0.651391 -0.728393 0.445551 0.520505 -0.728394 -0.445551 -0.520508 -0.728392 0.610837 0.310375 -0.728385 -0.610835 -0.310376 -0.728387 0.683115 0.052995 -0.728385 -0.683112 -0.052994 -0.728388 0.065719 -0.847112 0.527334 0.046379 -0.597830 0.800280 -0.185935 -0.570071 0.800280 -0.263462 -0.807777 0.527336 -0.649184 -0.758382 0.058444 -0.649183 -0.758383 0.058444 -0.889988 -0.452223 0.058448 -0.889989 -0.452221 0.058448 0.995300 0.077214 0.058451 0.995300 0.077216 0.058451 -0.995300 -0.077214 0.058452 -0.995299 -0.077216 0.058452 -0.949086 0.309547 0.058455 -0.949085 0.309549 0.058455 0.949086 -0.309548 0.058447 0.949087 -0.309546 0.058447 -0.758381 0.649185 0.058458 -0.758380 0.649186 0.058458 0.758382 -0.649185 0.058444 0.758383 -0.649184 0.058444 -0.452221 0.889988 0.058460 -0.452220 0.889988 0.058460 0.452220 -0.889990 0.058442 0.452221 -0.889989 0.058442 -0.452220 0.889988 0.058460 -0.452221 0.889988 0.058460 -0.077214 0.995299 0.058461 -0.077214 0.995299 0.058461 0.077215 -0.995300 0.058442 0.077215 -0.995300 0.058442 
						0.309549 0.949085 0.058461 0.309548 0.949085 0.058461 -0.309547 -0.949086 0.058443 -0.309548 -0.949086 0.058443 -0.748012 0.640304 0.174609 -0.645476 0.552527 0.527328 -0.384895 0.757482 0.527331 -0.446039 0.877816 0.174607 0.263460 0.807778 0.527336 0.185930 0.570078 0.800275 0.389939 0.455530 0.800275 0.552531 0.645464 0.527339 -0.389932 -0.455527 0.800280 -0.552526 -0.645470 0.527336 0.534581 0.271628 0.800275 0.757483 0.384886 0.527335 -0.534573 -0.271631 0.800280 -0.757479 -0.384894 0.527335 0.597833 0.046379 0.800278 0.847111 0.065717 0.527337 -0.847112 -0.065716 0.527335 -0.597835 -0.046378 0.800276 -0.570082 0.185930 0.800273 -0.807781 0.263459 0.527332 0.570072 -0.185931 0.800279 0.807777 -0.263458 0.527338 -0.455540 0.389936 0.800271 0.455524 -0.389934 0.800280 0.645471 -0.552525 0.527337 -0.271631 0.534578 0.800277 0.271626 -0.534575 0.800280 0.384895 -0.757478 0.527336 -0.384895 0.757482 0.527331 -0.271631 0.534578 0.800277 -0.046377 0.597833 0.800278 -0.065717 0.847114 0.527332 0.887843 0.451131 0.090643 0.877818 0.446034 0.174612 0.981688 0.076157 0.174613 0.992900 0.077028 0.090643 0.748013 -0.640303 0.174611 0.446041 -0.877815 0.174610 -0.446039 0.877816 0.174607 -0.076158 0.981688 0.174607 0.076159 -0.981688 0.174609 0.305315 0.936105 0.174614 -0.305316 -0.936105 0.174611 0.640308 0.748008 0.174616 -0.640305 -0.748011 0.174610 -0.877816 -0.446039 0.174609 -0.981688 -0.076157 0.174611 -0.936105 0.305316 0.174611 0.936106 -0.305314 0.174613 0.077331 -0.996802 0.020136 0.077028 -0.992900 0.090644 -0.308802 -0.946797 0.090644 -0.310015 -0.950518 0.020136 -0.992900 -0.077028 0.090643 -0.946797 0.308803 0.090644 -0.887842 -0.451132 0.090643 0.946797 -0.308801 0.090644 -0.756554 0.647619 0.090644 0.756553 -0.647620 0.090644 -0.451131 0.887843 0.090643 
						0.451132 -0.887842 0.090644 -0.451131 0.887843 0.090643 -0.077028 0.992900 0.090643 0.308801 0.946798 0.090643 0.647619 0.756554 0.090643 -0.647618 -0.756554 0.090643 -0.759583 0.650212 -0.016077 -0.759527 0.650164 0.020135 -0.452905 0.891331 0.020135 -0.452938 0.891397 -0.016077 0.310015 0.950518 0.020135 0.650163 0.759528 0.020136 -0.650164 -0.759527 0.020136 0.891332 0.452904 0.020136 -0.891332 -0.452905 0.020136 0.996802 0.077330 0.020136 -0.996802 -0.077331 0.020136 -0.950518 0.310015 0.020136 0.950518 -0.310015 0.020136 0.759526 -0.650165 0.020137 0.452904 -0.891332 0.020136 -0.452905 0.891331 0.020135 -0.077331 0.996802 0.020135 0.246969 0.757215 0.604675 0.205753 0.630850 0.748127 0.431507 0.504090 0.748127 0.517942 0.605064 0.604676 0.759583 -0.650212 -0.016077 0.452937 -0.891397 -0.016077 -0.452938 0.891397 -0.016077 -0.077336 0.996875 -0.016077 0.077337 -0.996875 -0.016077 0.310038 0.950588 -0.016077 -0.310038 -0.950588 -0.016077 0.650210 0.759584 -0.016077 -0.650212 -0.759583 -0.016077 0.891397 0.452939 -0.016077 -0.891397 -0.452937 -0.016077 0.996876 0.077335 -0.016077 -0.996875 -0.077337 -0.016077 -0.950588 0.310038 -0.016077 0.950588 -0.310039 -0.016077 0.681881 -0.583700 0.440832 0.605064 -0.517941 0.604678 0.360798 -0.710064 0.604677 0.406604 -0.800213 0.440831 -0.246967 -0.757215 0.604676 -0.205754 -0.630852 0.748125 -0.431510 -0.504091 0.748125 -0.517943 -0.605064 0.604676 0.591568 0.300585 0.748128 0.710064 0.360797 0.604677 -0.591571 -0.300587 0.748125 -0.710065 -0.360798 0.604675 0.661566 0.051322 0.748128 0.794085 0.061604 0.604677 -0.794086 -0.061605 0.604675 -0.661569 -0.051324 0.748126 -0.630851 0.205754 0.748126 -0.757215 0.246968 0.604675 0.630847 -0.205753 0.748129 0.757213 -0.246967 0.604678 -0.504092 0.431506 0.748127 -0.605065 0.517943 0.604675 
						0.504090 -0.431506 0.748128 -0.300589 0.591568 0.748127 -0.360799 0.710065 0.604675 0.300589 -0.591567 0.748128 -0.360799 0.710065 0.604675 -0.300589 0.591568 0.748127 -0.051324 0.661568 0.748127 -0.061605 0.794087 0.604674 0.051323 -0.661568 0.748127 0.061604 -0.794085 0.604677 -0.943571 -0.073201 0.322979 -0.894901 -0.069427 0.440831 -0.853349 0.278322 0.440831 -0.899759 0.293458 0.322979 -0.406604 0.800213 0.440831 -0.069426 0.894902 0.440830 0.069426 -0.894901 0.440831 0.278322 0.853350 0.440830 -0.278322 -0.853349 0.440831 0.583700 0.681882 0.440830 -0.583699 -0.681881 0.440832 0.800213 0.406605 0.440831 -0.800212 -0.406605 0.440832 0.894901 0.069426 0.440831 0.853349 -0.278323 0.440831 -0.681883 0.583699 0.440830 -0.406604 0.800213 0.440831 0.308071 0.944558 0.113589 0.293459 0.899759 0.322980 0.615445 0.718967 0.322977 0.646089 0.754763 0.113589 -0.843733 -0.428718 0.322978 0.943571 0.073203 0.322978 0.899759 -0.293460 0.322978 -0.718967 0.615444 0.322979 0.718966 -0.615445 0.322978 -0.428717 0.843732 0.322982 0.428718 -0.843733 0.322979 -0.428717 0.843732 0.322982 -0.073201 0.943570 0.322982 0.073201 -0.943571 0.322979 -0.293460 -0.899759 0.322978 -0.615444 -0.718967 0.322978 0.843734 0.428719 0.322976 0.753254 -0.644795 -0.129795 0.754764 -0.646088 0.113587 0.450064 -0.885742 0.113589 0.449164 -0.883971 -0.129796 -0.308072 -0.944558 0.113588 -0.646087 -0.754765 0.113587 0.885742 0.450064 0.113588 -0.885742 -0.450065 0.113587 0.990551 0.076847 0.113588 -0.990552 -0.076845 0.113588 -0.944558 0.308070 0.113589 0.944558 -0.308071 0.113588 -0.754765 0.646086 0.113590 -0.450063 0.885743 0.113591 -0.450063 0.885743 0.113591 -0.076847 0.990551 0.113591 0.076846 -0.990551 0.113589 -0.804938 -0.409005 -0.429871 -0.883971 -0.449165 -0.129795 -0.988571 -0.076692 -0.129794 
						-0.900185 -0.069835 -0.429871 -0.449163 0.883971 -0.129794 -0.076693 0.988570 -0.129796 0.076693 -0.988570 -0.129795 0.307455 0.942669 -0.129794 -0.307456 -0.942669 -0.129795 0.644795 0.753255 -0.129792 -0.644795 -0.753255 -0.129794 0.883971 0.449165 -0.129793 0.988571 0.076693 -0.129794 -0.942669 0.307455 -0.129793 0.942669 -0.307454 -0.129794 -0.753255 0.644795 -0.129793 -0.449163 0.883971 -0.129794 -0.223165 -0.684233 -0.694279 -0.279967 -0.858387 -0.429872 -0.587146 -0.685909 -0.429871 -0.468022 -0.546748 -0.694278 0.900186 0.069836 -0.429870 0.858388 -0.279967 -0.429871 -0.858388 0.279966 -0.429871 -0.685909 0.587146 -0.429870 0.685908 -0.587146 -0.429871 -0.409005 0.804939 -0.429870 0.409006 -0.804938 -0.429872 -0.409005 0.804939 -0.429870 -0.069835 0.900186 -0.429870 0.069836 -0.900185 -0.429872 0.279965 0.858389 -0.429870 0.587146 0.685909 -0.429870 0.804938 0.409006 -0.429870 -0.276651 0.544460 -0.791850 -0.326024 0.641630 -0.694276 -0.055667 0.717553 -0.694275 -0.047237 0.608886 -0.791850 0.468023 0.546747 -0.694278 0.641628 0.326025 -0.694277 -0.641628 -0.326024 -0.694278 0.717551 0.055666 -0.694278 -0.717551 -0.055667 -0.694277 -0.684233 0.223165 -0.694278 0.684233 -0.223166 -0.694278 -0.546748 0.468023 -0.694278 0.546747 -0.468022 -0.694279 -0.326024 0.641630 -0.694276 0.326025 -0.641628 -0.694278 0.055667 -0.717550 -0.694279 0.223165 0.684234 -0.694278 0.994125 0.077123 -0.075942 0.994125 0.077123 -0.075942 0.947965 -0.309185 -0.075942 0.947965 -0.309184 -0.075942 0.276651 -0.544458 -0.791852 0.047238 -0.608884 -0.791851 0.189369 0.580612 -0.791851 -0.189368 -0.580613 -0.791851 0.397145 0.463948 -0.791851 -0.397145 -0.463947 -0.791851 0.544459 0.276651 -0.791851 -0.544460 -0.276651 -0.791851 0.608885 0.047235 -0.791851 -0.608886 -0.047237 -0.791850 -0.580613 0.189369 -0.791851 0.580613 -0.189369 -0.791851 
						-0.463948 0.397145 -0.791851 0.463948 -0.397142 -0.791853 -0.276651 0.544460 -0.791850 -0.947967 0.309179 -0.075942 -0.947967 0.309179 -0.075942 -0.757489 0.648416 -0.075942 -0.757489 0.648416 -0.075942 0.757490 -0.648414 -0.075943 0.757490 -0.648414 -0.075943 -0.451687 0.888938 -0.075942 -0.451687 0.888938 -0.075942 0.451690 -0.888937 -0.075943 0.451690 -0.888937 -0.075943 -0.451687 0.888938 -0.075942 -0.451687 0.888938 -0.075942 -0.077124 0.994125 -0.075942 -0.077124 0.994125 -0.075942 0.077124 -0.994125 -0.075943 0.077124 -0.994125 -0.075943 0.309182 0.947966 -0.075942 0.309182 0.947966 -0.075942 -0.309183 -0.947965 -0.075943 -0.309183 -0.947965 -0.075943 0.648420 0.757485 -0.075942 0.648421 0.757485 -0.075942 -0.648421 -0.757485 -0.075943 -0.648421 -0.757485 -0.075943 0.888938 0.451688 -0.075942 0.888938 0.451689 -0.075942 -0.888940 -0.451685 -0.075943 -0.888940 -0.451684 -0.075943 -0.994125 -0.077122 -0.075943 -0.994125 -0.077123 -0.075943 -0.261530 -0.965195 0.000000 0.127745 -0.991807 -0.000000 0.127745 -0.991807 -0.000000 -0.261530 -0.965195 0.000000 -0.610987 -0.791641 -0.000000 -0.610987 -0.791641 -0.000000 -0.867424 -0.497569 -0.000000 -0.867424 -0.497569 -0.000000 -0.991807 -0.127746 0.000000 -0.867424 -0.497569 -0.000000 -0.867424 -0.497569 -0.000000 -0.991807 -0.127746 0.000000 -0.965196 0.261527 0.000000 -0.965196 0.261527 0.000000 -0.791642 0.610985 0.000000 -0.791642 0.610985 0.000000 -0.497567 0.867426 0.000000 -0.497567 0.867426 0.000000 -0.127743 0.991807 0.000000 -0.127743 0.991807 0.000000 0.261528 0.965196 0.000000 0.261528 0.965196 0.000000 0.610984 0.791643 0.000000 0.610984 0.791643 0.000000 0.867425 0.497568 0.000000 0.867425 0.497568 0.000000 0.991807 0.127743 0.000000 0.991807 0.127743 0.000000 0.965196 -0.261528 -0.000000 0.965196 -0.261528 -0.000000 0.791642 -0.610985 0.000000 
						0.791642 -0.610985 0.000000 0.497569 -0.867425 -0.000000 0.497569 -0.867425 -0.000000 0.342651 -0.092843 -0.934864 0.342651 -0.092843 -0.934864 0.281037 -0.216901 -0.934865 0.281037 -0.216901 -0.934865 -0.497568 0.867425 -0.000000 -0.497568 0.867425 -0.000000 -0.127745 0.991807 0.000000 -0.127745 0.991807 0.000000 -0.092842 -0.342646 -0.934866 -0.092842 -0.342646 -0.934866 -0.216898 -0.281035 -0.934866 -0.216898 -0.281035 -0.934866 -0.281040 0.216900 -0.934864 -0.281040 0.216900 -0.934864 -0.176642 0.307938 -0.934864 -0.176642 0.307938 -0.934864 0.307936 0.176638 -0.934866 0.307936 0.176638 -0.934866 0.352091 0.045349 -0.934866 0.352091 0.045349 -0.934866 -0.352092 -0.045349 -0.934866 -0.352092 -0.045349 -0.934866 -0.342648 0.092843 -0.934865 -0.342647 0.092843 -0.934865 0.092838 0.342646 -0.934866 0.092839 0.342646 -0.934866 0.216900 0.281035 -0.934866 0.216900 0.281035 -0.934866 0.176634 -0.307937 -0.934866 0.176634 -0.307937 -0.934866 -0.307936 -0.176638 -0.934866 -0.307936 -0.176638 -0.934866 -0.045355 0.352095 -0.934865 -0.045355 0.352095 -0.934865 0.045349 -0.352092 -0.934866 0.045349 -0.352092 -0.934866 -0.307936 -0.176638 -0.934866 -0.307936 -0.176638 -0.934866 0.814807 0.104947 0.570154 0.730021 0.094027 0.676926 0.710434 -0.192499 0.676925 0.792945 -0.214854 0.570153 0.127745 -0.991807 -0.000000 0.127745 -0.991807 -0.000000 -0.261528 -0.965196 0.000000 -0.261528 -0.965196 0.000000 0.497571 -0.867423 -0.000000 0.497571 -0.867423 -0.000000 0.261529 0.965196 -0.000000 0.261529 0.965196 -0.000000 -0.610985 -0.791642 0.000000 -0.610985 -0.791642 0.000000 0.610987 0.791641 0.000000 0.610987 0.791641 0.000000 -0.867425 -0.497569 -0.000000 -0.867425 -0.497569 -0.000000 0.867425 0.497568 0.000000 0.867425 0.497568 0.000000 -0.867425 -0.497569 -0.000000 -0.867425 -0.497569 -0.000000 -0.991807 -0.127744 0.000000 
						-0.991807 -0.127744 0.000000 0.991807 0.127744 0.000000 0.991807 0.127744 0.000000 -0.965195 0.261530 0.000000 -0.965195 0.261530 0.000000 0.965195 -0.261530 0.000000 0.965195 -0.261530 0.000000 -0.791641 0.610986 0.000000 -0.791641 0.610986 0.000000 0.791643 -0.610984 0.000000 0.791643 -0.610984 0.000000 -0.566005 -0.733361 0.376591 -0.501948 -0.650363 0.570154 -0.712622 -0.408771 0.570155 -0.803564 -0.460937 0.376592 -0.792946 0.214855 0.570153 -0.710435 0.192499 0.676924 -0.582692 0.449716 0.676923 -0.650367 0.501946 0.570152 0.582689 -0.449717 0.676926 0.650363 -0.501947 0.570155 -0.366237 0.638471 0.676923 -0.408772 0.712623 0.570153 0.366236 -0.638469 0.676925 0.408771 -0.712622 0.570154 -0.094024 0.730023 0.676924 -0.104945 0.814808 0.570153 0.104945 -0.814807 0.570154 0.094024 -0.730021 0.676926 -0.192502 -0.710433 0.676925 -0.214858 -0.792945 0.570154 0.192499 0.710434 0.676926 0.214855 0.792945 0.570154 -0.449719 -0.582688 0.676925 0.449714 0.582691 0.676926 0.501946 0.650365 0.570154 -0.638468 -0.366236 0.676926 0.638466 0.366239 0.676927 0.712621 0.408772 0.570155 -0.712622 -0.408771 0.570155 -0.638468 -0.366236 0.676926 -0.730021 -0.094027 0.676926 -0.814806 -0.104947 0.570155 -0.497546 0.867389 -0.009131 -0.460937 0.803565 0.376591 -0.118339 0.918790 0.376592 -0.127738 0.991766 -0.009130 0.566004 0.733361 0.376591 0.803564 0.460937 0.376592 -0.803564 -0.460937 0.376592 -0.918789 -0.118340 0.376593 0.918790 0.118340 0.376592 -0.894138 0.242274 0.376591 0.894138 -0.242273 0.376591 -0.733362 0.566003 0.376590 0.733361 -0.566004 0.376591 0.460936 -0.803565 0.376592 0.118338 -0.918790 0.376592 -0.242276 -0.894137 0.376591 0.242275 0.894138 0.376591 0.865549 0.111483 -0.488258 0.991766 0.127739 -0.009131 0.965156 -0.261517 -0.009132 0.842325 -0.228235 -0.488259 
						0.127739 -0.991766 -0.009131 -0.261517 -0.965155 -0.009132 0.497546 -0.867389 -0.009131 0.261519 0.965155 -0.009133 -0.610961 -0.791608 -0.009132 0.610961 0.791608 -0.009133 -0.867389 -0.497547 -0.009133 0.867389 0.497547 -0.009132 -0.867389 -0.497547 -0.009133 -0.991766 -0.127739 -0.009133 -0.965156 0.261516 -0.009132 -0.791609 0.610960 -0.009133 0.791608 -0.610961 -0.009133 0.440529 0.570786 -0.692919 0.533208 0.690864 -0.488259 0.757002 0.434227 -0.488258 0.625425 0.358755 -0.692921 -0.842326 0.228234 -0.488257 -0.690867 0.533206 -0.488258 0.690863 -0.533208 -0.488259 -0.434228 0.757002 -0.488257 0.434227 -0.757001 -0.488258 -0.111482 0.865550 -0.488257 0.111484 -0.865549 -0.488258 -0.228235 -0.842326 -0.488258 0.228238 0.842325 -0.488259 -0.533207 -0.690865 -0.488258 -0.757001 -0.434227 -0.488260 -0.757001 -0.434227 -0.488260 -0.865548 -0.111482 -0.488260 0.088607 -0.687925 -0.720353 0.092107 -0.715108 -0.692919 -0.188566 -0.695921 -0.692919 -0.181397 -0.669467 -0.720353 -0.625426 -0.358755 -0.692920 -0.715105 -0.092106 -0.692922 0.715106 0.092105 -0.692922 -0.695920 0.188565 -0.692920 0.695920 -0.188565 -0.692921 -0.570787 0.440529 -0.692919 0.570785 -0.440530 -0.692920 -0.358752 0.625427 -0.692920 0.358754 -0.625426 -0.692919 -0.092104 0.715108 -0.692919 0.188567 0.695921 -0.692918 -0.440529 -0.570786 -0.692920 -0.625426 -0.358755 -0.692920 -0.965196 0.261527 0.000278 -0.965196 0.261527 0.000278 -0.791643 0.610984 0.000276 -0.791643 0.610984 0.000276 0.345119 -0.601651 -0.720353 -0.088603 0.687923 -0.720355 0.181397 0.669465 -0.720355 -0.423784 -0.549088 -0.720354 0.423782 0.549088 -0.720355 -0.601651 -0.345117 -0.720355 0.601650 0.345116 -0.720355 -0.601651 -0.345117 -0.720355 -0.687921 -0.088604 -0.720357 0.687924 0.088604 -0.720354 -0.669465 0.181397 -0.720356 0.669468 -0.181397 -0.720353 -0.549087 0.423783 -0.720355 
						0.549090 -0.423783 -0.720353 -0.345114 0.601651 -0.720356 0.438229 0.567800 0.696820 0.433748 0.561992 0.704292 0.615799 0.353226 0.704289 0.622160 0.356877 0.696818 0.965196 -0.261526 0.000278 0.965196 -0.261526 0.000278 0.791643 -0.610984 0.000279 0.791642 -0.610985 0.000279 -0.497566 0.867426 0.000279 -0.497566 0.867426 0.000279 0.497568 -0.867425 0.000277 0.497568 -0.867425 0.000277 -0.127742 0.991807 0.000280 -0.127742 0.991807 0.000280 0.127744 -0.991807 0.000276 0.127743 -0.991807 0.000276 -0.261529 -0.965196 0.000277 -0.261529 -0.965196 0.000277 0.261528 0.965196 0.000278 0.261528 0.965196 0.000278 -0.610984 -0.791643 0.000278 -0.610984 -0.791643 0.000278 0.610984 0.791643 0.000278 0.610984 0.791643 0.000278 -0.867424 -0.497569 0.000278 -0.867425 -0.497569 0.000278 0.867424 0.497570 0.000278 0.867424 0.497570 0.000278 -0.867425 -0.497569 0.000278 -0.867424 -0.497569 0.000278 -0.991807 -0.127744 0.000278 -0.991807 -0.127744 0.000278 0.991807 0.127744 0.000278 0.991807 0.127745 0.000278 0.105240 -0.817078 0.566841 0.091625 -0.711368 0.696822 -0.187584 -0.692282 0.696820 -0.215455 -0.795155 0.566840 -0.622158 -0.356877 0.696820 -0.615796 -0.353227 0.704291 -0.704090 -0.090687 0.704296 -0.711368 -0.091623 0.696822 0.704095 0.090686 0.704291 0.711366 0.091623 0.696824 -0.685199 0.185662 0.704295 -0.692285 0.187579 0.696819 0.685201 -0.185662 0.704293 0.692276 -0.187579 0.696827 -0.561993 0.433744 0.704294 -0.567805 0.438226 0.696818 0.561994 -0.433744 0.704293 0.567803 -0.438224 0.696821 -0.353228 0.615794 0.704292 -0.356875 0.622159 0.696820 0.353228 -0.615792 0.704294 0.356883 -0.622154 0.696821 -0.090689 0.704093 0.704293 -0.091622 0.711370 0.696820 0.090688 -0.704093 0.704293 -0.185662 -0.685202 0.704293 0.185661 0.685199 0.704296 0.187580 0.692281 0.696822 
						-0.433749 -0.561992 0.704291 -0.438231 -0.567800 0.696819 -0.615796 -0.353227 0.704291 -0.622158 -0.356877 0.696820 -0.940720 0.254896 0.223770 -0.795158 0.215452 0.566837 -0.652178 0.503346 0.566839 -0.771567 0.595492 0.223772 0.409914 -0.714608 0.566839 -0.105236 0.817078 0.566841 0.215456 0.795155 0.566840 -0.503345 -0.652179 0.566839 0.503346 0.652176 0.566841 -0.714610 -0.409911 0.566839 0.714609 0.409911 0.566840 -0.714610 -0.409911 0.566839 -0.817080 -0.105237 0.566837 0.817078 0.105238 0.566841 0.795152 -0.215455 0.566844 0.652179 -0.503346 0.566839 -0.409906 0.714610 0.566842 0.582517 0.754755 -0.301695 0.595491 0.771568 0.223772 0.845427 0.484953 0.223771 0.827008 0.474383 -0.301691 0.940721 -0.254897 0.223768 0.771568 -0.595492 0.223768 -0.484950 0.845428 0.223774 0.484952 -0.845428 0.223770 -0.124503 0.966656 0.223773 0.124506 -0.966656 0.223771 -0.254895 -0.940721 0.223771 0.254897 0.940720 0.223771 -0.595488 -0.771571 0.223771 -0.845428 -0.484953 0.223769 -0.845428 -0.484953 0.223769 -0.966657 -0.124505 0.223768 0.966657 0.124506 0.223768 0.337942 -0.589151 -0.733960 0.474385 -0.827006 -0.301696 0.121790 -0.945593 -0.301696 0.086758 -0.673629 -0.733960 -0.827008 -0.474384 -0.301693 -0.945592 -0.121793 -0.301698 0.945593 0.121792 -0.301697 -0.920221 0.249342 -0.301699 0.920221 -0.249343 -0.301699 -0.754755 0.582515 -0.301695 0.754756 -0.582515 -0.301694 -0.474387 0.827005 -0.301695 -0.121793 0.945593 -0.301696 -0.249344 -0.920222 -0.301694 0.249342 0.920222 -0.301696 -0.582518 -0.754755 -0.301693 -0.827008 -0.474384 -0.301693 0.560053 -0.151752 -0.814439 0.655552 -0.177629 -0.733961 0.537679 -0.414978 -0.733958 0.459345 -0.354523 -0.814442 -0.086763 0.673628 -0.733960 0.177628 0.655555 -0.733959 -0.177629 -0.655555 -0.733958 -0.414981 -0.537678 -0.733957 0.414980 0.537678 -0.733958 
						-0.589153 -0.337944 -0.733957 0.589155 0.337944 -0.733955 -0.589153 -0.337944 -0.733957 -0.673626 -0.086763 -0.733962 0.673629 0.086762 -0.733960 -0.655552 0.177628 -0.733962 -0.537679 0.414976 -0.733959 -0.337947 0.589148 -0.733960 -0.584224 -0.335122 -0.739172 -0.503321 -0.288713 -0.814440 -0.575492 -0.074123 -0.814441 -0.667999 -0.086037 -0.739172 -0.459350 0.354523 -0.814439 -0.288709 0.503321 -0.814441 0.288711 -0.503321 -0.814441 -0.074120 0.575493 -0.814441 0.074121 -0.575493 -0.814441 -0.151753 -0.560052 -0.814440 0.151752 0.560053 -0.814440 -0.354523 -0.459348 -0.814440 0.354524 0.459349 -0.814439 -0.503321 -0.288713 -0.814440 0.503321 0.288714 -0.814440 0.575495 0.074123 -0.814439 -0.560054 0.151751 -0.814439 0.687954 0.088606 -0.720325 0.669495 -0.181403 -0.720326 -0.687947 -0.088609 -0.720331 -0.669492 0.181403 -0.720329 0.601675 0.345127 -0.720329 -0.601671 -0.345129 -0.720332 0.423796 0.549106 -0.720333 -0.423800 -0.549108 -0.720329 -0.601671 -0.345129 -0.720332 0.181403 0.669486 -0.720334 -0.181404 -0.669491 -0.720330 -0.088606 0.687945 -0.720334 0.345132 -0.601672 -0.720329 0.088610 -0.687949 -0.720329 -0.345129 0.601671 -0.720332 0.549110 -0.423798 -0.720329 -0.549108 0.423796 -0.720331 0.965197 -0.261524 0.000000 0.965197 -0.261524 0.000000 0.791646 -0.610980 0.000000 0.791646 -0.610980 0.000000 0.584224 0.335123 -0.739172 0.668001 0.086038 -0.739170 -0.650078 0.176145 -0.739170 0.650078 -0.176144 -0.739170 -0.533187 0.411510 -0.739169 0.533182 -0.411509 -0.739174 -0.335116 0.584228 -0.739172 0.335120 -0.584224 -0.739173 -0.086034 0.668000 -0.739171 0.086039 -0.667998 -0.739172 -0.176149 -0.650076 -0.739170 0.176144 0.650077 -0.739171 -0.411509 -0.533185 -0.739171 0.411508 0.533186 -0.739171 -0.584224 -0.335122 -0.739172 -0.628869 -0.360724 0.688769 -0.569211 -0.326505 0.754582 -0.650825 -0.083823 0.754586 
						-0.719036 -0.092607 0.688775 -0.791645 0.610981 0.000000 -0.791645 0.610981 0.000000 -0.497568 0.867425 0.000000 -0.497568 0.867425 0.000000 0.497570 -0.867424 -0.000000 0.497570 -0.867424 -0.000000 -0.127744 0.991807 0.000000 -0.127744 0.991807 0.000000 0.127741 -0.991807 -0.000000 0.127741 -0.991807 -0.000000 -0.261531 -0.965195 0.000000 -0.261531 -0.965195 0.000000 0.261529 0.965196 0.000000 0.261529 0.965196 0.000000 -0.610983 -0.791643 -0.000000 -0.610983 -0.791643 -0.000000 0.610989 0.791639 0.000000 0.610989 0.791639 0.000000 -0.867426 -0.497566 0.000000 -0.867426 -0.497566 0.000000 0.867425 0.497567 0.000000 0.867425 0.497567 0.000000 -0.867426 -0.497566 0.000000 -0.867426 -0.497566 0.000000 -0.991808 -0.127740 -0.000000 -0.991808 -0.127740 -0.000000 0.991807 0.127748 0.000000 0.991807 0.127748 0.000000 -0.965197 0.261523 0.000000 -0.965197 0.261523 0.000000 -0.117542 0.912592 0.391612 -0.092609 0.719031 0.688780 0.189610 0.699740 0.688775 0.240646 0.888106 0.391608 0.628862 0.360727 0.688774 0.569225 0.326500 0.754573 0.650839 0.083823 0.754574 0.719036 0.092611 0.688775 -0.633361 0.171619 0.754587 -0.699729 0.189606 0.688788 0.633360 -0.171617 0.754588 0.699740 -0.189602 0.688777 -0.519476 0.400930 0.754585 -0.573917 0.442948 0.688779 0.519475 -0.400931 0.754587 0.573923 -0.442949 0.688773 -0.326507 0.569203 0.754586 -0.360730 0.628857 0.688777 0.326510 -0.569207 0.754583 0.360726 -0.628864 0.688772 -0.083824 0.650818 0.754592 0.092613 -0.719038 0.688772 0.083829 -0.650828 0.754583 -0.171628 -0.633362 0.754584 -0.189607 -0.699744 0.688773 0.171621 0.633359 0.754588 -0.400946 -0.519474 0.754579 -0.442957 -0.573921 0.688770 0.400936 0.519475 0.754583 0.442953 0.573919 0.688773 -0.569211 -0.326505 0.754582 -0.628869 -0.360724 0.688769 0.964700 -0.261396 -0.032015 
						0.888106 -0.240639 0.391613 0.728420 -0.562181 0.391608 0.791240 -0.610668 -0.032013 -0.240640 -0.888107 0.391611 -0.562189 -0.728413 0.391609 0.562186 0.728414 0.391612 -0.798150 -0.457824 0.391603 0.798137 0.457833 0.391619 -0.798150 -0.457824 0.391603 -0.912594 -0.117539 0.391608 0.912589 0.117542 0.391618 -0.888102 0.240640 0.391621 -0.728413 0.562186 0.391615 -0.457832 0.798143 0.391610 0.457831 -0.798143 0.391610 0.117540 -0.912593 0.391611 0.761836 0.437000 -0.478160 0.866980 0.497314 -0.032011 0.991299 0.127676 -0.032013 0.871079 0.112191 -0.478158 -0.791240 0.610667 -0.032014 -0.497314 0.866980 -0.032014 0.497315 -0.866979 -0.032011 -0.127678 0.991299 -0.032020 0.127674 -0.991299 -0.032012 -0.261392 -0.964702 -0.032012 0.261390 0.964702 -0.032020 -0.610672 -0.791236 -0.032013 0.610668 0.791239 -0.032014 -0.866982 -0.497310 -0.032014 -0.866982 -0.497310 -0.032014 -0.991299 -0.127678 -0.032016 -0.964701 0.261392 -0.032018 -0.179186 -0.661315 -0.728392 -0.229689 -0.847705 -0.478162 -0.536609 -0.695279 -0.478161 -0.418626 -0.542403 -0.728389 -0.871078 -0.112191 -0.478160 -0.847704 0.229694 -0.478163 0.847705 -0.229693 -0.478159 -0.695280 0.536609 -0.478160 0.695277 -0.536611 -0.478161 -0.437003 0.761833 -0.478161 0.436997 -0.761836 -0.478162 -0.112192 0.871074 -0.478166 0.112194 -0.871077 -0.478161 0.229689 0.847704 -0.478164 0.536605 0.695281 -0.478163 -0.761838 -0.436998 -0.478158 -0.761838 -0.436998 -0.478158 -0.790288 0.609940 0.058458 -0.790287 0.609942 0.058458 -0.496716 0.865942 0.058455 -0.496718 0.865941 0.058455 0.179189 0.661321 -0.728386 0.418620 0.542408 -0.728389 -0.594334 -0.340914 -0.728385 0.594331 0.340915 -0.728387 -0.594334 -0.340914 -0.728385 -0.679555 -0.087523 -0.728385 0.679558 0.087525 -0.728382 -0.661318 0.179187 -0.728389 0.661325 -0.179187 -0.728383 -0.542404 0.418623 -0.728391 
						0.542404 -0.418624 -0.728390 -0.340916 0.594327 -0.728390 0.340910 -0.594328 -0.728392 -0.087527 0.679551 -0.728388 0.087531 -0.679549 -0.728390 0.842695 0.108537 0.527337 0.594714 0.076599 0.800280 0.578751 -0.156821 0.800284 0.820079 -0.222214 0.527343 0.790290 -0.609939 0.058445 0.790291 -0.609938 0.058445 0.496720 -0.865941 0.058448 0.496718 -0.865942 0.058448 -0.127524 0.990112 0.058451 -0.127526 0.990111 0.058451 0.127524 -0.990112 0.058452 0.127527 -0.990111 0.058452 -0.261080 -0.963546 0.058455 -0.261082 -0.963545 0.058455 0.261082 0.963546 0.058447 0.261080 0.963546 0.058447 -0.609938 -0.790290 0.058458 -0.609939 -0.790289 0.058458 0.609941 0.790289 0.058444 0.609939 0.790290 0.058444 -0.865941 -0.496718 0.058460 -0.865941 -0.496717 0.058460 0.865944 0.496715 0.058442 0.865943 0.496716 0.058442 -0.865941 -0.496717 0.058460 -0.865941 -0.496718 0.058460 -0.990111 -0.127526 0.058461 -0.990111 -0.127526 0.058461 0.990112 0.127523 0.058442 0.990112 0.127523 0.058442 -0.963545 0.261080 0.058460 -0.963546 0.261079 0.058460 0.963547 -0.261079 0.058442 0.963546 -0.261080 0.058442 -0.601599 -0.779480 0.174611 -0.519130 -0.672624 0.527333 -0.737016 -0.422761 0.527334 -0.854099 -0.489924 0.174612 -0.820082 0.222209 0.527340 -0.578754 0.156822 0.800282 -0.474688 0.366366 0.800280 -0.672622 0.519129 0.527337 0.474686 -0.366364 0.800281 0.672618 -0.519132 0.527340 -0.298357 0.520134 0.800277 -0.422761 0.737013 0.527338 0.298355 -0.520133 0.800279 0.422758 -0.737015 0.527336 -0.076596 0.594714 0.800280 -0.108537 0.842695 0.527338 0.108538 -0.842696 0.527335 0.076598 -0.594717 0.800278 -0.156819 -0.578761 0.800277 -0.222208 -0.820087 0.527334 0.156813 0.578756 0.800282 0.222207 0.820085 0.527338 -0.366368 -0.474694 0.800275 0.366357 0.474694 0.800280 0.519123 0.672627 0.527337 
						-0.520138 -0.298357 0.800274 0.520136 0.298356 0.800276 0.737014 0.422764 0.527334 -0.737016 -0.422761 0.527334 -0.520138 -0.298357 0.800274 -0.594718 -0.076599 0.800277 -0.842693 -0.108538 0.527340 -0.495520 0.863854 0.090644 -0.489923 0.854099 0.174614 -0.125782 0.976570 0.174612 -0.127218 0.987724 0.090643 0.601597 0.779481 0.174612 0.854099 0.489925 0.174611 -0.854099 -0.489924 0.174612 -0.976570 -0.125782 0.174616 0.976571 0.125780 0.174612 -0.950368 0.257510 0.174614 0.950366 -0.257515 0.174615 -0.779480 0.601600 0.174611 0.779477 -0.601603 0.174613 0.489923 -0.854100 0.174611 0.125781 -0.976571 0.174611 -0.257510 -0.950368 0.174611 0.257511 0.950368 0.174610 0.991606 0.127718 0.020136 0.987724 0.127218 0.090644 0.961222 -0.260452 0.090643 0.965000 -0.261475 0.020136 0.127219 -0.987724 0.090644 -0.260452 -0.961222 0.090644 0.495521 -0.863853 0.090643 0.260451 0.961223 0.090643 -0.608470 -0.788384 0.090644 0.608471 0.788382 0.090644 -0.863854 -0.495520 0.090643 0.863855 0.495519 0.090644 -0.863854 -0.495520 0.090643 -0.987724 -0.127218 0.090643 -0.961222 0.260452 0.090643 -0.788383 0.608470 0.090643 0.788383 -0.608470 0.090644 -0.610905 -0.791540 -0.016077 -0.610861 -0.791482 0.020136 -0.867249 -0.497467 0.020135 -0.867312 -0.497505 -0.016077 -0.965000 0.261475 0.020136 -0.791482 0.610861 0.020136 0.791482 -0.610860 0.020137 -0.497467 0.867249 0.020136 0.497468 -0.867249 0.020136 -0.127718 0.991606 0.020136 0.127718 -0.991606 0.020136 -0.261475 -0.965000 0.020136 0.261474 0.965000 0.020136 0.610862 0.791481 0.020136 0.867249 0.497466 0.020136 -0.867249 -0.497467 0.020135 -0.991606 -0.127718 0.020136 -0.768751 0.208300 0.604675 -0.640460 0.173538 0.748128 -0.525298 0.405421 0.748128 -0.630521 0.486632 0.604675 0.610907 0.791539 -0.016077 0.867313 0.497503 -0.016077 
						-0.867312 -0.497505 -0.016077 -0.991679 -0.127729 -0.016077 0.991679 0.127727 -0.016077 -0.965071 0.261494 -0.016077 0.965071 -0.261494 -0.016077 -0.791539 0.610907 -0.016077 0.791540 -0.610906 -0.016077 -0.497503 0.867313 -0.016077 0.497503 -0.867313 -0.016077 -0.127727 0.991679 -0.016077 0.127728 -0.991679 -0.016077 -0.261494 -0.965071 -0.016077 0.261493 0.965071 -0.016077 0.548415 0.710568 0.440833 0.486633 0.630519 0.604678 0.690880 0.396298 0.604676 0.778593 0.446611 0.440831 0.768752 -0.208298 0.604675 0.640463 -0.173537 0.748126 0.525300 -0.405424 0.748126 0.630521 -0.486633 0.604675 -0.330164 0.575581 0.748130 -0.396299 0.690879 0.604676 0.330164 -0.575584 0.748127 0.396298 -0.690880 0.604676 -0.084765 0.658118 0.748128 -0.101745 0.789947 0.604674 0.101745 -0.789946 0.604676 0.084766 -0.658118 0.748128 -0.173537 -0.640463 0.748126 -0.208299 -0.768752 0.604675 0.173539 0.640462 0.748127 0.208299 0.768751 0.604676 -0.405422 -0.525300 0.748127 -0.486632 -0.630521 0.604675 0.405424 0.525298 0.748127 -0.575586 -0.330164 0.748126 -0.690881 -0.396299 0.604674 0.575586 0.330162 0.748127 -0.690881 -0.396299 0.604674 -0.575586 -0.330164 0.748126 -0.658120 -0.084766 0.748126 -0.789947 -0.101745 0.604675 0.658121 0.084764 0.748125 0.789946 0.101746 0.604676 0.120897 -0.938653 0.322979 0.114662 -0.890236 0.440831 -0.234744 -0.866350 0.440831 -0.247512 -0.913467 0.322980 -0.778592 -0.446612 0.440830 -0.890237 -0.114662 0.440830 0.890237 0.114663 0.440830 -0.866351 0.234743 0.440830 0.866351 -0.234744 0.440830 -0.710570 0.548414 0.440831 0.710571 -0.548414 0.440830 -0.446612 0.778593 0.440830 0.446613 -0.778592 0.440830 -0.114661 0.890236 0.440832 0.234745 0.866349 0.440834 -0.548413 -0.710571 0.440831 -0.778592 -0.446612 0.440830 -0.958949 0.259835 0.113590 -0.913467 0.247511 0.322981 
						-0.749214 0.578240 0.322980 -0.786518 0.607031 0.113590 0.470903 -0.820936 0.322978 -0.120899 0.938651 0.322982 0.247512 0.913467 0.322979 -0.578240 -0.749215 0.322980 0.578241 0.749214 0.322979 -0.820936 -0.470901 0.322980 0.820937 0.470900 0.322981 -0.820936 -0.470901 0.322980 -0.938652 -0.120898 0.322979 0.938652 0.120897 0.322980 0.913467 -0.247512 0.322979 0.749215 -0.578240 0.322978 -0.470901 0.820936 0.322981 0.605818 0.784945 -0.129796 0.607031 0.786518 0.113588 0.861811 0.494347 0.113590 0.860087 0.493359 -0.129797 0.958949 -0.259835 0.113589 0.786519 -0.607030 0.113589 -0.494348 0.861810 0.113590 0.494349 -0.861810 0.113588 -0.126918 0.985388 0.113588 0.126917 -0.985388 0.113588 -0.259836 -0.958949 0.113590 0.259836 0.958949 0.113586 -0.607030 -0.786519 0.113590 -0.861811 -0.494348 0.113589 -0.861811 -0.494348 0.113589 -0.985388 -0.126918 0.113589 0.985388 0.126917 0.113590 0.449249 -0.783189 -0.429871 0.493360 -0.860087 -0.129795 0.126663 -0.983417 -0.129794 0.115339 -0.895493 -0.429870 -0.860087 -0.493359 -0.129794 -0.983417 -0.126664 -0.129794 0.983417 0.126664 -0.129796 -0.957031 0.259315 -0.129794 0.957031 -0.259315 -0.129795 -0.784947 0.605816 -0.129793 0.784946 -0.605815 -0.129796 -0.493360 0.860087 -0.129794 -0.126664 0.983417 -0.129795 -0.259317 -0.957031 -0.129794 0.259316 0.957031 -0.129794 -0.605817 -0.784945 -0.129794 -0.860087 -0.493359 -0.129794 0.694658 -0.188224 -0.694278 0.871466 -0.236131 -0.429871 0.714766 -0.551651 -0.429872 0.569751 -0.439730 -0.694278 -0.115339 0.895493 -0.429872 0.236131 0.871466 -0.429870 -0.236130 -0.871466 -0.429871 -0.551653 -0.714766 -0.429871 0.551653 0.714765 -0.429872 -0.783190 -0.449250 -0.429869 0.783189 0.449249 -0.429873 -0.783190 -0.449250 -0.429869 -0.895494 -0.115339 -0.429869 0.895493 0.115339 -0.429872 -0.871467 0.236130 -0.429869 
						-0.714767 0.551652 -0.429870 -0.449249 0.783190 -0.429871 -0.529748 -0.303873 -0.791851 -0.624293 -0.358104 -0.694277 -0.713812 -0.091938 -0.694276 -0.605711 -0.078013 -0.791851 -0.569750 0.439731 -0.694278 -0.358103 0.624292 -0.694278 0.358103 -0.624292 -0.694278 -0.091938 0.713810 -0.694278 0.091938 -0.713811 -0.694278 -0.188224 -0.694658 -0.694278 0.188224 0.694659 -0.694277 -0.439730 -0.569751 -0.694278 0.439731 0.569750 -0.694278 -0.624293 -0.358104 -0.694277 0.624292 0.358103 -0.694278 0.713811 0.091939 -0.694278 -0.694659 0.188224 -0.694277 -0.127374 0.988943 -0.075942 -0.127373 0.988943 -0.075942 0.260772 0.962409 -0.075943 0.260771 0.962409 -0.075943 0.529749 0.303873 -0.791851 0.605710 0.078017 -0.791851 -0.589459 0.159720 -0.791851 0.589458 -0.159720 -0.791851 -0.483468 0.373137 -0.791851 0.483467 -0.373138 -0.791851 -0.303872 0.529750 -0.791850 0.303872 -0.529748 -0.791852 -0.078016 0.605712 -0.791850 0.078014 -0.605711 -0.791851 -0.159719 -0.589459 -0.791851 0.159719 0.589459 -0.791851 -0.373137 -0.483468 -0.791851 0.373138 0.483467 -0.791851 -0.529748 -0.303873 -0.791851 -0.260772 -0.962409 -0.075942 -0.260772 -0.962409 -0.075942 -0.609219 -0.789357 -0.075942 -0.609219 -0.789357 -0.075942 0.609219 0.789357 -0.075943 0.609219 0.789357 -0.075943 -0.864920 -0.496132 -0.075942 -0.864920 -0.496131 -0.075942 0.864920 0.496131 -0.075943 0.864920 0.496131 -0.075943 -0.864920 -0.496131 -0.075942 -0.864920 -0.496132 -0.075942 -0.988943 -0.127375 -0.075942 -0.988943 -0.127375 -0.075942 0.988943 0.127374 -0.075944 0.988943 0.127374 -0.075944 -0.962408 0.260774 -0.075942 -0.962408 0.260774 -0.075942 0.962408 -0.260774 -0.075943 0.962408 -0.260774 -0.075943 -0.789357 0.609220 -0.075942 -0.789357 0.609220 -0.075942 0.789356 -0.609220 -0.075943 0.789356 -0.609220 -0.075943 -0.496131 0.864920 -0.075942 -0.496132 0.864920 -0.075942 
						0.496132 -0.864920 -0.075943 0.496131 -0.864920 -0.075943 0.127373 -0.988943 -0.075943 0.127373 -0.988943 -0.075943 0.929880 -0.367864 -0.000000 0.999872 0.015990 0.000000 0.999872 0.015990 0.000000 0.929880 -0.367864 -0.000000 0.718321 -0.695712 0.000000 0.718321 -0.695712 0.000000 0.397404 -0.917643 -0.000000 0.397404 -0.917643 -0.000000 0.015987 -0.999872 0.000000 0.397404 -0.917643 -0.000000 0.397404 -0.917643 -0.000000 0.015987 -0.999872 0.000000 -0.367864 -0.929880 -0.000000 -0.367864 -0.929880 -0.000000 -0.695712 -0.718321 0.000000 -0.695712 -0.718321 0.000000 -0.917643 -0.397405 0.000000 -0.917643 -0.397405 0.000000 -0.999872 -0.015988 0.000000 -0.999872 -0.015988 0.000000 -0.929880 0.367863 0.000000 -0.929880 0.367863 0.000000 -0.718322 0.695711 0.000000 -0.718322 0.695711 0.000000 -0.397406 0.917643 0.000000 -0.397406 0.917643 0.000000 -0.015988 0.999872 0.000000 -0.015988 0.999872 0.000000 0.367864 0.929879 -0.000000 0.367864 0.929879 -0.000000 0.695711 0.718322 0.000000 0.695711 0.718322 0.000000 0.917642 0.397407 -0.000000 0.917642 0.397407 -0.000000 0.130596 0.330110 -0.934865 0.130596 0.330110 -0.934865 0.246987 0.255006 -0.934863 0.246987 0.255006 -0.934863 -0.917642 -0.397407 -0.000000 -0.917642 -0.397407 -0.000000 -0.999872 -0.015989 -0.000000 -0.999872 -0.015989 -0.000000 0.330116 -0.130591 -0.934863 0.330116 -0.130592 -0.934863 0.255008 -0.246978 -0.934865 0.255008 -0.246978 -0.934865 -0.246983 -0.255006 -0.934864 -0.246983 -0.255006 -0.934864 -0.325773 -0.141079 -0.934863 -0.325773 -0.141079 -0.934863 -0.141077 0.325765 -0.934866 -0.141078 0.325765 -0.934866 -0.005675 0.354957 -0.934866 -0.005675 0.354957 -0.934866 0.005677 -0.354956 -0.934866 0.005677 -0.354957 -0.934866 -0.130591 -0.330109 -0.934866 -0.130591 -0.330109 -0.934866 -0.330115 0.130592 -0.934864 -0.330115 0.130592 -0.934864 
						-0.255006 0.246979 -0.934865 -0.255006 0.246979 -0.934865 0.325765 0.141080 -0.934866 0.325765 0.141080 -0.934866 0.141078 -0.325764 -0.934866 0.141078 -0.325764 -0.934866 -0.354965 -0.005675 -0.934862 -0.354965 -0.005675 -0.934862 0.354955 0.005676 -0.934866 0.354955 0.005676 -0.934866 0.141078 -0.325764 -0.934866 0.141078 -0.325764 -0.934866 -0.013133 0.821433 0.570153 -0.011765 0.735959 0.676924 0.270767 0.684441 0.676923 0.302214 0.763932 0.570153 0.999872 0.015989 0.000000 0.999872 0.015989 0.000000 0.929880 -0.367863 -0.000000 0.929880 -0.367863 -0.000000 0.917643 0.397406 0.000000 0.917643 0.397406 0.000000 -0.929880 0.367863 0.000000 -0.929880 0.367863 0.000000 0.718322 -0.695711 0.000000 0.718322 -0.695711 0.000000 -0.718322 0.695711 0.000000 -0.718322 0.695711 0.000000 0.397408 -0.917642 0.000000 0.397408 -0.917642 0.000000 -0.397407 0.917642 0.000000 -0.397407 0.917642 0.000000 0.397408 -0.917642 0.000000 0.397408 -0.917642 0.000000 0.015987 -0.999872 -0.000000 0.015987 -0.999872 -0.000000 -0.015988 0.999872 0.000000 -0.015988 0.999872 0.000000 -0.367865 -0.929879 -0.000000 -0.367865 -0.929879 -0.000000 0.367863 0.929880 0.000000 0.367863 0.929880 0.000000 -0.695710 -0.718323 0.000000 -0.695710 -0.718323 0.000000 0.695710 0.718323 0.000000 0.695710 0.718323 0.000000 0.665438 -0.644493 0.376592 0.590128 -0.571553 0.570154 0.326484 -0.753878 0.570154 0.368148 -0.850086 0.376591 -0.302215 -0.763931 0.570154 -0.270769 -0.684439 0.676925 -0.512082 -0.528722 0.676923 -0.571553 -0.590129 0.570153 0.512077 0.528723 0.676926 0.571551 0.590130 0.570155 -0.675436 -0.292512 0.676922 -0.753879 -0.326485 0.570153 0.675433 0.292512 0.676925 0.753878 0.326484 0.570154 -0.735960 -0.011767 0.676923 -0.821434 -0.013134 0.570153 0.821432 0.013135 0.570155 0.735957 0.011768 0.676926 
						0.684436 -0.270767 0.676928 0.763930 -0.302214 0.570155 -0.684440 0.270767 0.676925 -0.763931 0.302214 0.570154 0.528721 -0.512080 0.676926 -0.528723 0.512079 0.676924 -0.590129 0.571553 0.570154 0.292511 -0.675433 0.676926 -0.292511 0.675433 0.676925 -0.326484 0.753879 0.570154 0.326484 -0.753878 0.570154 0.292511 -0.675433 0.676926 0.011767 -0.735957 0.676926 0.013134 -0.821433 0.570154 -0.917605 -0.397389 -0.009133 -0.850085 -0.368149 0.376592 -0.926261 -0.014812 0.376591 -0.999830 -0.015988 -0.009132 -0.665438 0.644493 0.376592 -0.368148 0.850086 0.376591 0.368148 -0.850086 0.376591 0.014812 -0.926261 0.376591 -0.014812 0.926261 0.376592 -0.340780 -0.861422 0.376592 0.340779 0.861422 0.376592 -0.644491 -0.665439 0.376592 0.644493 0.665438 0.376591 0.850086 0.368148 0.376591 0.926261 0.014812 0.376591 0.861422 -0.340781 0.376591 -0.861422 0.340781 0.376591 -0.013953 0.872588 -0.488258 -0.015988 0.999830 -0.009132 0.367846 0.929842 -0.009131 0.321035 0.811505 -0.488258 0.999830 0.015988 -0.009133 0.929841 -0.367848 -0.009132 0.917605 0.397389 -0.009134 -0.929841 0.367847 -0.009132 0.718291 -0.695683 -0.009133 -0.718292 0.695682 -0.009132 0.397388 -0.917605 -0.009133 -0.397389 0.917605 -0.009132 0.397388 -0.917605 -0.009133 0.015988 -0.999830 -0.009132 -0.367847 -0.929842 -0.009132 -0.695682 -0.718291 -0.009132 0.695682 0.718292 -0.009132 -0.517922 0.501618 -0.692919 -0.626881 0.607145 -0.488257 -0.346818 0.800826 -0.488257 -0.286539 0.661633 -0.692919 -0.321034 -0.811506 -0.488257 -0.607146 -0.626879 -0.488258 0.607146 0.626879 -0.488258 -0.800826 -0.346816 -0.488259 0.800826 0.346816 -0.488259 -0.872588 -0.013953 -0.488258 0.872588 0.013954 -0.488258 0.811506 -0.321034 -0.488258 -0.811506 0.321034 -0.488258 0.626878 -0.607147 -0.488258 0.346814 -0.800827 -0.488259 0.346814 -0.800827 -0.488259 
						0.013952 -0.872588 -0.488258 0.693519 0.011090 -0.720353 0.720922 0.011528 -0.692920 0.670457 -0.265235 -0.692920 0.644972 -0.255153 -0.720353 0.286536 -0.661635 -0.692919 0.011527 -0.720923 -0.692919 -0.011529 0.720923 -0.692919 -0.265234 -0.670458 -0.692919 0.265233 0.670458 -0.692920 -0.501618 -0.517922 -0.692919 0.501618 0.517921 -0.692919 -0.661636 -0.286535 -0.692918 0.661636 0.286536 -0.692918 -0.720924 -0.011527 -0.692918 -0.670457 0.265236 -0.692919 0.517922 -0.501618 -0.692918 0.286536 -0.661635 -0.692919 -0.367864 -0.929880 0.000278 -0.367864 -0.929880 0.000278 -0.695712 -0.718321 0.000278 -0.695712 -0.718320 0.000278 0.636485 0.275643 -0.720352 -0.693519 -0.011090 -0.720353 -0.644970 0.255153 -0.720354 0.498235 -0.482551 -0.720352 -0.498231 0.482550 -0.720355 0.275645 -0.636484 -0.720353 -0.275641 0.636482 -0.720356 0.275645 -0.636484 -0.720353 0.011090 -0.693518 -0.720354 -0.011089 0.693518 -0.720354 -0.255151 -0.644971 -0.720354 0.255150 0.644972 -0.720354 -0.482549 -0.498233 -0.720354 0.482549 0.498234 -0.720354 -0.636484 -0.275643 -0.720353 -0.515215 0.498996 0.696819 -0.509946 0.493893 0.704290 -0.282121 0.651445 0.704292 -0.285040 0.658175 0.696819 0.367864 0.929880 0.000280 0.367864 0.929879 0.000280 0.695711 0.718322 0.000279 0.695710 0.718322 0.000279 -0.917643 -0.397405 0.000278 -0.917643 -0.397405 0.000278 0.917643 0.397406 0.000278 0.917643 0.397406 0.000278 -0.999872 -0.015990 0.000278 -0.999872 -0.015990 0.000278 0.999872 0.015988 0.000278 0.999872 0.015988 0.000278 0.929881 -0.367861 0.000279 0.929880 -0.367862 0.000279 -0.929881 0.367861 0.000278 -0.929881 0.367861 0.000278 0.718322 -0.695711 0.000280 0.718322 -0.695711 0.000280 -0.718324 0.695709 0.000277 -0.718324 0.695709 0.000277 0.397406 -0.917643 0.000280 0.397406 -0.917643 0.000280 -0.397407 0.917643 0.000278 
						-0.397407 0.917642 0.000278 0.397406 -0.917643 0.000280 0.397406 -0.917643 0.000280 0.015990 -0.999872 0.000279 0.015989 -0.999872 0.000279 -0.015987 0.999872 0.000280 -0.015987 0.999872 0.000280 0.823719 0.013172 0.566845 0.717151 0.011468 0.696824 0.666951 -0.263849 0.696821 0.766058 -0.303056 0.566843 0.285035 -0.658174 0.696822 0.282123 -0.651447 0.704290 0.011350 -0.709820 0.704291 0.011468 -0.717153 0.696821 -0.011350 0.709818 0.704293 -0.011468 0.717153 0.696821 -0.261150 -0.660133 0.704291 -0.263854 -0.666951 0.696819 0.261154 0.660130 0.704292 0.263851 0.666951 0.696821 -0.493896 -0.509944 0.704290 -0.499000 -0.515211 0.696818 0.493900 0.509941 0.704289 0.499003 0.515211 0.696817 -0.651445 -0.282122 0.704291 -0.658173 -0.285038 0.696823 0.651446 0.282121 0.704291 0.658176 0.285037 0.696820 -0.709814 -0.011350 0.704298 -0.717148 -0.011467 0.696827 0.709821 0.011351 0.704291 0.660137 -0.261149 0.704288 -0.660129 0.261151 0.704294 -0.666947 0.263850 0.696825 0.509947 -0.493894 0.704289 0.515211 -0.498996 0.696822 0.282123 -0.651447 0.704290 0.285035 -0.658174 0.696822 -0.358535 -0.906300 0.223770 -0.303062 -0.766060 0.566838 -0.573150 -0.591771 0.566839 -0.678068 -0.700107 0.223771 0.755979 0.327394 0.566841 -0.823720 -0.013172 0.566843 -0.766058 0.303058 0.566843 0.591771 -0.573146 0.566843 -0.591776 0.573145 0.566839 0.327392 -0.755979 0.566842 -0.327399 0.755977 0.566841 0.327392 -0.755979 0.566842 0.013171 -0.823723 0.566840 -0.013172 0.823723 0.566839 0.303061 0.766061 0.566837 0.573150 0.591771 0.566838 -0.755977 -0.327395 0.566843 -0.684852 0.663293 -0.301694 -0.700109 0.678067 0.223770 -0.387331 0.894372 0.223772 -0.378890 0.874885 -0.301694 0.358534 0.906301 0.223767 0.678068 0.700108 0.223771 -0.894373 -0.387328 0.223771 0.894373 0.387329 0.223772 
						-0.974517 -0.015582 0.223770 0.974517 0.015582 0.223772 0.906300 -0.358535 0.223771 -0.906301 0.358533 0.223770 0.700106 -0.678069 0.223771 0.387327 -0.894374 0.223770 0.387327 -0.894374 0.223770 0.015583 -0.974518 0.223769 -0.015582 0.974518 0.223769 0.623256 0.269916 -0.733960 0.874885 0.378888 -0.301696 0.953283 0.015243 -0.301693 0.679108 0.010861 -0.733958 0.378889 -0.874885 -0.301695 0.015243 -0.953282 -0.301696 -0.015242 0.953283 -0.301694 -0.350719 -0.886553 -0.301696 0.350719 0.886553 -0.301694 -0.663291 -0.684854 -0.301694 0.663291 0.684854 -0.301695 -0.874885 -0.378888 -0.301694 -0.953284 -0.015243 -0.301692 0.886553 -0.350722 -0.301692 -0.886554 0.350721 -0.301691 0.684852 -0.663294 -0.301694 0.378889 -0.874885 -0.301695 0.213452 0.539560 -0.814441 0.249851 0.631570 -0.733958 0.472521 0.487881 -0.733959 0.403684 0.416803 -0.814441 -0.679110 -0.010860 -0.733956 -0.631574 0.249850 -0.733955 0.631570 -0.249850 -0.733958 0.487879 -0.472523 -0.733959 -0.487881 0.472522 -0.733958 0.269916 -0.623257 -0.733959 -0.269916 0.623258 -0.733958 0.269916 -0.623257 -0.733959 0.010859 -0.679106 -0.733959 -0.010859 0.679108 -0.733958 -0.249849 -0.631569 -0.733959 -0.472521 -0.487881 -0.733959 -0.623256 -0.269917 -0.733960 0.267664 -0.618048 -0.739170 0.230594 -0.532460 -0.814440 0.009278 -0.580173 -0.814440 0.010770 -0.673432 -0.739171 -0.403684 -0.416805 -0.814440 -0.532460 -0.230593 -0.814441 0.532460 0.230593 -0.814441 -0.580174 -0.009276 -0.814440 0.580172 0.009277 -0.814441 0.539559 -0.213451 -0.814441 -0.539562 0.213451 -0.814439 0.416804 -0.403683 -0.814441 -0.416805 0.403683 -0.814440 0.230594 -0.532460 -0.814440 -0.230593 0.532460 -0.814440 -0.009278 0.580173 -0.814440 -0.213453 -0.539560 -0.814440 -0.011087 0.693542 -0.720331 0.255162 0.644994 -0.720330 0.011091 -0.693542 -0.720331 -0.255163 -0.644994 -0.720330 
						-0.275647 0.636505 -0.720333 0.275656 -0.636506 -0.720329 -0.498246 0.482566 -0.720333 0.498252 -0.482568 -0.720329 0.275656 -0.636506 -0.720329 -0.644992 0.255160 -0.720332 0.644997 -0.255161 -0.720327 -0.693541 -0.011089 -0.720331 0.636507 0.275653 -0.720329 0.693547 0.011091 -0.720326 -0.636504 -0.275652 -0.720333 0.482567 0.498251 -0.720330 -0.482565 -0.498251 -0.720332 0.367867 0.929878 0.000000 0.367867 0.929878 0.000000 0.695714 0.718319 0.000000 0.695714 0.718319 0.000000 -0.267660 0.618049 -0.739171 -0.010771 0.673432 -0.739171 -0.247762 -0.626291 -0.739170 0.247758 0.626291 -0.739172 -0.468576 -0.483803 -0.739169 0.468574 0.483801 -0.739171 -0.618054 -0.267658 -0.739167 0.618052 0.267658 -0.739169 -0.673433 -0.010767 -0.739169 0.673432 0.010768 -0.739171 0.626290 -0.247761 -0.739172 -0.626290 0.247763 -0.739172 0.483806 -0.468571 -0.739171 -0.483803 0.468574 -0.739171 0.267664 -0.618048 -0.739170 0.288108 -0.665270 0.688774 0.260784 -0.602158 0.754584 0.010493 -0.656120 0.754584 0.011589 -0.724881 0.688776 -0.695714 -0.718319 -0.000000 -0.695714 -0.718319 -0.000000 -0.917645 -0.397402 -0.000000 -0.917645 -0.397402 -0.000000 0.917643 0.397406 0.000000 0.917643 0.397406 0.000000 -0.999872 -0.015985 0.000000 -0.999872 -0.015985 0.000000 0.999872 0.015984 0.000000 0.999872 0.015984 0.000000 0.929880 -0.367864 -0.000000 0.929880 -0.367864 -0.000000 -0.929881 0.367860 0.000000 -0.929881 0.367860 0.000000 0.718318 -0.695715 -0.000000 0.718318 -0.695715 -0.000000 -0.718323 0.695709 0.000000 -0.718323 0.695709 0.000000 0.397402 -0.917645 0.000000 0.397402 -0.917645 0.000000 -0.397404 0.917644 0.000000 -0.397404 0.917644 0.000000 0.397402 -0.917645 0.000000 0.397402 -0.917645 0.000000 0.015989 -0.999872 0.000000 0.015989 -0.999872 0.000000 -0.015987 0.999872 0.000000 -0.015987 0.999872 0.000000 
						-0.367869 -0.929878 -0.000000 -0.367869 -0.929878 -0.000000 -0.920018 -0.014710 0.391601 -0.724881 -0.011592 0.688776 -0.674138 0.266694 0.688776 -0.855615 0.338479 0.391606 -0.288103 0.665269 0.688777 -0.260771 0.602159 0.754588 -0.010494 0.656117 0.754586 -0.011591 0.724880 0.688778 -0.241397 -0.610193 0.754581 -0.266693 -0.674140 0.688775 0.241397 0.610188 0.754585 0.266693 0.674137 0.688777 -0.456532 -0.471362 0.754583 -0.504373 -0.520765 0.688775 0.456531 0.471363 0.754583 0.504374 0.520767 0.688774 -0.602142 -0.260780 0.754599 -0.665266 -0.288108 0.688778 0.602143 0.260780 0.754598 0.665267 0.288110 0.688776 -0.656092 -0.010495 0.754608 0.724884 0.011592 0.688774 0.656097 0.010494 0.754604 0.610188 -0.241392 0.754587 0.674140 -0.266694 0.688774 -0.610187 0.241392 0.754587 0.471366 -0.456528 0.754583 0.520760 -0.504377 0.688776 -0.471356 0.456528 0.754589 -0.520754 0.504376 0.688782 0.260784 -0.602158 0.754584 0.288108 -0.665270 0.688774 0.367680 0.929401 -0.032016 0.338487 0.855608 0.391613 0.640148 0.660950 0.391606 0.695357 0.717951 -0.032016 0.855615 -0.338478 0.391606 0.660953 -0.640142 0.391612 -0.660952 0.640141 0.391613 0.365666 -0.844353 0.391609 -0.365666 0.844352 0.391611 0.365666 -0.844353 0.391609 0.014708 -0.920013 0.391612 -0.014709 0.920012 0.391614 -0.338484 -0.855609 0.391613 -0.640145 -0.660951 0.391610 -0.844353 -0.365669 0.391606 0.844354 0.365667 0.391605 0.920018 0.014710 0.391600 -0.349035 0.805938 -0.478161 -0.397210 0.917169 -0.032012 -0.015982 0.999360 -0.032010 -0.014044 0.878160 -0.478160 -0.695353 -0.717955 -0.032015 -0.917171 -0.397206 -0.032017 0.917171 0.397206 -0.032012 -0.999359 -0.015982 -0.032020 0.999360 0.015982 -0.032013 0.929406 -0.367668 -0.032013 -0.929405 0.367669 -0.032019 0.717964 -0.695343 -0.032012 -0.717964 0.695344 -0.032015 
						0.397205 -0.917171 -0.032011 0.397205 -0.917171 -0.032011 0.015976 -0.999360 -0.032015 -0.367675 -0.929403 -0.032017 0.637121 -0.252046 -0.728388 0.816689 -0.323084 -0.478159 0.630886 -0.611021 -0.478159 0.492165 -0.476676 -0.728391 0.014041 -0.878159 -0.478163 -0.323085 -0.816687 -0.478162 0.323085 0.816688 -0.478160 -0.611024 -0.630882 -0.478159 0.611024 0.630883 -0.478160 -0.805940 -0.349031 -0.478161 0.805941 0.349031 -0.478160 -0.878161 -0.014045 -0.478158 0.878161 0.014042 -0.478159 -0.816691 0.323081 -0.478157 -0.630886 0.611020 -0.478160 0.349033 -0.805940 -0.478159 0.349033 -0.805940 -0.478159 -0.694520 -0.717095 0.058458 -0.694521 -0.717094 0.058458 -0.916075 -0.396725 0.058455 -0.916074 -0.396727 0.058455 -0.637132 0.252044 -0.728380 -0.492164 0.476676 -0.728392 0.272286 -0.628733 -0.728392 -0.272286 0.628734 -0.728391 0.272286 -0.628733 -0.728392 0.010956 -0.685075 -0.728391 -0.010958 0.685076 -0.728390 -0.252053 -0.637122 -0.728385 0.252051 0.637122 -0.728386 -0.476679 -0.492170 -0.728386 0.476678 0.492168 -0.728388 -0.628741 -0.272288 -0.728384 0.628736 0.272287 -0.728389 -0.685095 -0.010956 -0.728371 0.685082 0.010953 -0.728384 -0.013581 0.849547 0.527338 -0.009586 0.599553 0.800277 0.220579 0.557586 0.800276 0.312558 0.790076 0.527340 0.694523 0.717093 0.058445 0.694522 0.717094 0.058445 0.916073 0.396728 0.058448 0.916074 0.396726 0.058448 -0.998163 -0.015957 0.058451 -0.998163 -0.015960 0.058451 0.998163 0.015961 0.058452 0.998163 0.015963 0.058452 0.928290 -0.367234 0.058455 0.928289 -0.367236 0.058455 -0.928289 0.367238 0.058447 -0.928290 0.367236 0.058447 0.717094 -0.694521 0.058458 0.717092 -0.694522 0.058458 -0.717094 0.694522 0.058444 -0.717095 0.694521 0.058444 0.396727 -0.916073 0.058460 0.396726 -0.916074 0.058460 -0.396727 0.916075 0.058443 -0.396727 0.916074 0.058443 
						0.396726 -0.916074 0.058460 0.396727 -0.916073 0.058460 0.015961 -0.998162 0.058461 0.015961 -0.998162 0.058461 -0.015962 0.998163 0.058442 -0.015962 0.998163 0.058442 -0.367233 -0.928290 0.058460 -0.367232 -0.928290 0.058460 0.367234 0.928291 0.058442 0.367235 0.928290 0.058443 0.707286 -0.685023 0.174613 0.610329 -0.591114 0.527336 0.337654 -0.779681 0.527339 0.391299 -0.903545 0.174616 -0.312559 -0.790078 0.527337 -0.220582 -0.557581 0.800279 -0.417162 -0.430729 0.800280 -0.591114 -0.610327 0.527337 0.417156 0.430730 0.800283 0.591113 0.610326 0.527340 -0.550241 -0.238298 0.800281 -0.779681 -0.337658 0.527336 0.550240 0.238299 0.800281 0.779682 0.337660 0.527335 -0.599555 -0.009586 0.800276 -0.849548 -0.013581 0.527337 0.849549 0.013583 0.527335 0.599557 0.009587 0.800275 0.557588 -0.220582 0.800274 0.790080 -0.312559 0.527334 -0.557584 0.220579 0.800278 -0.790078 0.312557 0.527337 0.430733 -0.417169 0.800274 -0.430730 0.417167 0.800277 -0.610330 0.591115 0.527334 0.238295 -0.550249 0.800276 -0.238297 0.550245 0.800278 -0.337657 0.779683 0.527335 0.337654 -0.779681 0.527339 0.238295 -0.550249 0.800276 0.009585 -0.599553 0.800278 0.013581 -0.849546 0.527339 -0.913865 -0.395770 0.090643 -0.903547 -0.391298 0.174610 -0.984511 -0.015740 0.174613 -0.995756 -0.015922 0.090643 -0.707287 0.685023 0.174610 -0.391299 0.903547 0.174611 0.391299 -0.903545 0.174616 0.015740 -0.984511 0.174614 -0.015740 0.984511 0.174615 -0.362212 -0.915595 0.174612 0.362216 0.915592 0.174616 -0.685023 -0.707286 0.174611 0.685026 0.707283 0.174612 0.903547 0.391300 0.174609 0.984512 0.015742 0.174612 0.915594 -0.362213 0.174613 -0.915594 0.362213 0.174612 -0.015985 0.999669 0.020136 -0.015922 0.995756 0.090643 0.366350 0.926052 0.090643 0.367789 0.929691 0.020136 0.995756 0.015923 0.090643 
						0.926052 -0.366349 0.090643 0.913865 0.395770 0.090643 -0.926052 0.366350 0.090643 0.715365 -0.692846 0.090643 -0.715365 0.692847 0.090643 0.395770 -0.913866 0.090643 -0.395771 0.913865 0.090643 0.395770 -0.913866 0.090643 0.015922 -0.995756 0.090643 -0.366349 -0.926052 0.090643 -0.692847 -0.715365 0.090644 0.692848 0.715364 0.090644 0.718229 -0.695621 -0.016077 0.718177 -0.695569 0.020136 0.397325 -0.917457 0.020135 0.397354 -0.917524 -0.016077 -0.367788 -0.929692 0.020136 -0.695570 -0.718176 0.020136 0.695570 0.718176 0.020136 -0.917457 -0.397324 0.020136 0.917457 0.397325 0.020136 -0.999669 -0.015984 0.020136 0.999669 0.015986 0.020136 0.929691 -0.367788 0.020136 -0.929691 0.367789 0.020136 -0.718176 0.695570 0.020136 -0.397326 0.917457 0.020136 0.397325 -0.917457 0.020135 0.015984 -0.999669 0.020135 -0.292993 -0.740622 0.604676 -0.244098 -0.617026 0.748128 -0.461642 -0.476644 0.748129 -0.554114 -0.572122 0.604677 -0.718229 0.695621 -0.016077 -0.397354 0.917524 -0.016077 0.397354 -0.917524 -0.016077 0.015986 -0.999743 -0.016077 -0.015986 0.999743 -0.016077 -0.367814 -0.929761 -0.016077 0.367816 0.929760 -0.016077 -0.695620 -0.718230 -0.016077 0.695622 0.718228 -0.016077 -0.917525 -0.397352 -0.016077 0.917525 0.397353 -0.016077 -0.999743 -0.015986 -0.016077 0.999743 0.015987 -0.016077 0.929760 -0.367815 -0.016077 -0.929760 0.367815 -0.016077 -0.644758 0.624463 0.440833 -0.572121 0.554113 0.604679 -0.316521 0.730875 0.604678 -0.356708 0.823667 0.440832 0.292992 0.740623 0.604676 0.244099 0.617029 0.748125 0.461643 0.476646 0.748127 0.554114 0.572122 0.604677 -0.608905 -0.263701 0.748128 -0.730876 -0.316522 0.604676 0.608907 0.263698 0.748128 0.730877 0.316521 0.604676 -0.663469 -0.010611 0.748128 -0.796370 -0.012736 0.604676 0.796370 0.012734 0.604675 0.663472 0.010609 0.748126 
						0.617027 -0.244095 0.748128 0.740624 -0.292991 0.604676 -0.617025 0.244098 0.748129 -0.740622 0.292992 0.604678 0.476646 -0.461641 0.748128 0.572123 -0.554115 0.604675 -0.476645 0.461643 0.748128 0.263701 -0.608908 0.748126 0.316521 -0.730877 0.604676 -0.263699 0.608906 0.748128 0.316521 -0.730877 0.604676 0.263701 -0.608908 0.748126 0.010609 -0.663472 0.748126 0.012734 -0.796370 0.604676 -0.010607 0.663471 0.748127 -0.012733 0.796369 0.604677 0.946285 0.015130 0.322979 0.897475 0.014351 0.440831 0.834651 -0.330190 0.440831 0.880044 -0.348149 0.322979 0.356707 -0.823667 0.440831 0.014351 -0.897476 0.440830 -0.014350 0.897475 0.440831 -0.330190 -0.834652 0.440829 0.330190 0.834650 0.440832 -0.624464 -0.644757 0.440831 0.624463 0.644759 0.440832 -0.823667 -0.356706 0.440832 0.823668 0.356708 0.440830 -0.897475 -0.014350 0.440832 -0.834650 0.330191 0.440832 0.644759 -0.624463 0.440830 0.356707 -0.823667 0.440831 -0.365483 -0.923862 0.113588 -0.348149 -0.880045 0.322977 -0.658426 -0.679824 0.322978 -0.691208 -0.713673 0.113587 0.868463 0.376108 0.322979 -0.946285 -0.015132 0.322981 -0.880044 0.348149 0.322978 0.679824 -0.658425 0.322978 -0.679825 0.658425 0.322977 0.376107 -0.868463 0.322980 -0.376108 0.868463 0.322979 0.376107 -0.868463 0.322980 0.015131 -0.946285 0.322978 -0.015132 0.946285 0.322980 0.348148 0.880044 0.322980 0.658425 0.679824 0.322979 -0.868463 -0.376107 0.322980 -0.712246 0.689826 -0.129793 -0.713673 0.691208 0.113587 -0.394835 0.911703 0.113589 -0.394044 0.909880 -0.129796 0.365483 0.923861 0.113589 0.691208 0.713673 0.113588 -0.911703 -0.394835 0.113588 0.911704 0.394834 0.113588 -0.993401 -0.015886 0.113589 0.993401 0.015883 0.113588 0.923861 -0.365483 0.113588 -0.923861 0.365484 0.113587 0.713673 -0.691208 0.113588 0.394833 -0.911704 0.113589 
						0.394833 -0.911704 0.113589 0.015885 -0.993401 0.113590 -0.015885 0.993401 0.113590 0.828531 0.358813 -0.429871 0.909881 0.394044 -0.129795 0.991414 0.015853 -0.129795 0.902775 0.014436 -0.429871 0.394044 -0.909881 -0.129793 0.015853 -0.991414 -0.129793 -0.015852 0.991414 -0.129796 -0.364752 -0.922014 -0.129792 0.364752 0.922014 -0.129795 -0.689826 -0.712246 -0.129792 0.689826 0.712245 -0.129795 -0.909880 -0.394045 -0.129794 -0.991414 -0.015854 -0.129795 0.922014 -0.364752 -0.129793 -0.922014 0.364752 -0.129793 0.712245 -0.689827 -0.129792 0.394044 -0.909881 -0.129793 0.264753 0.669241 -0.694278 0.332140 0.839579 -0.429871 0.628150 0.648566 -0.429871 0.500708 0.516980 -0.694279 -0.902775 -0.014435 -0.429871 -0.839580 0.332140 -0.429870 0.839580 -0.332140 -0.429870 0.648566 -0.628152 -0.429869 -0.648566 0.628151 -0.429870 0.358814 -0.828532 -0.429869 -0.358813 0.828531 -0.429872 0.358814 -0.828532 -0.429869 0.014436 -0.902776 -0.429869 -0.014435 0.902774 -0.429872 -0.332141 -0.839580 -0.429869 -0.628151 -0.648566 -0.429870 -0.828531 -0.358814 -0.429870 0.242702 -0.560419 -0.791850 0.286015 -0.660435 -0.694277 0.011507 -0.719616 -0.694277 0.009764 -0.610638 -0.791850 -0.500708 -0.516981 -0.694278 -0.660434 -0.286016 -0.694277 0.660433 0.286015 -0.694279 -0.719615 -0.011505 -0.694278 0.719615 0.011508 -0.694278 0.669241 -0.264754 -0.694278 -0.669240 0.264754 -0.694278 0.516981 -0.500709 -0.694277 -0.516981 0.500707 -0.694279 0.286015 -0.660435 -0.694277 -0.286015 0.660434 -0.694278 -0.011507 0.719615 -0.694278 -0.264754 -0.669241 -0.694278 -0.996985 -0.015942 -0.075942 -0.996985 -0.015941 -0.075942 -0.927196 0.366797 -0.075943 -0.927196 0.366797 -0.075943 -0.242701 0.560417 -0.791852 -0.009764 0.610637 -0.791850 -0.224661 -0.567891 -0.791851 0.224659 0.567890 -0.791852 -0.424881 -0.438689 -0.791851 0.424881 0.438687 -0.791852 
						-0.560417 -0.242702 -0.791851 0.560418 0.242700 -0.791851 -0.610636 -0.009764 -0.791851 0.610637 0.009766 -0.791851 0.567892 -0.224659 -0.791850 -0.567891 0.224660 -0.791851 0.438690 -0.424882 -0.791850 -0.438690 0.424879 -0.791851 0.242702 -0.560419 -0.791850 0.927194 -0.366803 -0.075942 0.927194 -0.366803 -0.075942 0.716248 -0.693702 -0.075942 0.716248 -0.693702 -0.075942 -0.716249 0.693700 -0.075943 -0.716249 0.693700 -0.075943 0.396261 -0.914992 -0.075942 0.396261 -0.914992 -0.075942 -0.396257 0.914994 -0.075943 -0.396257 0.914993 -0.075943 0.396261 -0.914992 -0.075942 0.396261 -0.914992 -0.075942 0.015945 -0.996985 -0.075941 0.015945 -0.996985 -0.075941 -0.015943 0.996985 -0.075943 -0.015943 0.996985 -0.075943 -0.366801 -0.927195 -0.075941 -0.366801 -0.927195 -0.075941 0.366801 0.927194 -0.075943 0.366801 0.927194 -0.075943 -0.693703 -0.716246 -0.075942 -0.693703 -0.716246 -0.075942 0.693704 0.716245 -0.075943 0.693704 0.716245 -0.075943 -0.914994 -0.396255 -0.075942 -0.914994 -0.396255 -0.075942 0.914993 0.396257 -0.075943 0.914994 0.396257 -0.075943 0.996985 0.015940 -0.075943 0.996985 0.015941 -0.075943 0.428390 0.903594 -0.000000 0.049992 0.998750 0.000000 0.049992 0.998750 0.000000 0.428390 0.903594 -0.000000 0.741571 0.670875 0.000000 0.741571 0.670875 0.000000 0.941855 0.336020 0.000000 0.941855 0.336020 0.000000 0.998750 -0.049992 -0.000000 0.941855 0.336020 0.000000 0.941855 0.336020 0.000000 0.998750 -0.049992 -0.000000 0.903593 -0.428392 -0.000000 0.903593 -0.428392 -0.000000 0.670870 -0.741575 0.000000 0.670870 -0.741575 0.000000 0.336016 -0.941856 -0.000000 0.336016 -0.941856 -0.000000 -0.049991 -0.998750 -0.000000 -0.049991 -0.998750 -0.000000 -0.428391 -0.903594 0.000000 -0.428391 -0.903594 0.000000 -0.741570 -0.670875 0.000000 -0.741570 -0.670875 0.000000 -0.941855 -0.336020 0.000000 
						-0.941855 -0.336020 0.000000 -0.998750 0.049993 0.000000 -0.998750 0.049993 0.000000 -0.903594 0.428390 -0.000000 -0.903594 0.428390 -0.000000 -0.670875 0.741570 0.000000 -0.670875 0.741570 0.000000 -0.336018 0.941855 0.000000 -0.336018 0.941855 0.000000 -0.320765 0.152080 -0.934870 -0.320765 0.152081 -0.934870 -0.238156 0.263260 -0.934867 -0.238156 0.263260 -0.934867 0.336016 -0.941856 -0.000000 0.336016 -0.941856 -0.000000 -0.049993 -0.998750 -0.000000 -0.049993 -0.998750 -0.000000 0.152082 0.320777 -0.934865 0.152082 0.320777 -0.934865 0.263264 0.238160 -0.934865 0.263264 0.238160 -0.934865 0.238164 -0.263259 -0.934865 0.238164 -0.263259 -0.934865 0.119286 -0.334361 -0.934866 0.119285 -0.334361 -0.934866 -0.334371 -0.119287 -0.934862 -0.334371 -0.119287 -0.934862 -0.354556 0.017748 -0.934866 -0.354556 0.017748 -0.934866 0.354556 -0.017747 -0.934866 0.354556 -0.017748 -0.934866 0.320780 -0.152080 -0.934865 0.320780 -0.152080 -0.934865 -0.152080 -0.320778 -0.934865 -0.152080 -0.320778 -0.934865 -0.263265 -0.238161 -0.934864 -0.263264 -0.238161 -0.934864 -0.119284 0.334360 -0.934866 -0.119284 0.334360 -0.934866 0.334363 0.119287 -0.934865 0.334363 0.119287 -0.934865 -0.017747 -0.354559 -0.934865 -0.017747 -0.354559 -0.934865 0.017750 0.354558 -0.934866 0.017750 0.354558 -0.934866 0.334363 0.119287 -0.934865 0.334363 0.119287 -0.934865 -0.820510 0.041070 0.570155 -0.735131 0.036797 0.676926 -0.665091 0.315319 0.676925 -0.742335 0.351940 0.570155 0.049992 0.998750 0.000000 0.049992 0.998750 0.000000 0.428391 0.903593 0.000000 0.428391 0.903593 0.000000 -0.336018 0.941856 0.000000 -0.336018 0.941856 0.000000 -0.428392 -0.903593 0.000000 -0.428392 -0.903593 0.000000 0.741573 0.670872 0.000000 0.741573 0.670872 0.000000 -0.741572 -0.670873 0.000000 -0.741572 -0.670873 0.000000 0.941855 0.336019 0.000000 
						0.941855 0.336019 0.000000 -0.941855 -0.336018 -0.000000 -0.941855 -0.336018 -0.000000 0.941855 0.336019 0.000000 0.941855 0.336019 0.000000 0.998750 -0.049992 -0.000000 0.998750 -0.049992 -0.000000 -0.998750 0.049994 0.000000 -0.998750 0.049994 0.000000 0.903593 -0.428392 0.000000 0.903593 -0.428392 0.000000 -0.903594 0.428390 0.000000 -0.903594 0.428390 0.000000 0.670872 -0.741573 0.000000 0.670872 -0.741573 0.000000 -0.670873 0.741572 0.000000 -0.670873 0.741572 0.000000 0.686976 0.621484 0.376592 0.609227 0.551148 0.570156 0.773768 0.276053 0.570156 0.872515 0.311281 0.376592 0.742336 -0.351940 0.570153 0.665092 -0.315319 0.676925 0.493799 -0.545836 0.676923 0.551148 -0.609230 0.570153 -0.493795 0.545836 0.676926 -0.551147 0.609230 0.570154 0.247327 -0.693257 0.676923 0.276052 -0.773771 0.570153 -0.247326 0.693254 0.676926 -0.276052 0.773769 0.570155 -0.036796 -0.735133 0.676923 -0.041069 -0.820512 0.570153 0.041068 0.820510 0.570155 0.036793 0.735131 0.676925 0.315314 0.665093 0.676926 0.351937 0.742337 0.570155 -0.315318 -0.665092 0.676925 -0.351940 -0.742336 0.570153 0.545833 0.493798 0.676926 -0.545839 -0.493798 0.676922 -0.609231 -0.551147 0.570153 0.693252 0.247329 0.676927 -0.693255 -0.247327 0.676925 -0.773769 -0.276053 0.570154 0.773768 0.276053 0.570156 0.693252 0.247329 0.676927 0.735131 -0.036796 0.676926 0.820511 -0.041070 0.570154 0.336004 -0.941816 -0.009132 0.311280 -0.872516 0.376591 -0.046310 -0.925221 0.376591 -0.049991 -0.998708 -0.009132 -0.686978 -0.621482 0.376591 -0.872516 -0.311280 0.376591 0.872515 0.311281 0.376592 0.925221 -0.046311 0.376591 -0.925221 0.046310 0.376591 0.837070 -0.396854 0.376591 -0.837069 0.396854 0.376593 0.621482 -0.686979 0.376591 -0.621482 0.686978 0.376592 -0.311281 0.872515 0.376591 0.046312 0.925221 0.376592 
						0.396851 0.837071 0.376592 -0.396853 -0.837071 0.376591 -0.871608 0.043628 -0.488259 -0.998708 0.049988 -0.009133 -0.903555 0.428375 -0.009132 -0.788565 0.373856 -0.488259 0.049990 0.998708 -0.009132 0.428373 0.903556 -0.009132 -0.336005 0.941816 -0.009133 -0.428374 -0.903555 -0.009132 0.741541 0.670845 -0.009133 -0.741543 -0.670844 -0.009133 0.941816 0.336004 -0.009132 -0.941817 -0.336003 -0.009133 0.941816 0.336004 -0.009132 0.998708 -0.049990 -0.009131 0.903555 -0.428374 -0.009131 0.670844 -0.741542 -0.009131 -0.670844 0.741542 -0.009132 -0.534684 -0.483710 -0.692919 -0.647172 -0.585469 -0.488257 -0.821957 -0.293243 -0.488257 -0.679093 -0.242274 -0.692918 0.788564 -0.373858 -0.488258 0.585469 -0.647171 -0.488259 -0.585471 0.647169 -0.488258 0.293243 -0.821956 -0.488258 -0.293243 0.821957 -0.488258 -0.043629 -0.871608 -0.488258 0.043629 0.871608 -0.488258 0.373857 0.788565 -0.488258 -0.373859 -0.788564 -0.488257 0.647169 0.585470 -0.488259 0.821955 0.293243 -0.488260 0.821955 0.293243 -0.488260 0.871608 -0.043627 -0.488258 0.034674 0.692741 -0.720353 0.036045 0.720115 -0.692918 0.308877 0.651505 -0.692919 0.297136 0.626739 -0.720353 0.679090 0.242275 -0.692921 0.720112 -0.036044 -0.692921 -0.720114 0.036046 -0.692919 0.651502 -0.308878 -0.692921 -0.651504 0.308877 -0.692920 0.483707 -0.534686 -0.692920 -0.483710 0.534685 -0.692919 0.242277 -0.679092 -0.692918 -0.242274 0.679093 -0.692918 -0.036044 -0.720113 -0.692920 -0.308877 -0.651504 -0.692920 0.534684 0.483710 -0.692920 0.679090 0.242275 -0.692921 0.903593 -0.428393 0.000278 0.903593 -0.428393 0.000278 0.670873 -0.741572 0.000275 0.670873 -0.741572 0.000275 -0.233066 0.653278 -0.720353 -0.034672 -0.692739 -0.720355 -0.297133 -0.626737 -0.720356 0.514361 0.465322 -0.720353 -0.514356 -0.465322 -0.720356 0.653277 0.233065 -0.720355 -0.653277 -0.233065 -0.720354 
						0.653277 0.233065 -0.720355 0.692738 -0.034675 -0.720355 -0.692739 0.034675 -0.720354 0.626739 -0.297135 -0.720353 -0.626736 0.297137 -0.720355 0.465324 -0.514359 -0.720353 -0.465321 0.514360 -0.720354 0.233069 -0.653277 -0.720353 -0.531890 -0.481179 0.696821 -0.526451 -0.476258 0.704292 -0.668631 -0.238544 0.704294 -0.675539 -0.241008 0.696823 -0.903593 0.428392 0.000278 -0.903593 0.428393 0.000278 -0.670873 0.741572 0.000278 -0.670873 0.741572 0.000278 0.336020 -0.941855 0.000275 0.336020 -0.941855 0.000275 -0.336017 0.941856 0.000278 -0.336018 0.941856 0.000278 -0.049993 -0.998750 0.000277 -0.049993 -0.998750 0.000277 0.049992 0.998750 0.000277 0.049992 0.998750 0.000277 0.428392 0.903593 0.000277 0.428392 0.903593 0.000277 -0.428394 -0.903592 0.000278 -0.428394 -0.903592 0.000278 0.741573 0.670872 0.000279 0.741573 0.670872 0.000279 -0.741574 -0.670872 0.000279 -0.741574 -0.670871 0.000279 0.941855 0.336019 0.000280 0.941856 0.336018 0.000280 -0.941856 -0.336017 0.000278 -0.941856 -0.336017 0.000278 0.941856 0.336018 0.000280 0.941855 0.336019 0.000280 0.998750 -0.049990 0.000279 0.998750 -0.049991 0.000279 -0.998749 0.049995 0.000278 -0.998749 0.049996 0.000278 0.041186 0.822797 0.566840 0.035855 0.716348 0.696821 0.307268 0.648097 0.696819 0.352928 0.744403 0.566839 0.675541 0.241007 0.696822 0.668631 0.238543 0.704294 0.709022 -0.035490 0.704293 0.716346 -0.035857 0.696823 -0.709021 0.035491 0.704294 -0.716341 0.035857 0.696829 0.641469 -0.304120 0.704293 0.648094 -0.307263 0.696824 -0.641473 0.304118 0.704291 -0.648096 0.307261 0.696823 0.476262 -0.526447 0.704292 0.481182 -0.531889 0.696820 -0.476262 0.526448 0.704291 -0.481184 0.531888 0.696819 0.238544 -0.668630 0.704295 0.241008 -0.675542 0.696820 -0.238542 0.668632 0.704293 -0.241013 0.675541 0.696819 
						-0.035491 -0.709021 0.704294 -0.035856 -0.716349 0.696820 0.035489 0.709022 0.704293 0.304124 0.641471 0.704289 -0.304120 -0.641469 0.704293 -0.307257 -0.648098 0.696823 0.526452 0.476260 0.704291 0.531895 0.481178 0.696818 0.668631 0.238543 0.704294 0.675541 0.241007 0.696822 0.880680 -0.417529 0.223770 0.744403 -0.352921 0.566843 0.552682 -0.610928 0.566841 0.653861 -0.722766 0.223772 -0.276826 0.775926 0.566838 -0.041182 -0.822799 0.566838 -0.352921 -0.744405 0.566840 0.610932 0.552681 0.566839 -0.610931 -0.552681 0.566840 0.775930 0.276821 0.566835 -0.775926 -0.276820 0.566841 0.775930 0.276821 0.566835 0.822801 -0.041187 0.566835 -0.822795 0.041185 0.566844 -0.744404 0.352922 0.566842 -0.552685 0.610928 0.566838 0.276822 -0.775927 0.566839 -0.707017 -0.639614 -0.301696 -0.722769 -0.653859 0.223770 -0.917972 -0.327497 0.223769 -0.897970 -0.320361 -0.301694 -0.880680 0.417528 0.223769 -0.653862 0.722767 0.223770 0.327500 -0.917971 0.223771 -0.327500 0.917971 0.223770 -0.048721 -0.973424 0.223769 0.048726 0.973423 0.223770 0.417530 0.880679 0.223770 -0.417529 -0.880680 0.223769 0.722767 0.653861 0.223771 0.917973 0.327496 0.223765 0.917973 0.327496 0.223765 0.973425 -0.048726 0.223764 -0.973424 0.048725 0.223767 -0.228217 0.639703 -0.733959 -0.320361 0.897969 -0.301695 0.047663 0.952212 -0.301695 0.033955 0.678345 -0.733958 0.897970 0.320361 -0.301694 0.952213 -0.047663 -0.301694 -0.952213 0.047664 -0.301693 0.861490 -0.408431 -0.301695 -0.861490 0.408431 -0.301694 0.639613 -0.707018 -0.301696 -0.639614 0.707018 -0.301695 0.320362 -0.897969 -0.301695 -0.047662 -0.952213 -0.301695 0.408428 0.861491 -0.301695 -0.408428 -0.861491 -0.301695 0.707018 0.639614 -0.301695 0.897970 0.320361 -0.301694 -0.524304 0.248575 -0.814442 -0.613714 0.290962 -0.733959 -0.455648 0.503674 -0.733960 
						-0.389266 0.430296 -0.814443 -0.033957 -0.678345 -0.733959 -0.290961 -0.613715 -0.733959 0.290958 0.613716 -0.733959 0.503670 0.455654 -0.733959 -0.503673 -0.455652 -0.733958 0.639704 0.228222 -0.733958 -0.639704 -0.228221 -0.733958 0.639704 0.228222 -0.733958 0.678346 -0.033953 -0.733958 -0.678347 0.033954 -0.733957 0.613717 -0.290960 -0.733957 0.455653 -0.503672 -0.733959 0.228218 -0.639703 -0.733959 0.634359 0.226314 -0.739169 0.546511 0.194974 -0.814439 0.579522 -0.029008 -0.814440 0.672675 -0.033672 -0.739171 0.389274 -0.430296 -0.814439 0.194972 -0.546511 -0.814439 -0.194972 0.546508 -0.814441 -0.029008 -0.579522 -0.814440 0.029008 0.579521 -0.814441 0.248571 0.524308 -0.814441 -0.248573 -0.524308 -0.814440 0.430294 0.389273 -0.814441 -0.430297 -0.389273 -0.814439 0.546511 0.194974 -0.814439 -0.546511 -0.194974 -0.814439 -0.579523 0.029008 -0.814440 0.524309 -0.248572 -0.814439 -0.692762 0.034677 -0.720332 -0.626758 0.297148 -0.720332 0.692765 -0.034675 -0.720330 0.626765 -0.297144 -0.720328 -0.653299 -0.233073 -0.720332 0.653300 0.233074 -0.720331 -0.514377 -0.465336 -0.720332 0.514379 0.465338 -0.720330 0.653300 0.233074 -0.720331 -0.297144 -0.626758 -0.720333 0.297146 0.626762 -0.720329 -0.034673 -0.692763 -0.720332 -0.233072 0.653301 -0.720330 0.034677 0.692766 -0.720329 0.233074 -0.653299 -0.720331 -0.465338 0.514379 -0.720330 0.465342 -0.514375 -0.720330 -0.903595 0.428388 -0.000000 -0.903595 0.428388 -0.000000 -0.670878 0.741567 0.000000 -0.670878 0.741567 0.000000 -0.634359 -0.226314 -0.739168 -0.672677 0.033672 -0.739170 0.608584 -0.288530 -0.739172 -0.608581 0.288531 -0.739174 0.451844 -0.499463 -0.739171 -0.451841 0.499462 -0.739173 0.226315 -0.634359 -0.739169 -0.226315 0.634354 -0.739173 -0.033670 -0.672677 -0.739170 0.033673 0.672674 -0.739173 0.288529 0.608585 -0.739172 -0.288528 -0.608587 -0.739171 
						0.499460 0.451846 -0.739172 -0.499461 -0.451847 -0.739171 0.634359 0.226314 -0.739169 0.682818 0.243608 0.688778 0.618056 0.220493 0.754579 0.655385 -0.032806 0.754582 0.724069 -0.036242 0.688775 0.670872 -0.741573 -0.000000 0.670872 -0.741573 -0.000000 0.336018 -0.941856 -0.000000 0.336018 -0.941856 -0.000000 -0.336022 0.941854 0.000000 -0.336022 0.941854 0.000000 -0.049997 -0.998749 0.000000 -0.049997 -0.998749 0.000000 0.049990 0.998750 0.000000 0.049990 0.998750 0.000000 0.428392 0.903593 0.000000 0.428392 0.903593 0.000000 -0.428398 -0.903590 0.000000 -0.428398 -0.903590 0.000000 0.741573 0.670873 0.000000 0.741573 0.670873 0.000000 -0.741576 -0.670869 0.000000 -0.741576 -0.670869 0.000000 0.941854 0.336021 0.000000 0.941854 0.336021 0.000000 -0.941857 -0.336014 0.000000 -0.941857 -0.336014 0.000000 0.941854 0.336021 0.000000 0.941854 0.336021 0.000000 0.998750 -0.049989 0.000000 0.998750 -0.049989 0.000000 -0.998750 0.049993 0.000000 -0.998750 0.049993 0.000000 0.903593 -0.428392 -0.000000 0.903593 -0.428392 -0.000000 -0.046002 -0.918979 0.391615 -0.036245 -0.724063 0.688781 -0.310576 -0.655080 0.688777 -0.394178 -0.831423 0.391611 -0.682820 -0.243607 0.688777 -0.618043 -0.220500 0.754588 -0.655381 0.032808 0.754586 -0.724067 0.036243 0.688777 0.592940 -0.281110 0.754585 0.655084 -0.310575 0.688773 -0.592938 0.281114 0.754586 -0.655090 0.310570 0.688770 0.440229 -0.486621 0.754585 0.486369 -0.537624 0.688771 -0.440242 0.486621 0.754578 -0.486375 0.537618 0.688772 0.220492 -0.618046 0.754588 0.243607 -0.682820 0.688776 -0.220505 0.618047 0.754583 -0.243603 0.682819 0.688778 -0.032804 -0.655377 0.754589 0.036247 0.724066 0.688777 0.032811 0.655381 0.754585 0.281112 0.592940 0.754585 0.310574 0.655083 0.688774 -0.281119 -0.592939 0.754583 0.486621 0.440227 0.754586 
						0.537613 0.486371 0.688778 -0.486617 -0.440233 0.754585 -0.537620 -0.486368 0.688775 0.618056 0.220493 0.754579 0.682818 0.243608 0.688778 -0.903129 0.428174 -0.032013 -0.831427 0.394177 0.391604 -0.617290 0.682346 0.391609 -0.670524 0.741197 -0.032013 0.394175 0.831426 0.391607 0.682336 0.617296 0.391616 -0.682343 -0.617293 0.391608 0.866625 0.309186 0.391619 -0.866630 -0.309182 0.391610 0.866625 0.309186 0.391619 0.918980 -0.045997 0.391612 -0.918980 0.046000 0.391611 0.831424 -0.394179 0.391608 0.617291 -0.682347 0.391605 0.309183 -0.866630 0.391609 -0.309177 0.866630 0.391615 0.046001 0.918981 0.391610 -0.827210 -0.295114 -0.478155 -0.941373 -0.335844 -0.032010 -0.998238 0.049969 -0.032013 -0.877174 0.043910 -0.478161 0.670526 -0.741195 -0.032011 0.335844 -0.941373 -0.032018 -0.335840 0.941375 -0.032015 -0.049965 -0.998238 -0.032020 0.049966 0.998238 -0.032017 0.428168 0.903132 -0.032017 -0.428175 -0.903129 -0.032015 0.741192 0.670530 -0.032012 -0.741194 -0.670527 -0.032012 0.941373 0.335845 -0.032013 0.941373 0.335845 -0.032013 0.998238 -0.049967 -0.032015 0.903130 -0.428173 -0.032013 0.293514 0.619108 -0.728392 0.376240 0.793601 -0.478164 0.651303 0.589208 -0.478162 0.508099 0.459657 -0.728389 0.877173 -0.043909 -0.478163 0.793600 -0.376245 -0.478161 -0.793601 0.376243 -0.478162 0.589207 -0.651306 -0.478159 -0.589208 0.651304 -0.478160 0.295109 -0.827206 -0.478164 -0.295110 0.827207 -0.478161 -0.043907 -0.877172 -0.478165 0.043904 0.877173 -0.478163 -0.376250 -0.793599 -0.478159 -0.651309 -0.589207 -0.478155 0.827208 0.295112 -0.478159 0.827208 0.295112 -0.478159 0.669726 -0.740303 0.058458 0.669725 -0.740305 0.058458 0.335443 -0.940245 0.058454 0.335445 -0.940244 0.058454 -0.293526 -0.619109 -0.728386 -0.508106 -0.459656 -0.728385 0.645330 0.230227 -0.728385 -0.645329 -0.230226 -0.728386 
						0.645330 0.230227 -0.728385 0.684306 -0.034255 -0.728390 -0.684304 0.034255 -0.728392 0.619108 -0.293518 -0.728391 -0.619103 0.293520 -0.728394 0.459659 -0.508095 -0.728391 -0.459656 0.508101 -0.728388 0.230223 -0.645326 -0.728390 -0.230231 0.645324 -0.728389 -0.034258 -0.684308 -0.728387 0.034247 0.684305 -0.728391 -0.848594 0.042476 0.527336 -0.598874 0.029977 0.800282 -0.541817 0.256877 0.800280 -0.767746 0.363982 0.527336 -0.669725 0.740306 0.058444 -0.669726 0.740304 0.058444 -0.335446 0.940245 0.058448 -0.335444 0.940245 0.058448 -0.049909 -0.997042 0.058451 -0.049907 -0.997042 0.058451 0.049909 0.997042 0.058452 0.049906 0.997042 0.058452 0.427658 0.902048 0.058455 0.427660 0.902048 0.058455 -0.427661 -0.902048 0.058448 -0.427659 -0.902048 0.058448 0.740304 0.669725 0.058458 0.740306 0.669724 0.058458 -0.740306 -0.669725 0.058445 -0.740305 -0.669726 0.058445 0.940244 0.335446 0.058460 0.940244 0.335445 0.058460 -0.940246 -0.335443 0.058442 -0.940246 -0.335444 0.058442 0.940244 0.335445 0.058460 0.940244 0.335446 0.058460 0.997042 -0.049904 0.058461 0.997042 -0.049904 0.058461 -0.997043 0.049905 0.058442 -0.997043 0.049905 0.058442 0.902047 -0.427661 0.058460 0.902047 -0.427661 0.058460 -0.902049 0.427660 0.058443 -0.902048 0.427660 0.058443 0.730180 0.660567 0.174612 0.630079 0.570013 0.527338 0.800252 0.285502 0.527339 0.927385 0.330858 0.174613 0.767741 -0.363988 0.527339 0.541817 -0.256878 0.800280 0.402276 -0.444666 0.800279 0.570012 -0.630083 0.527335 -0.402275 0.444666 0.800279 -0.570013 0.630082 0.527334 0.201486 -0.564763 0.800278 0.285502 -0.800254 0.527335 -0.201488 0.564764 0.800278 -0.285500 0.800256 0.527333 -0.029983 -0.598878 0.800279 -0.042479 -0.848595 0.527335 0.042476 0.848596 0.527334 0.029979 0.598882 0.800276 0.256876 0.541822 0.800278 
						0.363986 0.767745 0.527334 -0.256878 -0.541817 0.800280 -0.363987 -0.767743 0.527336 0.444664 0.402276 0.800280 -0.444662 -0.402275 0.800282 -0.630080 -0.570013 0.527337 0.564760 0.201489 0.800280 -0.564758 -0.201487 0.800282 -0.800253 -0.285501 0.527337 0.800252 0.285502 0.527339 0.564760 0.201489 0.800280 0.598875 -0.029977 0.800281 0.848593 -0.042476 0.527339 0.334635 -0.937978 0.090643 0.330857 -0.927386 0.174610 -0.049225 -0.983406 0.174611 -0.049787 -0.994638 0.090644 -0.730180 -0.660567 0.174610 -0.927386 -0.330857 0.174610 0.927385 0.330858 0.174613 0.983406 -0.049223 0.174612 -0.983407 0.049223 0.174609 0.889711 -0.421812 0.174612 -0.889713 0.421808 0.174609 0.660566 -0.730181 0.174610 -0.660567 0.730181 0.174608 -0.330856 0.927387 0.174609 0.049223 0.983406 0.174610 0.421812 0.889711 0.174609 -0.421811 -0.889711 0.174611 -0.998547 0.049982 0.020136 -0.994638 0.049787 0.090643 -0.899873 0.426629 0.090643 -0.903410 0.428304 0.020136 0.049787 0.994638 0.090644 0.426629 0.899873 0.090643 -0.334635 0.937978 0.090644 -0.426629 -0.899873 0.090644 0.738519 0.668112 0.090643 -0.738520 -0.668111 0.090644 0.937978 0.334636 0.090643 -0.937978 -0.334635 0.090643 0.937978 0.334636 0.090643 0.994638 -0.049786 0.090643 0.899873 -0.426628 0.090643 0.668112 -0.738519 0.090643 -0.668111 0.738519 0.090644 0.741476 0.670786 -0.016077 0.741422 0.670737 0.020136 0.941664 0.335951 0.020135 0.941733 0.335976 -0.016077 0.903410 -0.428305 0.020136 0.670739 -0.741421 0.020136 -0.670737 0.741422 0.020136 0.335951 -0.941664 0.020135 -0.335950 0.941665 0.020136 -0.049983 -0.998547 0.020136 0.049982 0.998547 0.020136 0.428305 0.903410 0.020136 -0.428306 -0.903410 0.020136 -0.741423 -0.670736 0.020136 -0.941665 -0.335950 0.020136 0.941664 0.335951 0.020135 0.998547 -0.049982 0.020136 
						0.719687 -0.341202 0.604676 0.599583 -0.284260 0.748129 0.445160 -0.492073 0.748129 0.534332 -0.590641 0.604675 -0.741478 -0.670785 -0.016077 -0.941734 -0.335975 -0.016077 0.941733 0.335976 -0.016077 0.998621 -0.049985 -0.016077 -0.998621 0.049985 -0.016077 0.903477 -0.428335 -0.016077 -0.903477 0.428336 -0.016077 0.670788 -0.741475 -0.016077 -0.670786 0.741476 -0.016077 0.335975 -0.941734 -0.016077 -0.335974 0.941734 -0.016077 -0.049987 -0.998620 -0.016077 0.049986 0.998621 -0.016077 0.428336 0.903477 -0.016077 -0.428337 -0.903476 -0.016077 -0.665628 -0.602168 0.440832 -0.590640 -0.534331 0.604677 -0.750160 -0.267629 0.604677 -0.845400 -0.301606 0.440832 -0.719687 0.341202 0.604676 -0.599586 0.284262 0.748125 -0.445161 0.492076 0.748126 -0.534330 0.590642 0.604676 0.222966 -0.624973 0.748128 0.267630 -0.750161 0.604675 -0.222966 0.624975 0.748126 -0.267628 0.750162 0.604675 -0.033174 -0.662725 0.748128 -0.039818 -0.795475 0.604676 0.039818 0.795476 0.604676 0.033173 0.662726 0.748127 0.284261 0.599584 0.748128 0.341201 0.719686 0.604676 -0.284261 -0.599583 0.748128 -0.341202 -0.719685 0.604678 0.492074 0.445163 0.748126 0.590641 0.534333 0.604675 -0.492075 -0.445162 0.748127 0.624974 0.222969 0.748125 0.750161 0.267630 0.604675 -0.624973 -0.222966 0.748128 0.750161 0.267630 0.604675 0.624974 0.222969 0.748125 0.662726 -0.033171 0.748127 0.795476 -0.039815 0.604676 -0.662726 0.033174 0.748127 -0.795475 0.039818 0.604677 0.047314 0.945222 0.322981 0.044872 0.896468 0.440831 0.384518 0.811057 0.440831 0.405432 0.855166 0.322981 0.845401 0.301606 0.440831 0.896468 -0.044871 0.440830 -0.896468 0.044872 0.440831 0.811057 -0.384520 0.440830 -0.811057 0.384519 0.440830 0.602169 -0.665628 0.440831 -0.602169 0.665628 0.440831 0.301607 -0.845400 0.440831 -0.301607 0.845401 0.440830 
						-0.044874 -0.896468 0.440831 -0.384521 -0.811056 0.440831 0.665627 0.602170 0.440831 0.845401 0.301606 0.440831 0.897745 -0.425619 0.113589 0.855166 -0.405432 0.322981 0.634918 -0.701828 0.322980 0.666531 -0.736773 0.113589 -0.318009 0.891378 0.322978 -0.047313 -0.945223 0.322978 -0.405433 -0.855167 0.322976 0.701828 0.634918 0.322980 -0.701829 -0.634919 0.322976 0.891377 0.318010 0.322980 -0.891378 -0.318010 0.322979 0.891377 0.318010 0.322980 0.945222 -0.047312 0.322980 -0.945222 0.047312 0.322980 -0.855166 0.405433 0.322979 -0.634918 0.701829 0.322978 0.318009 -0.891378 0.322980 -0.735300 -0.665197 -0.129793 -0.736774 -0.666530 0.113586 -0.935760 -0.333844 0.113587 -0.933888 -0.333176 -0.129795 -0.897744 0.425620 0.113589 -0.666531 0.736773 0.113588 0.333844 -0.935759 0.113591 -0.333844 0.935760 0.113588 -0.049669 -0.992285 0.113589 0.049669 0.992285 0.113589 0.425620 0.897745 0.113590 -0.425620 -0.897745 0.113586 0.736772 0.666531 0.113590 0.935759 0.333844 0.113591 0.935759 0.333844 0.113591 0.992285 -0.049668 0.113590 -0.992285 0.049669 0.113589 -0.303387 0.850392 -0.429871 -0.333176 0.933888 -0.129796 0.049569 0.990301 -0.129796 0.045138 0.901761 -0.429871 0.933888 0.333176 -0.129794 0.990301 -0.049568 -0.129795 -0.990301 0.049570 -0.129796 0.895949 -0.424768 -0.129795 -0.895949 0.424768 -0.129796 0.665199 -0.735299 -0.129794 -0.665198 0.735299 -0.129796 0.333177 -0.933888 -0.129793 -0.049570 -0.990301 -0.129794 0.424769 0.895949 -0.129795 -0.424769 -0.895949 -0.129793 0.735300 0.665197 -0.129794 0.933888 0.333176 -0.129794 -0.650322 0.308317 -0.694278 -0.815846 0.386790 -0.429871 -0.605725 0.669558 -0.429871 -0.482832 0.533716 -0.694277 -0.045139 -0.901762 -0.429870 -0.386792 -0.815846 -0.429869 0.386790 0.815846 -0.429871 0.669558 0.605725 -0.429872 -0.669559 -0.605725 -0.429870 
						0.850392 0.303389 -0.429871 -0.850393 -0.303387 -0.429871 0.850392 0.303389 -0.429871 0.901762 -0.045136 -0.429870 -0.901761 0.045138 -0.429871 0.815846 -0.386791 -0.429870 0.605725 -0.669558 -0.429870 0.303389 -0.850392 -0.429871 0.575205 0.205212 -0.791851 0.677860 0.241836 -0.694277 0.718808 -0.035978 -0.694277 0.609951 -0.030529 -0.791851 0.482833 -0.533716 -0.694276 0.241837 -0.677861 -0.694276 -0.241835 0.677860 -0.694277 -0.035980 -0.718809 -0.694276 0.035980 0.718807 -0.694278 0.308316 0.650323 -0.694278 -0.308317 -0.650322 -0.694278 0.533714 0.482832 -0.694278 -0.533714 -0.482831 -0.694279 0.677860 0.241836 -0.694277 -0.677860 -0.241834 -0.694278 -0.718807 0.035979 -0.694278 0.650323 -0.308318 -0.694277 -0.049847 -0.995865 -0.075942 -0.049847 -0.995865 -0.075942 -0.427154 -0.900984 -0.075942 -0.427154 -0.900984 -0.075942 -0.575205 -0.205212 -0.791851 -0.609950 0.030531 -0.791851 0.551838 -0.261626 -0.791850 -0.551836 0.261627 -0.791852 0.409713 -0.452891 -0.791849 -0.409711 0.452890 -0.791850 0.205213 -0.575205 -0.791850 -0.205211 0.575204 -0.791851 -0.030530 -0.609950 -0.791851 0.030532 0.609951 -0.791851 0.261624 0.551839 -0.791850 -0.261625 -0.551836 -0.791852 0.452888 0.409713 -0.791851 -0.452888 -0.409711 -0.791852 0.575205 0.205212 -0.791851 0.427155 0.900984 -0.075942 0.427155 0.900984 -0.075942 0.739429 0.668937 -0.075942 0.739429 0.668937 -0.075942 -0.739428 -0.668939 -0.075943 -0.739428 -0.668939 -0.075943 0.939134 0.335051 -0.075942 0.939135 0.335051 -0.075942 -0.939136 -0.335048 -0.075944 -0.939136 -0.335048 -0.075944 0.939135 0.335051 -0.075942 0.939134 0.335051 -0.075942 0.995866 -0.049846 -0.075941 0.995866 -0.049846 -0.075941 -0.995865 0.049850 -0.075944 -0.995865 0.049850 -0.075944 0.900983 -0.427156 -0.075942 0.900983 -0.427156 -0.075942 -0.900985 0.427152 -0.075943 -0.900985 0.427152 -0.075943 
						0.668934 -0.739433 -0.075942 0.668934 -0.739432 -0.075942 -0.668934 0.739432 -0.075944 -0.668934 0.739432 -0.075944 0.335050 -0.939135 -0.075943 0.335050 -0.939135 -0.075943 -0.335045 0.939137 -0.075943 -0.335045 0.939137 -0.075943 0.049847 0.995865 -0.075943 0.049847 0.995865 -0.075943 -0.000000 0.000000 1.000000 -0.000000 0.000000 1.000000 0.000000 0.000000 1.000000 0.000000 0.000000 1.000000 -0.000001 0.000000 1.000000 -0.000000 0.000000 1.000000 0.000000 0.000000 1.000000 0.000000 0.000000 1.000000 0.000000 0.000000 1.000000 0.000000 0.000000 1.000000 0.000000 0.000000 1.000000 -0.000000 0.000000 1.000000 0.000000 0.000000 1.000000 -0.000000 0.000000 1.000000 -0.000000 0.000000 1.000000 -0.000000 0.000000 1.000000 -0.000000 0.000000 1.000000 -0.000000 0.000000 1.000000 -0.000000 0.000000 1.000000 -0.000000 0.000000 1.000000 -0.000000 0.000000 1.000000 -0.000000 0.000000 1.000000 -0.000000 0.000000 1.000000 -0.000000 0.000000 1.000000 -0.000000 0.000000 1.000000 -0.000000 0.000000 1.000000 -0.000000 0.000000 1.000000 -0.000000 0.000000 1.000000 -0.000000 0.000000 1.000000 -0.000000 0.000000 1.000000 0.000000 0.000000 1.000000 -0.000000 0.000000 1.000000 -0.000000 0.000000 1.000000 -0.000000 0.000000 1.000000 -0.000000 0.000000 1.000000 0.000001 0.000000 1.000000 -0.000000 0.000000 1.000000 0.000001 0.000000 1.000000 0.000000 0.000000 1.000000 -0.000000 0.000000 1.000000 0.000000 0.000000 1.000000 -0.000000 0.000000 1.000000 0.000000 0.000000 1.000000 -0.000001 0.000000 1.000000 -0.000000 0.000000 1.000000 -0.000000 0.000000 1.000000 -0.000000 0.000000 1.000000 0.000000 0.000000 1.000000 -0.000000 0.000000 1.000000 0.000000 0.000000 1.000000 -0.000000 0.000000 1.000000 -0.000000 0.000000 1.000000 -0.000000 0.000000 1.000000 0.000000 0.000000 1.000000 
						-0.000000 0.000000 1.000000 0.000000 0.000000 1.000000 0.000000 0.000000 1.000000 -0.000000 0.000000 1.000000 0.000000 0.000000 1.000000 -0.000000 0.000000 1.000000 -0.000000 0.000000 1.000000 -0.000000 0.000000 1.000000 -0.000000 0.000000 1.000000 -0.000000 0.000000 1.000000 -0.000000 0.000000 1.000000 -0.000000 0.000000 -1.000000 -0.000000 -0.000000 -1.000000 -0.000000 -0.000000 -1.000000 -0.000000 -0.000000 -1.000000 0.000000 -0.000000 -1.000000 -0.000000 -0.000000 -1.000000 -0.000000 -0.000000 -1.000000 -0.000000 -0.000000 -1.000000 -0.000000 -0.000000 -1.000000 -0.000000 -0.000000 -1.000000 0.000000 -0.000000 -1.000000 0.000001 -0.000000 -1.000000 0.000000 -0.000000 -1.000000 -0.000000 0.000000 -1.000000 -0.000000 0.000000 -1.000000 -0.000000 0.000000 -1.000000 -0.000000 0.000000 -1.000000 -0.000000 0.000000 -1.000000 -0.000000 0.000000 -1.000000 -0.000000 0.000000 -1.000000 -0.000000 0.000000 -1.000000 -0.000000 0.000000 -1.000000 -0.000000 0.000000 -1.000000 0.000000 0.000000 -1.000000 0.000000 -0.000000 -1.000000 0.000000 -0.000000 -1.000000 0.000000 -0.000000 -1.000000 0.000000 -0.000000 -1.000000 0.000000 -0.000000 -1.000000 0.000000 -0.000000 -1.000000 -0.000000 -0.000000 -1.000000 -0.000000 -0.000000 -1.000000 0.000000 -0.000000 -1.000000 -0.000000 -0.000000 -1.000000 0.000000 -0.000000 -1.000000 -0.000001 0.000000 -1.000000 -0.000000 0.000000 -1.000000 -0.000001 0.000000 -1.000000 0.000000 0.000000 -1.000000 -0.000000 0.000000 -1.000000 0.000000 0.000000 -1.000000 0.000000 0.000000 -1.000000 0.000000 0.000000 -1.000000 0.000001 0.000000 -1.000000 0.000000 0.000000 -1.000000 0.000000 0.000000 -1.000000 -0.000000 0.000000 -1.000000 -0.000000 0.000000 -1.000000 0.000000 0.000000 -1.000000 -0.000000 0.000000 -1.000000 -0.000000 0.000000 -1.000000 0.000000 0.000000 -1.000000 -0.000000 0.000000 -1.000000 
						0.000000 0.000000 -1.000000 -0.000000 0.000000 -1.000000 -0.000000 0.000000 -1.000000 -0.000000 0.000000 -1.000000 0.000000 0.000000 -1.000000 0.000000 0.000000 -1.000000 -0.000000 0.000000 -1.000000 0.000000 0.000000 -1.000000 -0.000000 0.000000 -1.000000 -0.000000 0.000000 -1.000000 -0.000000 0.000000 -1.000000 -0.000000 0.000000 -1.000000 -0.869598 -0.493761 -0.000000 -0.869598 -0.493761 -0.000000 -0.966379 -0.257121 -0.000000 -0.966379 -0.257121 -0.000000 -0.515551 -0.856859 -0.000000 -0.515551 -0.856859 -0.000000 -0.281427 -0.959583 -0.000000 -0.281427 -0.959583 -0.000000 0.515549 -0.856860 0.000000 0.515549 -0.856860 0.000000 0.281425 -0.959583 -0.000000 0.281425 -0.959583 -0.000000 0.869598 -0.493761 -0.000000 0.869598 -0.493761 -0.000000 0.966380 -0.257119 0.000000 0.966380 -0.257119 0.000000 -0.515550 0.856859 0.000000 -0.515550 0.856859 0.000000 -0.281426 0.959583 0.000000 -0.281426 0.959583 0.000000 -0.869598 0.493760 0.000000 -0.869598 0.493760 0.000000 -0.966379 0.257120 0.000000 -0.966379 0.257120 0.000000 0.869598 0.493760 0.000000 0.869598 0.493760 0.000000 0.966380 0.257119 0.000000 0.966380 0.257119 0.000000 0.515550 0.856860 0.000000 0.515550 0.856860 0.000000 0.281426 0.959583 0.000000 0.281426 0.959583 0.000000 -0.892874 0.450306 0.000000 -0.892874 0.450306 0.000000 -0.992436 0.122766 -0.000000 -0.992436 0.122766 -0.000000 -0.992436 -0.122766 0.000000 -0.992436 -0.122766 0.000000 -0.921020 -0.389515 -0.000000 -0.921020 -0.389515 -0.000000 0.892670 -0.450711 -0.000000 0.892670 -0.450711 -0.000000 0.992436 -0.122766 0.000000 0.992436 -0.122766 0.000000 0.992436 0.122766 -0.000000 0.992436 0.122766 -0.000000 0.921671 0.387973 0.000000 0.921671 0.387973 0.000000 -0.447135 -0.894467 -0.000000 -0.447135 -0.894467 -0.000000 -0.112902 -0.993606 -0.000000 -0.112902 -0.993606 -0.000000 
						0.112902 -0.993606 0.000000 0.112902 -0.993606 0.000000 0.385755 -0.922601 0.000000 0.385755 -0.922601 0.000000 0.443060 0.896492 0.000000 0.443059 0.896492 0.000000 0.112902 0.993606 0.000000 0.112902 0.993606 0.000000 -0.112902 0.993606 0.000000 -0.112902 0.993606 0.000000 -0.385887 0.922546 0.000000 -0.385887 0.922546 0.000000 -0.772477 0.635043 0.000000 -0.772477 0.635043 0.000000 0.536062 -0.844178 -0.000000 0.536062 -0.844178 -0.000000 -0.850397 -0.526141 0.000000 -0.850397 -0.526141 0.000000 0.637870 0.770144 0.000000 0.637870 0.770144 0.000000 0.771901 -0.635743 -0.000000 0.771901 -0.635743 -0.000000 -0.536304 0.844025 0.000000 -0.536304 0.844025 0.000000 -0.644853 -0.764306 0.000000 -0.644853 -0.764306 0.000000 0.852153 0.523292 0.000000 0.852153 0.523292 0.000000 
					</float_array>
					<technique_common>
						<accessor count="4316" offset="0" source="#meshId0-normals-array" stride="3">
							<param name="X" type="float" />
							<param name="Y" type="float" />
							<param name="Z" type="float" />
						</accessor>
					</technique_common>
				</source>
				<source id="meshId0-tangents" name="meshId0-tangents">
					<float_array id="meshId0-tangents-array" count="12948"> 
						0.521255 -0.853401 -0.000000 0.620735 -0.784020 -0.000000 0.186365 -0.982481 0.000000 0.086809 -0.996225 0.000000 -0.785598 0.618737 0.000000 -0.792416 0.609981 0.000052 -0.783088 0.621911 0.000080 -0.900848 0.222040 -0.373057 -0.814635 -0.000000 -0.579974 -0.824138 -0.000000 -0.566390 -0.901873 0.222293 -0.370420 0.935656 0.352914 -0.000002 0.885888 0.463899 -0.000002 0.999641 0.026787 0.000000 0.994118 -0.108303 0.000000 -0.797659 0.603108 0.000020 -0.876655 0.460105 -0.140641 -0.876800 0.460181 -0.139482 -0.259897 0.965636 -0.000000 -0.296038 0.955176 -0.000000 0.165854 0.986150 0.000000 0.234182 0.972193 0.000000 -0.797741 0.603000 -0.000011 -0.745095 0.660097 0.095427 -0.745105 0.660106 0.095280 -0.987534 -0.157406 0.000000 -0.987376 -0.158395 0.000000 -0.945555 0.325462 -0.000000 -0.946636 0.322306 -0.000000 -0.793800 0.608179 -0.000040 -0.537722 0.779025 0.322452 -0.537399 0.778557 0.324117 0.078691 -0.996899 -0.000000 0.176991 -0.984212 -0.000000 -0.323569 -0.946205 0.000000 -0.385946 -0.922522 0.000000 -0.788311 0.615277 -0.000067 -0.300709 0.792903 0.529980 -0.299539 0.789820 0.535220 0.992433 -0.122791 -0.000001 0.999930 0.011860 -0.000001 0.901479 -0.432823 -0.000001 0.836191 -0.548438 -0.000000 -0.783753 0.621072 -0.000091 -0.085078 0.700679 0.708386 -0.084033 0.692073 0.716919 0.242506 0.970150 0.000000 0.172797 0.984957 -0.000000 0.596521 0.802598 0.000001 0.674938 0.737874 0.000002 -0.781509 0.623894 -0.000110 0.063722 0.524799 0.848838 0.061821 0.509137 0.858463 -0.943380 0.331714 0.000000 -0.942530 0.334122 0.000000 -0.688916 0.724841 -0.000000 -0.679915 0.733291 -0.000000 -0.781391 0.624041 -0.000123 0.115729 0.305152 0.945246 0.107641 0.283825 0.952815 -0.310306 -0.950637 -0.000000 -0.374705 -0.927144 -0.000000 -0.781947 0.623344 -0.000129 0.061399 0.088953 0.994142 
						0.045356 0.065710 0.996807 0.905846 -0.423608 0.000001 0.840928 -0.541146 0.000000 -0.781504 0.623900 -0.000128 -0.092846 -0.082254 0.992277 -0.115138 -0.102003 0.988099 0.590493 0.807043 -0.000001 0.667590 0.744529 -0.000001 -0.779536 0.626357 -0.000119 -0.309182 -0.162272 0.937056 -0.333252 -0.174905 0.926472 -0.694638 0.719360 0.000000 -0.686620 0.727017 0.000000 -0.778488 0.627659 -0.000102 -0.551217 -0.135863 0.823226 -0.568302 -0.140074 0.810810 -0.767645 -0.640876 0.000000 -0.785486 -0.618879 0.000000 -0.784616 0.619982 -0.000080 -0.746904 0.000000 0.664931 -0.757726 0.000000 0.652573 0.613819 -0.789447 0.000000 0.514529 -0.857473 0.000000 -0.793258 0.608885 -0.000052 -0.895717 0.220775 0.385940 -0.899823 0.221787 0.375670 0.891493 0.453035 0.000001 0.940717 0.339193 0.000001 -0.796512 0.604623 -0.000021 -0.875805 0.459659 0.147235 -0.876049 0.459787 0.145373 -0.289051 0.957314 0.000000 -0.251491 0.967860 0.000000 -0.795293 0.606225 0.000010 -0.745569 0.660516 -0.088576 -0.745574 0.660522 -0.088489 -0.790931 0.611906 0.000039 -0.538937 0.780785 -0.316105 -0.538642 0.780357 -0.317660 -0.785612 0.618720 0.000066 -0.301943 0.796158 -0.524369 -0.300827 0.793214 -0.529448 -0.781523 0.623877 0.000090 -0.085619 0.705135 -0.703885 -0.084607 0.696802 -0.712256 -0.779754 0.626086 0.000110 0.064372 0.530146 -0.845459 0.062459 0.514397 -0.855274 -0.779905 0.625898 0.000122 0.115933 0.305689 -0.945047 0.107896 0.284499 -0.952585 -0.768309 -0.640079 -0.000000 -0.786434 -0.617674 -0.000000 -0.780574 0.625064 0.000129 0.065849 0.095398 -0.993259 0.050109 0.072596 -0.996102 -0.780093 0.625663 0.000128 -0.086869 -0.076959 -0.993243 -0.109311 -0.096841 -0.989279 -0.989292 -0.145948 -0.000000 -0.989383 -0.145333 -0.000000 -0.777999 0.628265 0.000119 -0.303165 -0.159114 -0.939560 -0.328224 -0.172266 -0.928759 
						-0.777145 0.629322 0.000102 -0.550483 -0.135682 -0.823747 -0.574525 -0.141608 -0.806144 0.748508 -0.663120 -0.002661 0.748507 -0.663119 -0.003127 0.568061 -0.822979 -0.003558 0.568062 -0.822980 -0.003230 -0.970941 0.239315 0.001052 -0.970940 0.239315 0.001663 -0.885455 0.464723 0.001367 -0.885456 0.464723 0.000882 0.970941 0.239315 -0.000847 0.970941 0.239315 -0.001587 0.999998 0.000000 -0.001896 0.999999 0.000000 -0.001096 -0.748507 -0.663120 0.002975 -0.748507 -0.663119 0.003305 -0.885452 -0.464721 0.002871 -0.885453 -0.464722 0.002404 0.120536 -0.992699 -0.004420 0.120536 -0.992699 -0.004401 -0.120535 -0.992698 -0.004682 -0.120535 -0.992697 -0.004809 0.885454 -0.464722 -0.002097 0.885453 -0.464722 -0.002695 -0.999999 -0.000000 0.001349 -0.999998 -0.000000 0.002021 0.885456 0.464723 -0.000674 0.885455 0.464723 -0.001292 -0.568061 -0.822979 0.003571 -0.568061 -0.822978 0.003746 0.354602 -0.935010 -0.003821 0.354602 -0.935009 -0.003994 -0.748510 0.663123 0.000715 -0.748510 0.663122 0.001076 -0.568064 0.822984 0.000716 -0.568065 0.822984 0.000477 0.970941 -0.239315 -0.001535 0.970939 -0.239315 -0.002266 0.748511 0.663123 -0.000501 0.748510 0.663122 -0.000995 -0.354602 -0.935008 0.004190 -0.354602 -0.935008 0.004171 -0.970940 -0.239315 0.001838 -0.970939 -0.239315 0.002440 0.568065 0.822984 -0.000439 0.568064 0.822984 -0.000807 -0.120536 -0.992699 0.004409 -0.120536 -0.992700 0.004283 -0.971032 0.238948 0.000658 -0.971054 0.238858 0.000633 -0.885645 0.464362 0.000557 -0.885609 0.464431 0.000583 0.970998 0.239089 -0.000407 0.971012 0.239029 -0.000399 1.000000 -0.000431 -0.000573 1.000000 -0.000338 -0.000584 -0.747598 -0.664147 0.002362 -0.747406 -0.664364 0.002210 -0.884843 -0.465887 0.001733 -0.884951 -0.465681 0.001855 0.354610 0.935014 -0.000015 0.354612 0.935014 -0.000026 0.568136 0.822935 -0.000123 
						0.568122 0.822945 -0.000121 0.118045 -0.992999 -0.004325 0.117637 -0.993049 -0.003876 -0.080616 -0.995330 0.053097 -0.093521 -0.994524 0.046639 -0.568249 0.822856 0.000388 -0.568289 0.822829 0.000370 -0.354787 0.934947 0.000266 -0.354755 0.934959 0.000279 0.885024 -0.465543 -0.001585 0.884930 -0.465721 -0.001484 0.747522 -0.664234 -0.001978 0.747695 -0.664039 -0.002110 -1.000000 -0.000498 0.000860 -0.999999 -0.000621 0.000826 0.885536 0.464570 -0.000313 0.885559 0.464528 -0.000308 -0.566711 -0.823912 0.002829 -0.566426 -0.824108 0.002635 0.120488 0.992715 0.000083 0.120478 0.992716 0.000073 0.352919 -0.935649 -0.003101 0.352549 -0.935789 -0.002903 -0.748696 0.662913 0.000488 -0.748741 0.662863 0.000460 0.970799 -0.239892 -0.001020 0.970765 -0.240029 -0.000971 0.748591 0.663032 -0.000213 0.748615 0.663004 -0.000209 -0.352192 -0.935917 0.004441 -0.351837 -0.936053 0.003921 -0.120643 0.992696 0.000184 -0.120664 0.992693 0.000169 -0.970760 -0.240050 0.001301 -0.970719 -0.240214 0.001224 0.566812 -0.823843 -0.002619 0.566543 -0.824028 -0.002445 -0.147746 -0.987879 -0.047598 -0.160471 -0.985571 -0.053838 -0.970975 0.239181 0.000680 -0.885514 0.464613 0.000613 0.970961 0.239237 -0.000396 1.000000 -0.000116 -0.000569 -0.748154 -0.663520 0.002604 -0.885259 -0.465093 0.002044 0.354604 0.935017 0.000003 0.568082 0.822972 -0.000110 0.119467 -0.992824 -0.005261 -0.117256 -0.992972 0.016065 -0.568133 0.822937 0.000416 -0.354661 0.934995 0.000302 0.885289 -0.465037 -0.001733 0.748193 -0.663477 -0.002321 -1.000000 -0.000182 0.000888 0.885484 0.464669 -0.000302 -0.567531 -0.823346 0.003142 0.120517 0.992711 0.000102 0.353946 -0.935260 -0.003427 -0.748580 0.663045 0.000517 0.970888 -0.239529 -0.001074 0.748537 0.663093 -0.000198 -0.353542 -0.935402 0.005515 -0.120578 0.992704 0.000205 -0.970872 -0.239595 0.001406 
						0.567574 -0.823317 -0.002887 -0.124056 -0.992122 -0.017417 0.970930 0.239365 -0.000333 1.000000 0.000074 -0.000484 -0.748774 -0.662821 0.002616 -0.885601 -0.464443 0.002053 0.354606 0.935016 0.000023 0.568053 0.822992 -0.000079 0.121433 -0.992582 -0.005949 -0.116382 -0.992832 -0.027185 -0.568013 0.823020 0.000405 -0.354562 0.935033 0.000296 0.885578 -0.464487 -0.001722 0.748745 -0.662854 -0.002327 -1.000000 0.000125 0.000823 -0.970919 0.239409 0.000632 0.885439 0.464755 -0.000260 -0.568459 -0.822706 0.003176 0.120553 0.992707 0.000118 0.355096 -0.934824 -0.003478 -0.748462 0.663178 0.000498 0.970978 -0.239165 -0.001020 0.748496 0.663139 -0.000157 -0.355485 -0.934661 0.006236 -0.120505 0.992713 0.000208 -0.970991 -0.239112 0.001374 0.568425 -0.822730 -0.002901 -0.885416 0.464799 0.000588 -0.124390 -0.991899 0.025761 -0.749330 -0.662193 0.002256 -0.885905 -0.463863 0.001767 0.354625 0.935008 0.000039 0.568048 0.822996 -0.000041 0.123648 -0.992310 -0.005716 -0.087630 -0.994353 -0.059861 -0.567915 0.823087 0.000336 -0.354478 0.935064 0.000249 0.885829 -0.464009 -0.001467 0.749237 -0.662299 -0.001999 -1.000000 0.000354 0.000645 -0.970877 0.239579 0.000495 0.885409 0.464812 -0.000184 0.970912 0.239438 -0.000228 -0.569308 -0.822120 0.002754 0.120598 0.992701 0.000115 0.356152 -0.934423 -0.003018 -0.748362 0.663291 0.000411 0.971050 -0.238875 -0.000827 0.748475 0.663163 -0.000100 -0.357583 -0.933863 0.005814 -0.120437 0.992721 0.000183 -0.971092 -0.238704 0.001149 0.569193 -0.822200 -0.002500 -0.885333 0.464956 0.000481 1.000000 0.000183 -0.000333 -0.152366 -0.986567 0.058901 0.354641 0.935003 0.000046 0.568050 0.822994 -0.000021 0.125070 -0.992134 -0.005228 -0.061174 -0.995818 -0.067856 -0.567862 0.823124 0.000282 -0.354430 0.935083 0.000213 0.885967 -0.463746 -0.001265 0.749514 -0.661986 -0.001734 
						-1.000000 0.000459 0.000527 -0.970857 0.239657 0.000402 0.885399 0.464831 -0.000137 0.970907 0.239459 -0.000166 -0.569794 -0.821784 0.002408 -0.749645 -0.661837 0.001962 0.120628 0.992698 0.000105 0.356751 -0.934196 -0.002630 -0.748310 0.663349 0.000347 0.971086 -0.238729 -0.000692 0.748471 0.663167 -0.000068 -0.358841 -0.933384 0.005195 -0.120397 0.992726 0.000161 -0.971146 -0.238485 0.000981 0.569625 -0.821902 -0.002172 -0.885291 0.465038 0.000404 1.000000 0.000214 -0.000243 -0.886075 -0.463538 0.001533 -0.178384 -0.981661 0.067230 1.000000 -0.000000 -0.000000 1.000000 -0.000000 -0.000001 1.000000 0.000000 0.000001 1.000000 0.000000 0.000000 1.000000 0.000000 -0.000000 1.000000 -0.000000 -0.000000 1.000000 -0.000000 -0.000000 1.000000 0.000000 0.000000 1.000000 -0.000000 -0.000000 1.000000 -0.000000 -0.000000 1.000000 -0.000000 0.000000 1.000000 -0.000000 0.000001 1.000000 0.000001 -0.000001 1.000000 0.000000 0.000000 1.000000 -0.000001 0.000001 1.000000 0.000000 -0.000001 1.000000 -0.000000 -0.000000 1.000000 -0.000000 0.000000 1.000000 -0.000000 0.000000 1.000000 -0.000000 -0.000000 1.000000 -0.000000 0.000000 1.000000 -0.000000 0.000000 1.000000 -0.000000 0.000000 1.000000 -0.000000 -0.000000 1.000000 -0.000000 -0.000001 1.000000 -0.000000 0.000001 1.000000 0.000000 0.000000 -0.790278 0.612748 -0.000499 -0.788842 0.614596 -0.000501 -0.806523 0.591203 -0.000311 -0.807161 0.590331 -0.000310 -0.805792 0.592198 -0.000123 -0.807423 0.589972 -0.000120 -0.802986 0.595998 0.000070 -0.804870 0.593451 0.000073 -0.799229 0.601026 0.000258 -0.800288 0.599615 0.000259 -0.794775 0.606904 0.000430 -0.794328 0.607489 0.000429 -0.789212 0.614121 0.000577 -0.787237 0.616650 0.000576 -0.782734 0.622356 0.000694 -0.779707 0.626144 0.000692 -0.775316 0.631573 0.000773 -0.772013 0.635606 0.000771 
						-0.767743 0.640757 0.000811 -0.765441 0.643506 0.000811 -0.762690 0.646764 0.000806 -0.761727 0.647898 0.000806 -0.758816 0.651304 0.000756 -0.759103 0.650970 0.000756 -0.760263 0.649615 0.000662 -0.762743 0.646702 0.000660 -0.790664 0.612250 0.000499 -0.792433 0.609958 0.000497 -0.808515 0.588476 0.000308 -0.809144 0.587611 0.000307 -0.803347 0.595511 0.000126 -0.804704 0.593676 0.000124 -0.799624 0.600502 -0.000065 -0.801130 0.598490 -0.000067 -0.795699 0.605692 -0.000253 -0.796425 0.604737 -0.000254 -0.791130 0.611648 -0.000426 -0.790395 0.612598 -0.000425 -0.785432 0.618948 -0.000574 -0.783419 0.621494 -0.000572 -0.779653 0.626211 -0.000692 -0.776954 0.629557 -0.000690 -0.773323 0.634011 -0.000772 -0.769738 0.638360 -0.000770 -0.763749 0.645512 -0.000811 -0.761004 0.648746 -0.000810 -0.758362 0.651833 -0.000807 -0.757664 0.652644 -0.000807 -0.755784 0.654821 -0.000758 -0.756843 0.653596 -0.000757 -0.761500 0.648164 -0.000661 -0.764117 0.645078 -0.000659 -0.971058 0.238842 0.000672 -0.971058 0.238842 0.000671 -0.999999 -0.000636 0.000873 -0.999999 -0.000636 0.000874 -0.885651 0.464350 0.000578 -0.885651 0.464351 0.000578 -0.748741 0.662863 0.000482 -0.748741 0.662863 0.000482 -0.568294 0.822826 0.000379 -0.568293 0.822826 0.000378 -0.354796 0.934944 0.000271 -0.354796 0.934944 0.000271 -0.120663 0.992693 0.000171 -0.120663 0.992694 0.000171 0.120488 0.992715 0.000067 0.120488 0.992715 0.000067 0.354627 0.935008 -0.000031 0.354627 0.935008 -0.000031 0.568147 0.822927 -0.000133 0.568146 0.822928 -0.000133 0.748623 0.662996 -0.000237 0.748622 0.662997 -0.000236 0.885568 0.464509 -0.000332 0.885568 0.464509 -0.000332 0.971018 0.239007 -0.000440 0.971018 0.239007 -0.000439 1.000000 -0.000459 -0.000630 1.000000 -0.000458 -0.000628 0.970763 -0.240040 -0.001021 0.970763 -0.240039 -0.001020 
						0.884938 -0.465706 -0.001525 0.884938 -0.465705 -0.001524 0.747530 -0.664225 -0.002021 0.747530 -0.664225 -0.002020 0.566553 -0.824021 -0.002520 0.566554 -0.824021 -0.002519 0.352531 -0.935795 -0.003043 0.352532 -0.935795 -0.003042 0.117942 -0.993014 -0.003586 0.117939 -0.993014 -0.003589 -0.081641 -0.995228 0.053435 -0.081647 -0.995228 0.053427 -0.352185 -0.935924 0.003558 -0.352182 -0.935925 0.003562 -0.159332 -0.985745 -0.054027 -0.159341 -0.985744 -0.054038 -0.566397 -0.824128 0.002780 -0.566398 -0.824127 0.002778 -0.747411 -0.664358 0.002265 -0.747412 -0.664357 0.002264 -0.884853 -0.465867 0.001775 -0.884853 -0.465867 0.001774 -0.970718 -0.240220 0.001277 -0.970718 -0.240219 0.001276 -0.852179 0.357327 0.382242 -0.851634 0.357932 0.382890 -0.848279 0.460617 0.261255 -0.847922 0.460998 0.261742 -0.825826 0.552528 0.112804 -0.825730 0.552639 0.112957 -0.784302 0.617262 -0.062109 -0.784392 0.617131 -0.062278 -0.722714 0.646981 -0.243103 -0.722900 0.646633 -0.243478 -0.650140 0.641702 -0.406862 -0.650384 0.641173 -0.407307 -0.581330 0.609817 -0.538683 -0.581660 0.609111 -0.539125 -0.530041 0.561680 -0.635273 -0.530520 0.560783 -0.635666 -0.504823 0.508263 -0.697727 -0.505548 0.507132 -0.698024 -0.512007 0.456080 -0.727901 -0.513185 0.454567 -0.728018 -0.559409 0.406554 -0.722340 -0.561144 0.404663 -0.722056 -0.641733 0.371530 -0.670928 -0.644215 0.369119 -0.669879 -0.761884 0.341883 -0.550135 -0.764371 0.339416 -0.548209 -0.859307 0.349275 -0.373629 -0.859777 0.348735 -0.373051 -0.845582 0.463476 -0.264915 -0.845074 0.464011 -0.265601 -0.823131 0.555646 -0.117098 -0.823035 0.555757 -0.117250 -0.782605 0.619722 0.058936 -0.782678 0.619617 0.059072 -0.720986 0.650199 0.239625 -0.721147 0.649902 0.239948 -0.648001 0.646300 0.402979 -0.648224 0.645824 0.403382 -0.578564 0.615668 0.534991 -0.578885 0.614995 0.535419 
						-0.526931 0.567463 0.632716 -0.527453 0.566497 0.633147 -0.504210 0.509215 0.697476 -0.504907 0.508131 0.697762 -0.506376 0.463260 0.727306 -0.507458 0.461887 0.727425 -0.551587 0.414999 0.723552 -0.553372 0.413083 0.723285 -0.637149 0.375948 0.672833 -0.639754 0.373443 0.671756 -0.761196 0.342563 0.550665 -0.763579 0.340204 0.548824 -0.971057 0.238848 0.000658 -0.971057 0.238848 0.000657 -0.999999 -0.000627 0.000848 -0.999999 -0.000627 0.000848 -0.885659 0.464336 0.000546 -0.885657 0.464339 0.000544 -0.748757 0.662844 0.000454 -0.748756 0.662845 0.000455 -0.568291 0.822828 0.000378 -0.568287 0.822830 0.000379 -0.354778 0.934951 0.000277 -0.354777 0.934951 0.000278 -0.120664 0.992693 0.000174 -0.120664 0.992693 0.000174 0.120502 0.992713 0.000087 0.120501 0.992713 0.000089 0.354635 0.935005 -0.000014 0.354635 0.935005 -0.000015 0.568139 0.822932 -0.000129 0.568134 0.822936 -0.000128 0.748634 0.662983 -0.000203 0.748633 0.662984 -0.000204 0.885575 0.464497 -0.000301 0.885573 0.464500 -0.000298 0.971014 0.239022 -0.000416 0.971014 0.239022 -0.000415 1.000000 -0.000441 -0.000596 1.000000 -0.000441 -0.000596 0.970763 -0.240038 -0.000999 0.970763 -0.240037 -0.000999 0.884948 -0.465688 -0.001519 0.884946 -0.465692 -0.001522 0.747544 -0.664209 -0.002015 0.747543 -0.664210 -0.002014 0.566549 -0.824024 -0.002480 0.566543 -0.824028 -0.002481 0.352540 -0.935792 -0.003012 0.352540 -0.935792 -0.003011 0.117757 -0.993035 -0.003823 0.117757 -0.993035 -0.003823 -0.080944 -0.995279 0.053550 -0.080944 -0.995279 0.053550 -0.351939 -0.936015 0.003822 -0.351938 -0.936015 0.003822 -0.160045 -0.985622 -0.054173 -0.160047 -0.985622 -0.054176 -0.566414 -0.824117 0.002701 -0.566410 -0.824119 0.002699 -0.747427 -0.664340 0.002254 -0.747426 -0.664342 0.002253 -0.884859 -0.465855 0.001775 -0.884857 -0.465859 0.001778 
						-0.970719 -0.240214 0.001245 -0.970719 -0.240214 0.001246 -0.765101 0.330908 -0.552377 -0.762694 0.333285 -0.554273 -0.852061 0.352962 -0.386535 -0.852608 0.352361 -0.385877 -0.637522 0.365063 -0.678450 -0.634863 0.367611 -0.679567 -0.548028 0.406398 -0.731100 -0.546198 0.408357 -0.731377 -0.500760 0.456606 -0.735357 -0.499649 0.458019 -0.735234 -0.497753 0.504427 -0.705546 -0.497036 0.505550 -0.705248 -0.520556 0.564658 -0.640455 -0.520022 0.565658 -0.640006 -0.573096 0.614750 -0.541888 -0.572771 0.615446 -0.541443 -0.644041 0.646978 -0.408205 -0.643816 0.647466 -0.407784 -0.718666 0.651811 -0.242201 -0.718504 0.652113 -0.241868 -0.781488 0.621189 -0.058320 -0.781416 0.621292 -0.058184 -0.822108 0.556314 0.121048 -0.822208 0.556201 0.120887 -0.842956 0.463937 0.272375 -0.843479 0.463400 0.271668 -0.859940 0.344164 0.376900 -0.859471 0.344697 0.377483 -0.766196 0.329821 0.551508 -0.763690 0.332303 0.553491 -0.641977 0.360763 0.676547 -0.639443 0.363214 0.677634 -0.555851 0.397938 0.729846 -0.554072 0.399873 0.730141 -0.506411 0.449367 0.735947 -0.505202 0.450923 0.735825 -0.498333 0.503518 0.705786 -0.497588 0.504686 0.705477 -0.523620 0.558878 0.643023 -0.523130 0.559806 0.642613 -0.575795 0.608926 0.545591 -0.575460 0.609655 0.545130 -0.646110 0.642438 0.412086 -0.645865 0.642981 0.411624 -0.720286 0.648759 0.245560 -0.720100 0.649111 0.245173 -0.782979 0.619033 0.061171 -0.782890 0.619162 0.061001 -0.824622 0.553453 -0.116994 -0.824722 0.553338 -0.116831 -0.846419 0.460360 -0.267664 -0.846785 0.459978 -0.267162 -0.354605 0.935016 0.000528 -0.354605 0.935016 0.000410 -0.120537 0.992709 0.000232 -0.120537 0.992709 0.000237 0.120537 0.992709 -0.000066 0.120537 0.992709 0.000060 0.354605 0.935016 -0.000362 0.354605 0.935016 -0.000115 -0.310079 -0.950711 0.000014 0.077346 -0.997004 0.000026 
						0.077346 -0.997004 0.000022 -0.310079 -0.950711 0.000014 -0.650296 -0.759681 0.000017 -0.650296 -0.759681 0.000021 -0.891512 -0.452996 -0.000000 -0.891512 -0.452996 -0.000000 -0.997004 -0.077347 -0.000009 -0.891512 -0.452996 -0.000000 -0.891512 -0.452996 -0.000004 -0.997004 -0.077347 -0.000009 -0.950711 0.310077 -0.000012 -0.950711 0.310077 -0.000009 -0.759682 0.650295 -0.000007 -0.759682 0.650295 -0.000005 -0.452995 0.891513 0.000011 -0.452995 0.891513 0.000009 -0.077345 0.997004 0.000013 -0.077345 0.997004 0.000009 0.310078 0.950711 -0.000003 0.310078 0.950711 0.000002 0.650296 0.759681 0.000024 0.650296 0.759681 0.000030 0.891512 0.452996 0.000023 0.891512 0.452996 0.000017 0.997004 0.077346 0.000009 0.997004 0.077346 0.000005 0.950711 -0.310078 0.000010 0.950711 -0.310078 0.000009 0.759681 -0.650296 0.000002 0.759681 -0.650296 0.000004 0.452996 -0.891512 0.000022 0.452996 -0.891512 0.000026 0.950708 -0.310086 0.000004 0.950708 -0.310087 0.000005 0.759680 -0.650297 0.000002 0.759675 -0.650303 0.000006 -0.452997 0.891512 0.000000 -0.452997 0.891512 0.000000 -0.077347 0.997004 0.000000 -0.077347 0.997004 0.000006 -0.310091 -0.950707 0.000006 -0.310094 -0.950706 0.000007 -0.650302 -0.759676 0.000009 -0.650305 -0.759673 0.000010 -0.759682 0.650295 -0.000001 -0.759683 0.650294 -0.000002 -0.452988 0.891517 0.000004 -0.452991 0.891515 0.000002 0.891526 0.452969 0.000008 0.891527 0.452969 0.000008 0.997005 0.077338 0.000001 0.997005 0.077341 -0.000000 -0.997004 -0.077351 -0.000000 -0.997004 -0.077352 -0.000001 -0.950715 0.310066 -0.000003 -0.950713 0.310072 -0.000001 0.310076 0.950712 -0.000003 0.310076 0.950712 -0.000003 0.650306 0.759672 0.000003 0.650310 0.759669 0.000005 0.452968 -0.891527 0.000014 0.452962 -0.891530 0.000017 -0.799068 -0.597728 -0.064898 -0.799071 -0.597724 -0.064896 
						-0.077338 0.997005 0.000003 -0.077343 0.997005 0.000001 0.077338 -0.997005 0.000004 0.077332 -0.997005 0.000006 -0.953910 -0.292989 0.064905 -0.953910 -0.292989 0.064905 0.997004 0.077350 0.000006 0.997003 0.077358 0.000013 0.950717 -0.310061 0.000016 0.950714 -0.310069 0.000010 0.077347 -0.997004 0.000023 0.077347 -0.997004 0.000018 -0.310077 -0.950711 0.000016 -0.310077 -0.950711 0.000016 0.452997 -0.891512 0.000015 0.452997 -0.891512 0.000017 0.310079 0.950711 0.000008 0.310079 0.950711 0.000016 -0.650296 -0.759681 0.000023 -0.650296 -0.759681 0.000023 0.650296 0.759681 0.000030 0.650296 0.759681 0.000022 -0.891512 -0.452997 0.000005 -0.891512 -0.452997 -0.000000 0.891512 0.452997 0.000011 0.891512 0.452997 0.000000 -0.891512 -0.452997 -0.000000 -0.891512 -0.452997 -0.000000 -0.997004 -0.077347 -0.000000 -0.997004 -0.077347 -0.000006 0.997004 0.077348 0.000007 0.997004 0.077348 0.000012 -0.950711 0.310080 -0.000007 -0.950711 0.310080 -0.000013 0.950711 -0.310078 0.000014 0.950711 -0.310078 0.000025 -0.759681 0.650296 0.000000 -0.759681 0.650296 0.000000 0.759681 -0.650296 0.000040 0.759681 -0.650296 0.000034 -0.650292 -0.759684 0.000010 -0.650287 -0.759689 0.000016 -0.856727 -0.507392 0.092584 -0.876278 -0.476810 0.069202 -0.950710 0.310081 -0.000007 -0.950709 0.310086 -0.000007 -0.759682 0.650295 0.000000 -0.759681 0.650296 -0.000001 0.759690 -0.650286 0.000011 0.759689 -0.650287 0.000014 -0.452997 0.891512 -0.000001 -0.452996 0.891512 0.000000 0.453013 -0.891504 0.000019 0.452999 -0.891511 0.000006 -0.077357 0.997003 0.000010 -0.077353 0.997004 0.000009 0.077353 -0.997004 0.000010 0.077351 -0.997004 0.000005 -0.310060 -0.950717 0.000021 -0.310059 -0.950717 0.000028 0.310068 0.950714 0.000014 0.310069 0.950714 0.000017 -0.650287 -0.759689 0.000014 0.650291 0.759685 0.000008 
						0.650287 0.759689 0.000018 -0.842617 -0.529478 0.098226 0.891511 0.452999 0.000006 0.891512 0.452998 0.000002 -0.914942 -0.392822 -0.092589 -0.924459 -0.368412 -0.098221 -0.997005 -0.077333 -0.000013 -0.997005 -0.077335 -0.000016 -0.452998 0.891512 0.000000 -0.452997 0.891512 -0.000002 -0.077349 0.997004 0.000003 -0.077347 0.997004 0.000007 0.650292 0.759684 0.000014 0.891511 0.452999 0.000005 -0.901767 -0.426644 -0.069217 -0.997005 -0.077342 -0.000010 0.997004 0.077351 0.000009 -0.950711 0.310078 -0.000003 0.950712 -0.310074 0.000008 -0.759682 0.650294 -0.000001 0.759684 -0.650292 0.000006 0.453002 -0.891509 0.000012 0.077357 -0.997003 0.000024 -0.310070 -0.950714 0.000020 0.310074 0.950712 0.000012 0.997004 0.077344 0.000006 0.997004 0.077346 0.000005 0.950711 -0.310080 0.000004 0.950709 -0.310084 0.000008 0.077347 -0.997004 0.000009 -0.310077 -0.950711 0.000015 0.452999 -0.891511 0.000016 0.310077 0.950711 0.000012 -0.650296 -0.759681 0.000016 0.650297 0.759680 0.000013 -0.891504 -0.453008 -0.001812 0.891513 0.452995 0.000012 -0.891519 -0.452979 0.001811 -0.997004 -0.077346 -0.000003 -0.950711 0.310077 0.000000 -0.759683 0.650294 -0.000005 0.759681 -0.650296 0.000015 0.650302 0.759676 0.000007 0.650302 0.759676 0.000012 0.891514 0.452994 0.000005 0.891516 0.452990 0.000007 -0.950712 0.310075 -0.000004 -0.759684 0.650292 -0.000005 0.759676 -0.650302 0.000014 -0.452992 0.891514 0.000008 0.452995 -0.891513 0.000004 -0.077342 0.997005 0.000007 0.077342 -0.997005 0.000009 -0.310091 -0.950707 0.000025 0.310083 0.950709 0.000008 -0.650304 -0.759674 0.000015 -0.865958 -0.492950 -0.084361 -0.908718 -0.408798 0.084355 -0.997004 -0.077348 -0.000003 0.077335 -0.997005 0.000011 0.077337 -0.997005 0.000010 -0.310103 -0.950703 0.000028 -0.310110 -0.950701 0.000033 -0.926021 -0.364409 0.098443 
						-0.997004 -0.077351 -0.000004 0.997005 0.077339 0.000010 -0.950712 0.310076 -0.000004 0.950709 -0.310084 0.000005 -0.759681 0.650296 -0.000001 0.759679 -0.650298 0.000005 -0.452993 0.891514 0.000003 0.452993 -0.891514 0.000005 -0.077346 0.997004 0.000000 0.310094 0.950706 0.000018 -0.650306 -0.759672 0.000011 -0.840305 -0.533099 -0.098448 -0.950711 0.310078 -0.000015 -0.950711 0.310079 -0.000008 -0.759680 0.650297 0.000000 -0.759680 0.650297 -0.000004 0.452989 -0.891516 0.000010 -0.077330 0.997006 0.000016 0.310102 0.950703 0.000027 -0.650308 -0.759671 0.000013 0.650299 0.759679 0.000002 -0.836216 -0.539504 -0.098381 0.891517 0.452987 0.000005 -0.928780 -0.357341 0.098364 -0.997003 -0.077360 -0.000015 0.997004 0.077346 0.000001 -0.950711 0.310077 -0.000003 0.950709 -0.310084 0.000005 -0.759681 0.650296 -0.000002 0.759675 -0.650303 0.000009 -0.452994 0.891514 0.000000 0.650288 0.759688 0.000012 0.650293 0.759683 0.000002 0.891509 0.453003 0.000002 0.891514 0.452992 -0.000003 0.950711 -0.310079 -0.000004 0.950711 -0.310079 -0.000008 0.759679 -0.650298 0.000042 0.759679 -0.650298 0.000030 -0.452997 0.891512 -0.000004 -0.452997 0.891512 0.000004 0.452995 -0.891513 0.000015 0.452995 -0.891513 -0.000004 -0.077348 0.997004 0.000019 -0.077348 0.997004 0.000030 0.077347 -0.997004 0.000023 0.077347 -0.997004 0.000026 -0.310078 -0.950711 0.000022 -0.310079 -0.950711 0.000011 0.310078 0.950711 0.000038 0.310078 0.950711 0.000027 -0.650294 -0.759682 0.000004 -0.650294 -0.759682 0.000007 0.650297 0.759680 0.000011 0.650297 0.759680 0.000000 -0.891511 -0.452999 0.000071 -0.891511 -0.452999 0.000085 0.891513 0.452995 0.000008 0.891513 0.452996 0.000008 -0.891511 -0.452999 -0.000071 -0.891511 -0.452999 -0.000086 -0.997004 -0.077347 0.000000 -0.997004 -0.077347 0.000000 0.997004 0.077346 0.000015 
						0.997004 0.077346 0.000008 0.077348 -0.997004 0.000002 0.077348 -0.997004 0.000003 -0.310071 -0.950713 0.000008 -0.310073 -0.950713 0.000007 -0.926408 -0.363416 -0.098473 -0.927153 -0.361505 -0.098492 -0.997005 -0.077343 -0.000005 -0.997005 -0.077337 -0.000010 0.997005 0.077339 -0.000007 0.997004 0.077346 0.000003 -0.950709 0.310083 -0.000010 -0.950711 0.310077 0.000000 0.950715 -0.310067 0.000013 0.950713 -0.310072 0.000001 -0.759683 0.650294 0.000001 -0.759680 0.650297 0.000002 0.759680 -0.650297 -0.000003 0.759685 -0.650292 0.000003 -0.453004 0.891508 0.000008 -0.452998 0.891512 0.000006 0.453005 -0.891508 0.000010 0.453003 -0.891509 0.000013 -0.077363 0.997003 0.000016 -0.077352 0.997004 0.000006 0.077354 -0.997004 0.000007 -0.310075 -0.950712 0.000006 0.310074 0.950713 0.000004 0.310074 0.950712 0.000006 -0.650286 -0.759689 0.000016 -0.650289 -0.759687 0.000008 -0.838620 -0.535736 0.098501 -0.839730 -0.534000 0.098477 -0.950711 0.310077 -0.000006 -0.950711 0.310079 -0.000005 -0.759681 0.650296 0.000001 -0.759683 0.650294 0.000006 0.452998 -0.891512 0.000005 -0.077350 0.997004 0.000005 0.310066 0.950715 0.000021 -0.650292 -0.759684 0.000008 0.650291 0.759685 0.000017 -0.857132 -0.506759 0.092301 0.891514 0.452993 -0.000001 -0.914675 -0.393504 -0.092326 -0.997005 -0.077342 -0.000007 0.997004 0.077346 0.000002 0.950711 -0.310077 -0.000005 0.759687 -0.650289 0.000008 -0.452996 0.891513 0.000005 0.650294 0.759682 0.000003 0.650297 0.759680 0.000005 0.891512 0.452996 0.000002 0.891511 0.452999 -0.000001 0.950711 -0.310078 -0.000002 0.759684 -0.650293 0.000012 -0.452996 0.891513 0.000007 0.452996 -0.891512 0.000006 -0.077348 0.997004 0.000006 0.077347 -0.997004 0.000005 -0.310075 -0.950712 0.000020 0.310072 0.950713 0.000025 -0.650297 -0.759680 0.000009 -0.886127 -0.461412 0.043325 
						-0.895140 -0.443672 -0.043343 -0.997004 -0.077343 -0.000006 0.997004 0.077346 -0.000002 0.452990 -0.891515 0.000007 0.452994 -0.891514 0.000006 0.077341 -0.997005 0.000015 0.077333 -0.997005 0.000013 -0.898098 -0.436071 0.057115 -0.997004 -0.077349 -0.000010 0.997004 0.077348 -0.000003 -0.950711 0.310077 0.000002 0.950711 -0.310079 0.000005 -0.759681 0.650296 0.000003 0.759679 -0.650299 0.000015 -0.452995 0.891513 0.000002 -0.077343 0.997005 0.000009 -0.310083 -0.950709 0.000022 0.310082 0.950710 0.000019 -0.650293 -0.759684 -0.000004 -0.881722 -0.468299 -0.057125 0.950711 -0.310078 0.000001 0.950710 -0.310083 0.000006 0.759678 -0.650299 0.000005 0.759674 -0.650303 0.000007 -0.077338 0.997005 0.000008 0.310088 0.950708 0.000012 -0.310082 -0.950710 0.000006 -0.650292 -0.759684 0.000001 0.650298 0.759679 0.000008 -0.834133 -0.542768 -0.098110 0.891509 0.453002 -0.000003 -0.930190 -0.353723 0.098118 -0.997004 -0.077349 0.000002 0.997004 0.077345 0.000002 -0.950712 0.310076 0.000001 -0.759681 0.650296 0.000001 -0.452996 0.891512 0.000001 -0.930730 -0.352345 0.097951 -0.939038 -0.331054 0.092793 -0.997004 -0.077352 -0.000002 -0.997002 -0.077370 -0.000023 -0.759680 0.650297 -0.000001 -0.452999 0.891511 -0.000004 0.452988 -0.891517 0.000006 -0.077340 0.997005 0.000004 0.077342 -0.997005 0.000003 -0.310083 -0.950709 0.000002 0.310103 0.950703 0.000018 -0.650306 -0.759673 0.000010 0.650303 0.759674 0.000005 -0.821055 -0.563261 -0.092772 0.891516 0.452989 0.000001 0.997005 0.077343 -0.000001 -0.950711 0.310078 0.000001 0.997005 0.077338 0.000006 0.950709 -0.310084 0.000005 -0.997003 -0.077357 -0.000012 -0.950710 0.310081 0.000002 0.891514 0.452992 0.000001 -0.928774 -0.357357 0.098359 0.650310 0.759669 0.000017 -0.650301 -0.759677 0.000005 -0.836219 -0.539500 -0.098379 0.310091 0.950707 0.000014 
						-0.310104 -0.950702 0.000026 -0.077331 0.997005 0.000015 0.452978 -0.891522 0.000022 0.077328 -0.997006 0.000018 -0.452993 0.891514 0.000003 0.759672 -0.650307 0.000011 -0.759684 0.650292 -0.000002 0.950713 -0.310072 -0.000006 0.950713 -0.310072 -0.000009 0.759681 -0.650296 0.000005 0.759681 -0.650296 0.000011 0.891532 0.452958 0.000033 0.997004 0.077352 -0.000008 -0.950711 0.310078 -0.000001 0.950709 -0.310083 0.000005 -0.759681 0.650296 0.000000 0.759684 -0.650292 -0.000001 -0.452997 0.891512 -0.000004 0.452989 -0.891516 0.000009 -0.077337 0.997005 0.000008 0.077326 -0.997006 0.000017 -0.310093 -0.950706 0.000012 0.310094 0.950706 0.000015 -0.650309 -0.759670 0.000016 0.650312 0.759667 0.000014 -0.833332 -0.544024 -0.097957 -0.925613 -0.365458 -0.098393 -0.932367 -0.348153 -0.097372 -0.997004 -0.077349 0.000003 -0.997004 -0.077349 -0.000003 -0.759685 0.650291 -0.000057 -0.759685 0.650291 -0.000042 -0.453003 0.891509 0.000000 -0.453003 0.891509 0.000015 0.452998 -0.891511 0.000023 0.452998 -0.891511 0.000017 -0.077353 0.997004 0.000054 -0.077353 0.997004 0.000069 0.077353 -0.997004 0.000008 0.077353 -0.997004 0.000017 -0.310076 -0.950712 0.000014 -0.310076 -0.950712 0.000011 0.310074 0.950712 0.000012 0.310074 0.950712 0.000012 -0.650295 -0.759682 0.000023 -0.650295 -0.759682 0.000026 0.650289 0.759687 0.000058 0.650289 0.759687 0.000040 -0.891513 -0.452994 0.000040 -0.891513 -0.452994 0.000046 0.891510 0.453001 -0.000005 0.891510 0.453001 -0.000017 -0.891513 -0.452994 -0.000039 -0.891513 -0.452994 -0.000069 -0.997004 -0.077345 0.000008 -0.997004 -0.077345 0.000023 0.997004 0.077348 0.000017 0.997004 0.077348 0.000020 -0.950712 0.310075 0.000000 -0.950712 0.310075 -0.000015 -0.077354 0.997004 0.000004 -0.077352 0.997004 0.000000 0.310071 0.950714 0.000008 0.310070 0.950714 0.000006 
						0.891513 0.452995 0.000009 0.891511 0.452998 0.000008 0.997004 0.077345 0.000007 0.997004 0.077348 -0.000000 -0.950697 0.310121 -0.000034 -0.950706 0.310093 -0.000018 0.950712 -0.310077 0.000014 0.950710 -0.310080 -0.000000 -0.759673 0.650306 -0.000004 -0.759684 0.650292 0.000003 0.759678 -0.650299 0.000004 0.759684 -0.650293 0.000002 -0.453042 0.891489 0.000040 -0.453020 0.891500 0.000012 0.452999 -0.891511 -0.000002 0.453015 -0.891503 0.000007 -0.077365 0.997003 0.000013 0.077372 -0.997002 0.000021 0.077347 -0.997004 -0.000001 -0.310042 -0.950723 0.000037 -0.310058 -0.950718 0.000022 0.310077 0.950711 0.000005 -0.650284 -0.759692 0.000018 -0.650294 -0.759683 0.000011 0.650299 0.759679 0.000003 0.650299 0.759679 0.000005 -0.830902 -0.547828 0.097400 -0.840916 -0.532144 0.098404 0.950710 -0.310083 -0.000000 0.950711 -0.310077 -0.000001 0.759689 -0.650286 0.000025 0.759677 -0.650300 0.000018 -0.310065 -0.950715 0.000018 -0.650293 -0.759684 0.000006 0.650293 0.759684 0.000004 -0.875039 -0.478747 0.071472 0.891511 0.452999 0.000005 -0.902596 -0.424515 -0.071459 -0.997004 -0.077349 -0.000007 0.997004 0.077349 -0.000008 -0.950710 0.310081 -0.000005 -0.759683 0.650293 0.000002 -0.453006 0.891507 -0.000000 0.453011 -0.891505 0.000016 0.077360 -0.997003 0.000016 0.891513 0.452995 0.000007 0.891508 0.453004 0.000004 0.997004 0.077347 -0.000004 0.997004 0.077351 -0.000002 -0.759678 0.650299 -0.000002 -0.452998 0.891512 0.000006 0.452998 -0.891511 -0.000000 -0.077350 0.997004 0.000011 0.077351 -0.997004 0.000017 -0.310077 -0.950711 0.000036 0.310077 0.950712 0.000008 -0.650290 -0.759686 0.000015 0.650290 0.759686 0.000000 -0.891399 -0.453176 -0.006334 -0.891583 -0.452813 0.006364 -0.997004 -0.077348 0.000004 -0.950710 0.310081 -0.000004 -0.310107 -0.950702 0.000030 -0.310094 -0.950706 0.000029 
						-0.650301 -0.759677 0.000022 -0.650306 -0.759673 0.000017 -0.997005 -0.077341 0.000005 -0.950715 0.310067 -0.000017 0.950712 -0.310075 -0.000004 -0.759683 0.650294 -0.000008 0.759678 -0.650299 0.000008 -0.452991 0.891515 0.000005 0.452994 -0.891513 -0.000001 -0.077332 0.997005 0.000027 0.077334 -0.997005 0.000025 0.310084 0.950709 0.000006 0.650297 0.759680 0.000002 -0.867002 -0.491320 -0.083141 -0.908018 -0.410590 0.083181 -0.759680 0.650297 -0.000021 -0.759680 0.650298 -0.000013 -0.452996 0.891513 0.000013 -0.452998 0.891511 0.000020 0.310074 0.950712 -0.000001 0.650310 0.759669 0.000007 -0.834998 -0.541414 -0.098230 0.891516 0.452990 -0.000004 -0.929619 -0.355181 0.098264 -0.997004 -0.077351 -0.000010 0.997004 0.077350 0.000005 -0.950718 0.310056 -0.000012 0.950713 -0.310074 0.000005 -0.759685 0.650291 0.000002 0.759679 -0.650298 0.000012 -0.452989 0.891516 0.000003 0.452994 -0.891513 -0.000001 -0.077321 0.997006 0.000024 0.077325 -0.997006 0.000020 0.997004 0.077346 -0.000003 0.997005 0.077341 -0.000004 0.950710 -0.310081 0.000003 0.950711 -0.310080 0.000002 0.759681 -0.650296 -0.000000 0.759682 -0.650294 0.000010 0.452998 -0.891512 -0.000000 0.452996 -0.891512 0.000009 -0.077347 0.997004 0.000022 -0.077350 0.997004 0.000029 0.077347 -0.997004 0.000022 0.077350 -0.997004 0.000035 -0.310074 -0.950712 0.000042 -0.310078 -0.950711 0.000011 0.310077 0.950711 0.000012 0.310074 0.950712 0.000029 -0.650296 -0.759681 0.000021 -0.650297 -0.759680 0.000028 0.650296 0.759681 0.000012 0.650294 0.759682 0.000020 -0.891143 -0.453573 0.011634 -0.891143 -0.453573 0.011666 0.891513 0.452995 0.000011 0.891513 0.452996 0.000010 -0.891761 -0.452357 -0.011643 -0.891760 -0.452359 -0.011608 -0.997004 -0.077346 -0.000014 -0.997004 -0.077345 -0.000021 0.997004 0.077347 -0.000000 0.997004 0.077347 -0.000000 
						-0.950711 0.310080 -0.000010 -0.950711 0.310079 -0.000018 0.950711 -0.310077 0.000000 0.950711 -0.310078 -0.000009 -0.650289 -0.759687 0.000037 -0.650280 -0.759695 0.000022 -0.861727 -0.499570 0.088636 -0.888229 -0.458128 0.034175 -0.950710 0.310082 -0.000006 -0.950706 0.310094 -0.000016 -0.759677 0.650301 -0.000005 -0.759678 0.650299 0.000001 0.759682 -0.650295 -0.000003 0.759688 -0.650288 0.000012 -0.453009 0.891506 0.000015 -0.452993 0.891514 0.000006 0.453018 -0.891501 0.000015 0.453007 -0.891507 0.000015 -0.077359 0.997003 0.000010 -0.077352 0.997004 0.000011 0.077350 -0.997004 0.000009 0.077355 -0.997004 0.000008 -0.310074 -0.950713 -0.000002 -0.310077 -0.950711 -0.000002 0.310057 0.950718 0.000017 0.310065 0.950715 0.000019 -0.650272 -0.759702 0.000013 0.650281 0.759693 0.000014 0.650286 0.759690 0.000014 -0.823429 -0.559533 0.094274 0.891510 0.453001 0.000007 0.891510 0.453001 0.000001 -0.911570 -0.401471 -0.088657 -0.937425 -0.335176 -0.094288 -0.997005 -0.077336 -0.000005 -0.997004 -0.077344 -0.000002 -0.452996 0.891512 0.000008 -0.452992 0.891514 -0.000003 -0.077347 0.997004 0.000009 -0.077345 0.997004 -0.000020 0.650290 0.759686 0.000019 0.891510 0.453000 -0.000001 -0.893719 -0.447324 -0.034164 -0.997004 -0.077349 0.000015 0.997004 0.077347 -0.000003 -0.950711 0.310078 0.000008 0.950711 -0.310079 0.000003 -0.759678 0.650299 -0.000006 0.759683 -0.650294 0.000011 0.453002 -0.891510 0.000022 0.077346 -0.997004 0.000005 -0.310077 -0.950711 0.000011 0.310076 0.950712 0.000006 0.997004 0.077347 0.000002 0.997004 0.077347 -0.000000 0.950711 -0.310078 0.000000 0.950711 -0.310078 0.000010 0.077345 -0.997004 -0.000015 -0.310079 -0.950711 -0.000003 0.453001 -0.891510 0.000047 0.310079 0.950711 -0.000013 -0.650294 -0.759682 0.000019 0.650294 0.759683 0.000037 -0.890628 -0.454378 0.017937 
						0.891513 0.452995 -0.000019 -0.892108 -0.451465 -0.017962 -0.997004 -0.077346 0.000001 -0.950711 0.310078 0.000000 -0.759680 0.650297 -0.000021 0.759682 -0.650294 0.000015 -0.650310 -0.759668 0.001188 -0.650295 -0.759682 0.000037 -0.891469 -0.453064 0.003976 -0.891484 -0.453040 -0.003187 -0.950711 0.310078 -0.000008 -0.759682 0.650295 -0.000002 0.759682 -0.650295 0.000060 -0.452996 0.891512 0.000003 0.452997 -0.891512 0.000053 -0.077344 0.997004 -0.000082 0.077346 -0.997004 -0.000065 -0.310079 -0.950711 -0.000027 0.310079 0.950711 -0.000047 0.650296 0.759681 0.000039 0.891513 0.452996 -0.000002 -0.891542 -0.452921 -0.004006 -0.997004 -0.077346 0.000001 -0.950709 0.310083 -0.000006 -0.950711 0.310078 -0.000001 -0.759678 0.650299 -0.000003 -0.759678 0.650299 -0.000006 0.650317 0.759661 0.001785 0.891513 0.452996 -0.000000 -0.891531 -0.452949 0.003198 -0.997004 -0.077346 0.000000 0.997004 0.077347 0.000000 -0.950711 0.310078 0.000000 0.950713 -0.310072 -0.000400 -0.759682 0.650294 0.000000 0.759663 -0.650315 0.001576 -0.453000 0.891510 -0.000208 0.452978 -0.891521 0.001211 -0.077395 0.996996 -0.003154 0.077395 -0.996996 -0.002961 -0.310062 -0.950716 -0.001015 0.310060 0.950716 -0.001196 0.649922 0.760001 0.001004 0.649717 0.760175 0.001002 0.891514 0.452994 -0.000004 0.891513 0.452995 0.000000 0.950654 -0.310253 -0.000244 0.950619 -0.310361 -0.000264 0.760467 -0.649376 0.001075 0.760189 -0.649701 0.001032 -0.452860 0.891581 -0.000131 -0.452910 0.891556 -0.000125 0.453604 -0.891203 0.000608 0.453411 -0.891301 0.000614 -0.075051 0.997178 -0.002040 -0.075850 0.997117 -0.001976 0.075971 -0.997108 -0.001817 0.075248 -0.997163 -0.001866 -0.310571 -0.950550 -0.000461 -0.310423 -0.950598 -0.000479 0.310625 0.950532 -0.000511 0.310477 0.950581 -0.000555 -0.649717 -0.760176 0.000673 -0.649907 -0.760013 0.000673 
						0.649434 0.760417 0.001004 -0.831915 -0.546239 0.097675 -0.852425 -0.514126 0.095108 0.891512 0.452998 -0.000000 -0.917841 -0.385389 -0.095100 -0.931685 -0.349890 -0.097671 -0.997004 -0.077350 0.000003 -0.997004 -0.077350 0.000005 0.997005 0.077343 -0.000002 0.997004 0.077344 -0.000003 0.076777 -0.997047 -0.001674 0.076484 -0.997069 -0.001763 -0.310311 -0.950635 -0.000500 -0.310241 -0.950658 -0.000507 -0.905548 -0.416936 -0.078401 -0.997004 -0.077347 -0.000000 0.997004 0.077346 -0.000001 -0.950710 0.310080 -0.000007 0.950676 -0.310186 -0.000234 -0.759681 0.650295 0.000002 0.759992 -0.649932 0.000975 -0.452944 0.891539 -0.000119 0.453275 -0.891371 0.000636 -0.076409 0.997075 -0.001914 0.310356 0.950620 -0.000596 -0.650047 -0.759894 0.000666 -0.870665 -0.485588 0.078393 -0.950711 0.310078 0.000002 -0.950711 0.310077 -0.000001 -0.759681 0.650295 0.000005 -0.759680 0.650298 0.000000 0.453188 -0.891415 0.000632 -0.076734 0.997050 -0.001805 0.310274 0.950647 -0.000605 -0.650130 -0.759823 0.000640 0.650045 0.759895 0.000970 -0.880298 -0.470525 0.060680 0.891513 0.452995 -0.000002 -0.899059 -0.433603 -0.060677 -0.997004 -0.077345 -0.000006 0.997004 0.077347 0.000002 0.950687 -0.310151 -0.000225 0.759884 -0.650058 0.000915 -0.452961 0.891530 -0.000116 0.650398 0.759593 0.001024 0.650210 0.759754 0.000996 0.891513 0.452996 -0.000001 0.891513 0.452996 0.000001 0.950703 -0.310103 -0.000229 0.759749 -0.650216 0.000908 -0.452985 0.891518 -0.000111 0.453064 -0.891478 0.000658 -0.077144 0.997018 -0.001791 0.077154 -0.997018 -0.001679 -0.310136 -0.950692 -0.000550 0.310149 0.950688 -0.000655 -0.650237 -0.759731 0.000663 -0.890123 -0.455168 0.022448 -0.892448 -0.450591 -0.022450 -0.997004 -0.077347 -0.000004 0.997004 0.077347 0.000001 0.452693 -0.891666 0.000713 0.452916 -0.891553 0.000687 0.077564 -0.996986 -0.001671 
						0.078108 -0.996944 -0.001605 -0.892733 -0.449858 0.025594 -0.997004 -0.077347 0.000004 0.997004 0.077347 -0.000005 -0.950711 0.310078 0.000000 0.950720 -0.310051 -0.000222 -0.759681 0.650296 0.000000 0.759606 -0.650383 0.000883 -0.453010 0.891506 -0.000113 -0.077579 0.996985 -0.001777 -0.310004 -0.950735 -0.000587 0.309990 0.950740 -0.000704 -0.650363 -0.759623 0.000677 -0.889698 -0.455831 -0.025593 0.950772 -0.309891 -0.000203 0.950742 -0.309984 -0.000208 0.759428 -0.650591 0.000816 0.759202 -0.650854 0.000763 -0.078149 0.996940 -0.001690 0.309735 0.950823 -0.000757 -0.309795 -0.950803 -0.000623 -0.650540 -0.759471 0.000676 0.650667 0.759363 0.001025 -0.871680 -0.484000 -0.076928 0.891512 0.452996 0.000000 -0.904862 -0.418696 0.076926 -0.997004 -0.077346 -0.000000 0.997004 0.077348 -0.000002 -0.950711 0.310077 0.000000 -0.759681 0.650296 -0.000000 -0.453042 0.891489 -0.000109 -0.936466 -0.337642 0.095021 -0.926156 -0.364062 0.098457 -0.997004 -0.077347 -0.000001 -0.997004 -0.077348 -0.000000 -0.759680 0.650296 -0.000000 -0.453088 0.891466 -0.000106 0.452348 -0.891841 0.000753 -0.078909 0.996880 -0.001626 0.078853 -0.996885 -0.001566 -0.309463 -0.950911 -0.000671 0.309323 0.950957 -0.000824 -0.650800 -0.759249 0.000689 0.651056 0.759029 0.001039 -0.840106 -0.533411 -0.098459 0.891513 0.452996 0.000001 0.997004 0.077348 -0.000001 -0.950711 0.310078 0.000000 -0.077806 0.996950 -0.006072 -0.077610 0.996978 -0.003485 0.309981 0.950742 -0.001371 0.309908 0.950763 -0.002357 0.891514 0.452993 0.000003 0.997004 0.077352 -0.000003 -0.950711 0.310079 0.000000 0.950800 -0.309804 -0.000221 -0.759681 0.650296 0.000000 0.758985 -0.651108 0.000825 -0.453130 0.891444 -0.000116 0.451999 -0.892018 0.000861 -0.079645 0.996822 -0.001780 0.079578 -0.996827 -0.001726 -0.309133 -0.951019 -0.000766 0.308901 0.951094 -0.000954 
						-0.651048 -0.759036 0.000764 0.651444 0.758695 0.001170 -0.824844 -0.557318 -0.095022 -0.309931 -0.950757 -0.001976 -0.309991 -0.950739 -0.001147 -0.650369 -0.759617 0.001307 -0.650425 -0.759567 0.002300 0.650407 0.759583 0.002004 0.650489 0.759508 0.003476 -0.890891 -0.453966 -0.015061 -0.890892 -0.453966 -0.015061 0.891511 0.452998 -0.000000 0.891511 0.452999 -0.000000 -0.891931 -0.451921 0.015061 -0.891931 -0.451921 0.015060 -0.997004 -0.077347 -0.000000 -0.997004 -0.077347 -0.000000 0.997004 0.077347 0.000000 0.997004 0.077347 0.000001 -0.950711 0.310077 0.000000 -0.950711 0.310077 0.000000 0.950721 -0.310046 -0.000447 0.950730 -0.310020 -0.000804 -0.759679 0.650298 -0.000000 -0.759679 0.650298 0.000000 0.759593 -0.650396 0.001706 0.759530 -0.650466 0.002936 -0.453012 0.891504 -0.000230 -0.453025 0.891498 -0.000417 0.452901 -0.891560 0.001345 0.452835 -0.891591 0.002304 0.077778 -0.996954 -0.005704 0.077593 -0.996980 -0.003266 0.965195 -0.261530 0.000035 0.991807 0.127745 0.000008 0.991807 0.127744 0.000008 0.965195 -0.261530 0.000038 0.791641 -0.610987 0.000014 0.791641 -0.610987 0.000010 0.497569 -0.867424 -0.000000 0.497569 -0.867424 -0.000000 0.127746 -0.991807 -0.000011 0.497569 -0.867424 -0.000000 0.497569 -0.867424 -0.000000 0.127746 -0.991807 -0.000007 -0.261527 -0.965196 -0.000014 -0.261527 -0.965196 -0.000011 -0.610985 -0.791642 -0.000000 -0.610985 -0.791642 -0.000004 -0.867426 -0.497567 0.000004 -0.867426 -0.497567 0.000004 -0.991807 -0.127743 0.000017 -0.991807 -0.127743 0.000017 -0.965196 0.261528 0.000014 -0.965196 0.261528 0.000007 -0.791643 0.610984 0.000004 -0.791643 0.610984 0.000008 -0.497568 0.867425 0.000024 -0.497568 0.867425 0.000028 -0.127743 0.991807 0.000004 -0.127743 0.991807 0.000004 0.261528 0.965196 0.000017 0.261528 0.965196 0.000017 0.610985 0.791642 0.000004 
						0.610985 0.791642 0.000004 0.867424 0.497569 0.000028 0.867425 0.497569 0.000024 0.261535 0.965194 0.000004 0.261538 0.965193 0.000005 0.610987 0.791640 0.000003 0.610989 0.791639 0.000004 -0.867425 -0.497568 -0.000000 -0.867425 -0.497568 -0.000006 -0.991807 -0.127745 0.000013 -0.991807 -0.127745 0.000013 0.965193 -0.261540 0.000005 0.965191 -0.261546 0.000008 0.791639 -0.610990 0.000005 0.791640 -0.610988 0.000004 -0.610997 -0.791633 0.000010 -0.610995 -0.791634 0.000010 -0.867422 -0.497573 0.000002 -0.867419 -0.497579 -0.000001 -0.497561 0.867429 0.000005 -0.497561 0.867429 0.000005 -0.127733 0.991809 0.000004 -0.127732 0.991809 0.000004 0.127754 -0.991806 -0.000004 0.127754 -0.991806 -0.000004 -0.261507 -0.965202 -0.000008 -0.261514 -0.965200 -0.000005 -0.965191 0.261547 0.000012 -0.965191 0.261547 0.000012 -0.791635 0.610994 0.000005 -0.791635 0.610994 0.000005 0.867442 0.497539 0.000010 0.867447 0.497530 0.000014 0.637426 -0.767774 -0.064895 0.637419 -0.767780 -0.064892 -0.991808 -0.127737 0.000009 -0.991808 -0.127737 0.000009 0.991810 0.127721 0.000008 0.991810 0.127722 0.000008 0.340927 -0.937847 0.064903 0.340926 -0.937847 0.064903 -0.127755 0.991806 0.000015 -0.127760 0.991805 0.000017 0.261525 0.965197 0.000005 0.261527 0.965196 -0.000000 0.991807 0.127745 0.000026 0.991807 0.127745 0.000026 0.965196 -0.261528 -0.000000 0.965196 -0.261528 -0.000000 0.867423 0.497571 0.000039 0.867423 0.497571 0.000045 -0.965196 0.261529 0.000026 -0.965196 0.261529 0.000026 0.791642 -0.610985 0.000013 0.791642 -0.610985 0.000013 -0.791641 0.610987 0.000013 -0.791641 0.610987 0.000019 0.497569 -0.867425 0.000026 0.497569 -0.867425 0.000026 -0.497568 0.867425 0.000021 -0.497568 0.867425 0.000021 0.497569 -0.867425 -0.000022 0.497569 -0.867425 -0.000000 0.127744 -0.991807 -0.000028 
						0.127744 -0.991807 -0.000028 -0.127744 0.991807 0.000006 -0.127744 0.991807 0.000006 -0.261530 -0.965195 0.000015 -0.261530 -0.965195 0.000020 0.261530 0.965195 0.000008 0.261530 0.965195 0.000013 -0.610986 -0.791641 -0.000008 -0.610986 -0.791641 -0.000008 0.610984 0.791643 0.000026 0.610984 0.791643 0.000021 0.791644 -0.610982 0.000011 0.791648 -0.610977 0.000017 0.550139 -0.829924 0.092592 0.520585 -0.851000 0.069215 -0.261533 -0.965194 -0.000009 -0.261525 -0.965197 0.000004 -0.610987 -0.791641 -0.000006 -0.610984 -0.791643 -0.000003 0.610978 0.791647 0.000010 0.610984 0.791643 0.000003 -0.867423 -0.497572 0.000004 -0.867423 -0.497572 0.000005 0.867414 0.497587 0.000024 0.867420 0.497576 0.000013 -0.991806 -0.127751 0.000011 -0.991807 -0.127746 0.000005 0.991806 0.127754 0.000017 0.991806 0.127754 0.000014 0.965196 -0.261527 0.000007 0.965197 -0.261522 0.000014 -0.965199 0.261517 0.000014 -0.965199 0.261518 0.000015 0.791648 -0.610977 0.000015 -0.791656 0.610968 0.000020 -0.791650 0.610975 0.000017 0.571486 -0.814711 0.098237 -0.497575 0.867421 0.000002 -0.497577 0.867420 0.000011 0.438653 -0.893873 -0.092599 0.414729 -0.904624 -0.098259 0.127741 -0.991807 -0.000004 0.127742 -0.991807 -0.000004 -0.867426 -0.497567 0.000003 -0.867424 -0.497570 0.000006 -0.991807 -0.127745 0.000006 -0.991807 -0.127744 0.000006 -0.791646 0.610980 0.000015 -0.497572 0.867423 0.000011 0.471775 -0.878999 -0.069205 0.127742 -0.991807 -0.000006 -0.127747 0.991807 0.000005 -0.261534 -0.965194 -0.000016 0.261527 0.965196 -0.000000 -0.610984 -0.791643 -0.000001 0.610982 0.791644 0.000009 0.867420 0.497576 0.000025 0.991807 0.127748 0.000013 0.965197 -0.261525 0.000014 -0.965197 0.261522 0.000016 -0.127738 0.991808 0.000012 -0.127745 0.991807 0.000003 0.261528 0.965196 0.000008 0.261531 0.965195 0.000006 
						0.991807 0.127744 0.000013 0.965196 -0.261528 0.000013 0.867425 0.497567 0.000018 -0.965195 0.261530 0.000016 0.791641 -0.610986 0.000003 -0.791641 0.610987 0.000010 0.497581 -0.867415 -0.001807 -0.497567 0.867425 0.000006 0.497553 -0.867432 0.001816 0.127745 -0.991807 -0.000008 -0.261527 -0.965196 -0.000003 -0.610986 -0.791642 -0.000001 0.610987 0.791641 0.000015 -0.791637 0.610992 0.000010 -0.791638 0.610990 0.000005 -0.497563 0.867428 0.000009 -0.497566 0.867426 0.000005 -0.261522 -0.965197 -0.000008 -0.610981 -0.791646 -0.000008 0.610989 0.791639 0.000003 -0.867427 -0.497564 0.000008 0.867428 0.497562 0.000012 -0.991808 -0.127738 0.000011 0.991809 0.127733 0.000022 0.965194 -0.261533 0.000010 -0.965194 0.261533 0.000004 0.791641 -0.610987 0.000002 0.536176 -0.839881 -0.084355 0.454297 -0.886847 0.084360 0.127746 -0.991807 -0.000002 0.991808 0.127741 0.000006 0.991809 0.127732 0.000015 0.965195 -0.261533 0.000005 0.965191 -0.261545 0.000018 0.410842 -0.906376 0.098447 0.127752 -0.991806 -0.000007 -0.127733 0.991809 0.000012 -0.261524 -0.965197 -0.000005 0.261535 0.965194 0.000008 -0.610986 -0.791641 0.000002 0.610991 0.791638 0.000006 -0.867427 -0.497564 0.000003 0.867433 0.497555 0.000016 -0.991808 -0.127741 0.000002 -0.965194 0.261535 0.000006 0.791635 -0.610995 0.000013 0.574969 -0.812232 -0.098436 -0.261527 -0.965196 -0.000008 -0.261527 -0.965196 -0.000015 -0.610984 -0.791643 0.000008 -0.610984 -0.791643 0.000008 0.867433 0.497554 0.000018 -0.991809 -0.127732 0.000011 -0.965192 0.261542 0.000014 0.791626 -0.611005 0.000024 -0.791640 0.610987 0.000004 0.581167 -0.807816 -0.098380 -0.497569 0.867424 -0.000001 0.403920 -0.909490 0.098370 0.127753 -0.991806 -0.000008 -0.127726 0.991809 0.000018 -0.261526 -0.965197 -0.000003 0.261537 0.965193 0.000011 -0.610978 -0.791648 -0.000009 
						0.610994 0.791635 0.000013 -0.867429 -0.497561 0.000006 -0.791645 0.610982 0.000009 -0.791646 0.610979 0.000014 -0.497559 0.867430 -0.000004 -0.497570 0.867424 0.000006 0.261526 0.965196 0.000000 0.261526 0.965196 -0.000007 0.610984 0.791643 0.000015 0.610985 0.791642 0.000015 -0.867426 -0.497566 0.000007 -0.867426 -0.497566 0.000022 0.867425 0.497568 0.000030 0.867425 0.497568 0.000023 -0.991807 -0.127742 0.000023 -0.991807 -0.127742 0.000038 0.991807 0.127744 0.000008 0.991807 0.127743 0.000023 0.965196 -0.261529 0.000023 0.965196 -0.261529 0.000008 -0.965196 0.261528 0.000007 -0.965196 0.261528 -0.000007 0.791643 -0.610984 0.000007 0.791643 -0.610984 0.000007 -0.791643 0.610984 0.000023 -0.791643 0.610984 0.000015 0.497569 -0.867424 0.000070 0.497569 -0.867425 0.000085 -0.497570 0.867424 0.000046 -0.497570 0.867424 0.000023 0.497569 -0.867425 -0.000085 0.497569 -0.867425 -0.000055 0.127744 -0.991807 -0.000016 0.127744 -0.991807 -0.000030 -0.127744 0.991807 -0.000008 -0.127745 0.991807 -0.000023 0.991806 0.127752 0.000010 0.991807 0.127745 -0.000002 0.965198 -0.261521 0.000013 0.965197 -0.261522 0.000010 0.409857 -0.906817 -0.098484 0.407958 -0.907669 -0.098531 0.127739 -0.991808 -0.000006 0.127737 -0.991808 -0.000007 -0.127747 0.991807 0.000005 -0.127743 0.991807 -0.000000 -0.261535 -0.965194 -0.000006 -0.261526 -0.965196 -0.000000 0.261535 0.965194 -0.000006 0.261532 0.965195 -0.000003 -0.610980 -0.791646 0.000007 -0.610985 -0.791642 -0.000003 0.610977 0.791648 0.000010 0.610967 0.791656 0.000021 -0.867409 -0.497596 0.000034 -0.867420 -0.497577 0.000017 0.867413 0.497588 0.000024 0.867414 0.497588 0.000016 -0.991807 -0.127743 -0.000004 -0.991807 -0.127742 0.000002 0.991807 0.127745 -0.000001 0.965196 -0.261529 0.000000 -0.965195 0.261531 -0.000003 -0.965196 0.261529 -0.000000 
						0.791650 -0.610975 0.000021 0.791645 -0.610982 0.000012 0.577516 -0.810416 0.098498 0.575840 -0.811610 0.098475 -0.261530 -0.965195 -0.000009 -0.261531 -0.965195 -0.000010 -0.610987 -0.791641 -0.000005 -0.610985 -0.791642 0.000004 0.867421 0.497574 0.000003 -0.991807 -0.127746 0.000007 -0.965197 0.261523 0.000011 0.791645 -0.610981 0.000003 -0.791645 0.610982 0.000006 0.549525 -0.830363 0.092304 -0.497571 0.867423 0.000004 0.439345 -0.893564 -0.092303 0.127742 -0.991807 0.000000 -0.127741 0.991808 -0.000004 0.261530 0.965195 0.000001 0.610974 0.791650 0.000017 -0.867423 -0.497571 0.000014 -0.791640 0.610987 0.000007 -0.791644 0.610983 0.000009 -0.497569 0.867424 -0.000005 -0.497569 0.867425 -0.000006 0.261528 0.965196 0.000000 0.610984 0.791643 0.000005 -0.867425 -0.497568 0.000004 0.867423 0.497571 0.000007 -0.991807 -0.127744 0.000007 0.991806 0.127750 0.000020 0.965197 -0.261525 0.000006 -0.965196 0.261527 0.000011 0.791646 -0.610980 0.000005 0.505709 -0.861615 0.043338 0.488449 -0.871516 -0.043326 0.127746 -0.991807 0.000006 -0.127745 0.991807 -0.000000 0.867432 0.497556 0.000009 0.867427 0.497565 0.000016 0.991808 0.127737 0.000017 0.991809 0.127731 0.000005 0.480995 -0.874861 0.057121 0.127746 -0.991807 -0.000004 -0.127745 0.991807 0.000000 -0.261528 -0.965196 -0.000001 0.261530 0.965195 -0.000000 -0.610985 -0.791643 0.000001 0.610984 0.791643 0.000000 -0.867423 -0.497571 0.000001 -0.991807 -0.127744 0.000005 0.965195 -0.261532 0.000004 -0.965194 0.261535 0.000020 0.791641 -0.610986 -0.000001 0.512348 -0.856877 -0.057104 0.261528 0.965196 -0.000001 0.261530 0.965195 -0.000001 0.610985 0.791642 -0.000001 0.610986 0.791641 -0.000002 -0.991808 -0.127734 0.000010 -0.965189 0.261553 0.000024 0.965196 -0.261526 -0.000004 0.791636 -0.610993 0.000005 -0.791641 0.610987 -0.000002 
						0.584310 -0.805579 -0.098108 -0.497566 0.867426 -0.000003 0.400384 -0.911080 0.098107 0.127754 -0.991806 -0.000009 -0.127744 0.991807 -0.000001 -0.261528 -0.965196 -0.000000 -0.610984 -0.791643 0.000001 -0.867424 -0.497570 0.000001 0.399015 -0.911696 0.097967 0.378210 -0.921059 0.092776 0.127754 -0.991806 -0.000007 0.127742 -0.991807 0.000001 -0.610984 -0.791643 0.000000 -0.867426 -0.497566 -0.000003 0.867430 0.497558 0.000007 -0.991810 -0.127720 0.000014 0.991808 0.127736 0.000004 0.965196 -0.261526 -0.000004 -0.965188 0.261556 0.000020 0.791632 -0.610998 0.000012 -0.791634 0.610996 0.000009 0.604149 -0.791449 -0.092799 -0.497569 0.867424 0.000001 -0.127743 0.991807 0.000000 -0.261528 -0.965196 0.000000 -0.127716 0.991811 0.000024 0.261516 0.965199 -0.000009 0.127745 -0.991807 0.000001 -0.261518 -0.965199 -0.000008 -0.497549 0.867436 0.000017 0.403925 -0.909487 0.098373 -0.791636 0.610993 0.000011 0.791635 -0.610994 0.000009 0.581162 -0.807819 -0.098380 -0.965193 0.261537 0.000008 0.965188 -0.261557 0.000030 -0.991808 -0.127738 0.000004 0.867431 0.497558 0.000016 0.991809 0.127731 0.000017 -0.867432 -0.497555 0.000017 0.610995 0.791634 0.000014 -0.610978 -0.791647 -0.000005 0.261524 0.965197 0.000000 0.261524 0.965197 0.000000 0.610980 0.791646 0.000000 0.610980 0.791646 0.000000 -0.497570 0.867424 0.000002 -0.127744 0.991807 -0.000000 -0.261527 -0.965196 -0.000001 0.261527 0.965196 -0.000001 -0.610984 -0.791643 0.000000 0.610986 0.791641 -0.000001 -0.867427 -0.497564 -0.000003 0.867436 0.497549 0.000021 -0.991809 -0.127731 0.000007 0.991811 0.127718 0.000026 0.965191 -0.261546 0.000010 -0.965192 0.261541 0.000012 0.791644 -0.610983 -0.000002 -0.791632 0.610998 0.000017 0.585598 -0.804652 -0.098034 0.411873 -0.905914 -0.098393 0.394929 -0.913537 -0.097373 0.127763 -0.991805 0.000020 
						0.127739 -0.991808 0.000001 -0.610981 -0.791645 -0.000023 -0.610981 -0.791645 -0.000017 -0.867425 -0.497568 -0.000000 -0.867425 -0.497568 0.000006 0.867424 0.497570 0.000046 0.867424 0.497570 0.000034 -0.991807 -0.127744 0.000017 -0.991807 -0.127744 0.000023 0.991807 0.127741 0.000006 0.991808 0.127741 0.000012 0.965195 -0.261531 0.000040 0.965195 -0.261531 0.000046 -0.965196 0.261529 0.000023 -0.965196 0.261529 0.000017 0.791643 -0.610983 -0.000023 0.791643 -0.610983 -0.000011 -0.791639 0.610989 0.000006 -0.791639 0.610989 0.000000 0.497566 -0.867426 -0.000024 0.497566 -0.867426 -0.000000 -0.497567 0.867426 0.000000 -0.497567 0.867426 0.000000 0.497566 -0.867426 0.000012 0.497566 -0.867426 -0.000000 0.127740 -0.991808 0.000017 0.127740 -0.991808 0.000029 -0.127748 0.991807 0.000000 -0.127748 0.991807 0.000000 -0.261523 -0.965197 0.000017 -0.261523 -0.965197 0.000017 -0.991806 -0.127754 0.000020 -0.991807 -0.127744 0.000002 -0.965197 0.261523 0.000020 -0.965197 0.261523 0.000028 -0.497570 0.867424 -0.000000 -0.497559 0.867430 0.000010 -0.127743 0.991807 0.000005 -0.127744 0.991807 0.000001 -0.261543 -0.965192 -0.000008 -0.261538 -0.965193 0.000000 0.261531 0.965195 0.000002 0.261520 0.965198 0.000011 -0.610988 -0.791640 -0.000001 -0.610986 -0.791641 0.000002 0.610977 0.791649 0.000012 0.610971 0.791653 0.000017 -0.867416 -0.497584 0.000012 -0.867420 -0.497577 0.000001 0.867417 0.497582 0.000010 0.867418 0.497580 0.000015 -0.991807 -0.127747 0.000004 0.991803 0.127773 0.000029 0.991805 0.127762 0.000011 0.965205 -0.261493 0.000049 0.965200 -0.261511 0.000025 -0.965195 0.261532 0.000006 0.791639 -0.610989 0.000016 0.791634 -0.610996 -0.000005 -0.791639 0.610989 0.000004 -0.791640 0.610988 0.000002 0.589191 -0.802104 0.097383 0.574055 -0.812882 0.098407 0.261531 0.965195 0.000008 
						0.261525 0.965197 0.000007 0.610973 0.791651 0.000015 0.610981 0.791645 0.000019 0.965197 -0.261523 0.000014 0.791641 -0.610986 0.000004 -0.791642 0.610985 -0.000001 0.522447 -0.849670 0.071480 -0.497575 0.867421 -0.000003 0.469672 -0.879943 -0.071476 0.127734 -0.991808 -0.000016 -0.127745 0.991807 -0.000001 -0.261529 -0.965196 0.000000 -0.610985 -0.791642 -0.000000 -0.867423 -0.497572 -0.000001 0.867417 0.497581 0.000027 0.991806 0.127754 0.000025 -0.497575 0.867421 -0.000016 -0.497569 0.867424 0.000000 -0.127742 0.991807 -0.000007 -0.127742 0.991807 -0.000003 -0.610980 -0.791646 -0.000000 -0.867424 -0.497569 -0.000000 0.867424 0.497570 0.000019 -0.991807 -0.127743 0.000026 0.991808 0.127739 0.000030 0.965196 -0.261527 0.000023 -0.965197 0.261525 0.000019 0.791642 -0.610985 0.000007 -0.791645 0.610981 0.000008 0.497731 -0.867308 -0.006350 0.497379 -0.867510 0.006327 0.127744 -0.991807 -0.000019 -0.261526 -0.965196 -0.000000 0.965193 -0.261537 0.000012 0.965196 -0.261528 0.000007 0.791642 -0.610985 0.000005 0.791643 -0.610984 -0.000004 0.127747 -0.991807 -0.000012 -0.261528 -0.965196 -0.000002 0.261537 0.965193 0.000017 -0.610983 -0.791644 0.000001 0.610985 0.791642 0.000001 -0.867422 -0.497573 -0.000004 0.867432 0.497555 0.000020 -0.991809 -0.127731 0.000021 0.991809 0.127731 0.000023 -0.965194 0.261536 0.000022 -0.791640 0.610987 0.000021 0.534588 -0.841015 -0.083126 0.456075 -0.886051 0.083126 -0.610985 -0.791642 -0.000002 -0.610987 -0.791640 -0.000023 -0.867426 -0.497567 0.000002 -0.867424 -0.497569 0.000020 -0.965192 0.261543 0.000016 -0.791637 0.610991 0.000015 0.582995 -0.806517 -0.098219 -0.497589 0.867413 -0.000025 0.401846 -0.910424 0.098224 0.127743 -0.991807 -0.000003 -0.127727 0.991809 0.000014 -0.261525 -0.965197 0.000001 0.261537 0.965194 0.000014 -0.610981 -0.791646 -0.000004 
						0.610980 0.791646 -0.000006 -0.867419 -0.497578 -0.000009 0.867447 0.497529 0.000036 -0.991810 -0.127720 0.000025 0.991807 0.127744 0.000008 -0.127746 0.991807 0.000007 -0.127745 0.991807 0.000001 0.261531 0.965195 0.000002 0.261533 0.965195 0.000003 0.610983 0.791643 0.000005 0.610981 0.791645 0.000025 0.867423 0.497572 0.000040 0.867425 0.497568 0.000000 -0.991807 -0.127743 0.000022 -0.991807 -0.127746 0.000020 0.991807 0.127743 0.000002 0.991807 0.127746 0.000022 0.965196 -0.261527 -0.000003 0.965196 -0.261527 0.000033 -0.965196 0.261528 0.000022 -0.965196 0.261526 0.000020 0.791644 -0.610982 0.000007 0.791644 -0.610982 0.000041 -0.791642 0.610985 -0.000000 -0.791644 0.610983 0.000018 0.498127 -0.867026 0.011647 0.498124 -0.867028 0.011608 -0.497564 0.867427 -0.000020 -0.497566 0.867426 0.000000 0.496943 -0.867705 -0.011643 0.496946 -0.867704 -0.011608 0.127744 -0.991807 -0.000002 0.127743 -0.991807 -0.000020 -0.127742 0.991807 0.000023 -0.127741 0.991808 0.000003 -0.261527 -0.965196 -0.000000 -0.261527 -0.965196 -0.000000 0.261526 0.965196 -0.000003 0.261527 0.965196 -0.000002 0.791644 -0.610983 0.000016 0.791643 -0.610984 0.000007 0.542571 -0.835320 0.088639 0.502526 -0.863886 0.034179 -0.261524 -0.965197 0.000008 -0.261520 -0.965198 0.000011 -0.610988 -0.791640 0.000002 -0.610992 -0.791637 -0.000009 0.610986 0.791642 0.000003 0.610992 0.791637 -0.000000 -0.867423 -0.497572 0.000003 -0.867426 -0.497566 -0.000002 0.867425 0.497568 0.000002 0.867419 0.497578 0.000026 -0.991807 -0.127747 0.000005 -0.991806 -0.127754 0.000019 0.991806 0.127753 0.000016 0.991805 0.127761 0.000014 0.965204 -0.261497 0.000023 0.965198 -0.261521 0.000009 -0.965206 0.261491 0.000022 -0.965201 0.261508 0.000029 0.791646 -0.610980 0.000007 -0.791653 0.610971 0.000005 -0.791652 0.610973 0.000016 
						0.600509 -0.794042 0.094267 -0.497567 0.867426 0.000001 -0.497566 0.867426 -0.000005 0.447105 -0.890075 -0.088683 0.382222 -0.919248 -0.094287 0.127720 -0.991810 -0.000018 0.127740 -0.991808 -0.000006 -0.867425 -0.497568 -0.000013 -0.867426 -0.497567 -0.000000 -0.991807 -0.127746 0.000010 -0.991808 -0.127741 -0.000039 -0.791646 0.610981 0.000024 -0.497568 0.867425 -0.000003 0.492006 -0.869919 -0.034204 0.127745 -0.991807 0.000006 -0.127745 0.991807 0.000014 -0.261528 -0.965196 -0.000000 0.261534 0.965194 -0.000009 -0.610987 -0.791641 -0.000007 0.610990 0.791638 -0.000002 0.867423 0.497571 0.000029 0.991807 0.127744 0.000000 0.965196 -0.261526 0.000008 -0.965197 0.261525 0.000022 -0.127744 0.991807 0.000002 -0.127744 0.991807 0.000002 0.261529 0.965196 -0.000004 0.261528 0.965196 -0.000001 0.991807 0.127743 -0.000014 0.965196 -0.261529 -0.000004 0.867423 0.497571 0.000019 -0.965196 0.261527 0.000009 0.791643 -0.610983 0.000018 -0.791644 0.610983 0.000042 0.498904 -0.866471 0.017953 -0.497567 0.867425 0.000001 0.496069 -0.868097 -0.017953 0.127743 -0.991807 -0.000000 -0.261529 -0.965196 -0.000000 -0.610985 -0.791642 -0.000002 0.610984 0.791643 0.000016 0.791630 -0.610999 0.001193 0.791643 -0.610984 0.000044 0.497634 -0.867378 0.004004 0.497611 -0.867394 -0.003198 -0.261528 -0.965196 -0.000013 -0.610985 -0.791642 -0.000014 0.610983 0.791644 0.000065 -0.867425 -0.497568 -0.000002 0.867424 0.497569 0.000047 -0.991807 -0.127743 -0.000066 0.991807 0.127743 -0.000066 0.965196 -0.261529 -0.000020 -0.965196 0.261528 -0.000034 -0.791641 0.610986 0.000033 -0.497567 0.867425 -0.000001 0.497494 -0.867458 -0.004005 0.127744 -0.991807 -0.000000 -0.261530 -0.965195 -0.000002 -0.261528 -0.965196 0.000000 -0.610984 -0.791643 0.000000 -0.610983 -0.791644 0.000002 -0.791622 0.611008 0.001790 -0.497567 0.867425 0.000000 
						0.497522 -0.867446 0.003197 0.127745 -0.991807 -0.000000 -0.127744 0.991807 0.000017 -0.261528 -0.965196 -0.000000 0.261521 0.965198 -0.000389 -0.610986 -0.791642 -0.000000 0.611004 0.791626 0.001571 -0.867424 -0.497570 -0.000203 0.867434 0.497550 0.001183 -0.991796 -0.127794 -0.003165 0.991797 0.127791 -0.002961 0.965200 -0.261512 -0.000976 -0.965200 0.261508 -0.001207 -0.791941 0.610597 0.001002 -0.792106 0.610383 0.001003 -0.497567 0.867426 0.000000 -0.497567 0.867426 0.000000 0.261710 0.965146 -0.000251 0.261812 0.965119 -0.000262 0.610030 0.792378 0.001070 0.610367 0.792118 0.001028 -0.867499 -0.497439 -0.000134 -0.867471 -0.497487 -0.000124 0.867095 0.498143 0.000588 0.867192 0.497973 0.000616 -0.992097 -0.125456 -0.002045 -0.991996 -0.126250 -0.001984 0.991981 0.126375 -0.001819 0.992070 0.125670 -0.001855 0.965063 -0.262017 -0.000452 0.965101 -0.261878 -0.000479 -0.965043 0.262091 -0.000517 -0.965084 0.261939 -0.000562 0.792106 -0.610383 0.000672 0.791954 -0.610580 0.000673 -0.792333 0.610087 0.001006 0.587666 -0.803187 0.097669 0.556641 -0.825290 0.095111 -0.497566 0.867426 0.000001 0.431373 -0.897146 -0.095111 0.396632 -0.912767 -0.097667 0.127745 -0.991807 0.000000 0.127745 -0.991807 0.000002 -0.127752 0.991806 0.000009 -0.127747 0.991807 0.000002 0.991879 0.127177 -0.001670 0.991916 0.126882 -0.001769 0.965132 -0.261764 -0.000499 0.965150 -0.261697 -0.000510 0.462269 -0.883267 -0.078394 0.127745 -0.991807 0.000001 -0.127745 0.991807 -0.000000 -0.261526 -0.965196 -0.000000 0.261640 0.965166 -0.000237 -0.610986 -0.791641 -0.000003 0.610602 0.791937 0.000982 -0.867455 -0.497516 -0.000119 0.867271 0.497836 0.000630 -0.991925 -0.126812 -0.001912 -0.965118 0.261813 -0.000601 0.791845 -0.610722 0.000674 0.529068 -0.844949 0.078406 -0.261528 -0.965196 -0.000003 -0.261528 -0.965196 -0.000003 
						-0.610987 -0.791640 -0.000007 -0.610985 -0.791642 -0.000000 0.867318 0.497754 0.000625 -0.991884 -0.127134 -0.001804 -0.965141 0.261729 -0.000611 0.791777 -0.610810 0.000647 -0.791843 0.610723 0.000970 0.514506 -0.855337 0.060676 -0.497566 0.867426 0.000000 0.478587 -0.875942 -0.060661 0.127746 -0.991807 0.000005 -0.127744 0.991807 -0.000000 0.261601 0.965176 -0.000221 0.610737 0.791833 0.000916 -0.867443 -0.497536 -0.000107 -0.791560 0.611091 0.001013 -0.791711 0.610895 0.000996 -0.497568 0.867425 0.000000 -0.497568 0.867425 0.000002 0.261553 0.965189 -0.000224 0.610903 0.791705 0.000902 -0.867431 -0.497558 -0.000111 0.867386 0.497635 0.000664 -0.991832 -0.127540 -0.001800 0.991830 0.127553 -0.001681 0.965179 -0.261590 -0.000554 -0.965176 0.261601 -0.000658 0.791689 -0.610925 0.000661 0.499667 -0.865927 0.022442 0.495217 -0.868480 -0.022427 0.127745 -0.991807 0.000005 -0.127744 0.991807 0.000000 0.867595 0.497271 0.000720 0.867469 0.497490 0.000693 0.991778 0.127961 -0.001672 0.991708 0.128500 -0.001602 0.494496 -0.868803 0.025596 0.127744 -0.991807 -0.000000 -0.127744 0.991807 0.000000 -0.261527 -0.965196 -0.000000 0.261500 0.965204 -0.000219 -0.610984 -0.791643 -0.000002 0.611075 0.791572 0.000886 -0.867417 -0.497581 -0.000111 -0.991776 -0.127975 -0.001773 0.965216 -0.261454 -0.000591 -0.965220 0.261438 -0.000712 0.791588 -0.611055 0.000675 0.500308 -0.865469 -0.025591 0.261346 0.965245 -0.000196 0.261431 0.965222 -0.000210 0.611292 0.791405 0.000817 0.611569 0.791190 0.000766 -0.991703 -0.128538 -0.001681 -0.965292 0.261173 -0.000772 0.965274 -0.261239 -0.000627 0.791445 -0.611240 0.000677 -0.791345 0.611370 0.001020 0.527527 -0.846049 -0.076922 -0.497566 0.867426 0.000005 0.463991 -0.882494 0.076922 0.127745 -0.991807 -0.000001 -0.127747 0.991807 -0.000007 -0.261525 -0.965197 -0.000005 
						-0.610982 -0.791644 -0.000005 -0.867402 -0.497609 -0.000099 0.384638 -0.918164 0.095023 0.410504 -0.906528 0.098458 0.127743 -0.991807 0.000000 0.127741 -0.991808 -0.000001 -0.610986 -0.791641 0.000001 -0.867376 -0.497654 -0.000102 0.867786 0.496938 0.000753 -0.991604 -0.129299 -0.001625 0.991612 0.129242 -0.001566 0.965366 -0.260900 -0.000675 -0.965405 0.260755 -0.000831 0.791237 -0.611509 0.000687 -0.791025 0.611782 0.001044 0.575279 -0.812010 -0.098459 -0.497572 0.867423 -0.000006 -0.127750 0.991806 -0.000005 -0.261528 -0.965196 -0.000001 -0.991730 -0.128199 -0.006078 -0.991768 -0.128003 -0.003462 -0.965223 0.261426 -0.001375 -0.965240 0.261353 -0.002346 -0.497577 0.867420 -0.000007 -0.127748 0.991807 -0.000000 -0.261529 -0.965196 -0.000000 0.261256 0.965270 -0.000219 -0.610985 -0.791642 0.000001 0.611829 0.790990 0.000821 -0.867356 -0.497688 -0.000108 0.867975 0.496608 0.000854 -0.991511 -0.130013 -0.001764 0.991519 0.129949 -0.001716 0.965458 -0.260559 -0.000774 -0.965519 0.260331 -0.000956 0.791025 -0.611783 0.000779 -0.790716 0.612182 0.001166 0.598380 -0.795558 -0.095021 0.965234 -0.261381 -0.001992 0.965218 -0.261443 -0.001142 0.791581 -0.611063 0.001330 0.791534 -0.611120 0.002298 -0.791549 0.611103 0.001998 -0.791476 0.611191 0.003497 0.498506 -0.866755 -0.015059 0.498504 -0.866757 -0.015015 -0.497569 0.867425 -0.000014 -0.497568 0.867425 -0.000001 0.496517 -0.867897 0.015060 0.496517 -0.867897 0.015060 0.127744 -0.991807 -0.000000 0.127744 -0.991807 -0.000000 -0.127743 0.991807 0.000000 -0.127743 0.991807 0.000001 -0.261529 -0.965196 -0.000000 -0.261529 -0.965196 0.000000 0.261497 0.965204 -0.000439 0.261468 0.965212 -0.000827 -0.610984 -0.791643 -0.000000 -0.610984 -0.791643 -0.000000 0.611086 0.791563 0.001687 0.611159 0.791503 0.002925 -0.867417 -0.497581 -0.000198 -0.867409 -0.497596 -0.000413 
						0.867475 0.497479 0.001350 0.867510 0.497414 0.002310 0.991736 0.128171 -0.005711 0.991770 0.127988 -0.003262 0.367864 0.929880 0.000011 -0.015990 0.999872 0.000033 -0.015990 0.999872 0.000031 0.367864 0.929880 0.000009 0.695712 0.718321 0.000012 0.695712 0.718321 0.000016 0.917643 0.397405 0.000011 0.917643 0.397405 0.000011 0.999872 0.015987 0.000011 0.917644 0.397405 0.000000 0.917644 0.397405 0.000000 0.999872 0.015987 0.000003 0.929880 -0.367864 -0.000024 0.929880 -0.367864 -0.000024 0.718321 -0.695712 0.000008 0.718321 -0.695712 0.000010 0.397405 -0.917643 0.000000 0.397405 -0.917643 -0.000004 0.015988 -0.999872 0.000008 0.015988 -0.999872 0.000010 -0.367863 -0.929880 0.000010 -0.367863 -0.929880 0.000014 -0.695711 -0.718322 0.000007 -0.695711 -0.718322 0.000010 -0.917643 -0.397406 0.000005 -0.917643 -0.397406 0.000003 -0.999872 -0.015988 0.000002 -0.999872 -0.015988 0.000006 -0.929879 0.367864 0.000031 -0.929879 0.367864 0.000029 -0.718322 0.695711 0.000013 -0.718322 0.695711 0.000007 -0.397407 0.917642 0.000014 -0.397407 0.917642 0.000020 -0.929871 0.367887 0.000006 -0.929870 0.367888 0.000006 -0.718311 0.695722 -0.000001 -0.718314 0.695719 -0.000002 0.397407 -0.917642 -0.000011 0.397407 -0.917642 -0.000011 0.015989 -0.999872 0.000031 0.015989 -0.999872 0.000033 0.367876 0.929875 0.000009 0.367876 0.929875 0.000009 0.695719 0.718314 0.000007 0.695721 0.718312 0.000008 0.718327 -0.695705 -0.000006 0.718326 -0.695707 -0.000006 0.397394 -0.917648 0.000001 0.397395 -0.917647 0.000000 -0.917644 -0.397403 -0.000001 -0.917645 -0.397402 -0.000000 -0.999872 -0.015986 0.000000 -0.999872 -0.015984 0.000001 0.999872 0.015982 0.000004 0.999872 0.015976 0.000006 0.929890 -0.367838 -0.000009 0.929894 -0.367828 -0.000013 -0.367896 -0.929867 0.000016 -0.367886 -0.929871 0.000011 
						-0.695713 -0.718319 0.000001 -0.695714 -0.718319 0.000002 -0.397393 0.917648 0.000005 -0.397389 0.917650 0.000007 0.834257 0.547543 -0.064901 0.834255 0.547545 -0.064903 0.015991 -0.999872 -0.000002 0.015988 -0.999872 -0.000001 -0.015954 0.999873 0.000013 -0.015956 0.999873 0.000012 0.970100 0.233865 0.064903 0.970100 0.233868 0.064902 -0.999872 -0.015996 0.000014 -0.999872 -0.016004 0.000022 -0.929885 0.367849 0.000016 -0.929883 0.367855 0.000012 -0.015989 0.999872 0.000034 -0.015989 0.999872 0.000036 0.367863 0.929880 0.000019 0.367863 0.929880 0.000010 -0.397406 0.917643 0.000035 -0.397406 0.917643 0.000033 -0.367863 -0.929880 0.000038 -0.367863 -0.929880 0.000030 0.695711 0.718322 0.000009 0.695711 0.718322 0.000009 -0.695711 -0.718322 0.000003 -0.695711 -0.718322 -0.000003 0.917642 0.397408 0.000008 0.917642 0.397408 0.000013 -0.917642 -0.397407 -0.000004 -0.917642 -0.397407 -0.000007 0.917642 0.397408 0.000008 0.917642 0.397408 0.000013 0.999872 0.015987 -0.000017 0.999872 0.015987 -0.000020 -0.999872 -0.015988 0.000013 -0.999872 -0.015988 0.000019 0.929879 -0.367865 -0.000046 0.929879 -0.367865 -0.000035 -0.929880 0.367863 0.000021 -0.929880 0.367863 0.000029 0.718323 -0.695710 0.000008 0.718323 -0.695710 0.000011 -0.718323 0.695710 0.000017 -0.718323 0.695710 0.000020 0.695710 0.718323 0.000005 0.695710 0.718323 0.000002 0.886271 0.453824 0.092563 0.903897 0.422114 0.069214 0.929877 -0.367871 -0.000010 0.929876 -0.367872 -0.000006 0.718317 -0.695715 -0.000005 0.718320 -0.695713 -0.000005 -0.718333 0.695699 0.000013 -0.718328 0.695705 0.000009 0.397407 -0.917643 0.000002 0.397414 -0.917639 0.000012 -0.397426 0.917634 0.000024 -0.397415 0.917639 0.000014 0.016010 -0.999872 0.000025 0.016001 -0.999872 0.000019 -0.016003 0.999872 0.000020 -0.016002 0.999872 0.000015 
						0.367855 0.929883 0.000013 0.367849 0.929885 0.000023 -0.367853 -0.929884 0.000013 -0.367859 -0.929881 0.000007 0.695703 0.718329 0.000014 -0.695712 -0.718321 -0.000003 -0.695708 -0.718325 0.000006 0.873541 0.476738 0.098215 -0.917644 -0.397404 -0.000001 -0.917642 -0.397408 0.000003 0.937333 0.335907 -0.092591 0.945334 0.310960 -0.098221 0.999872 0.015970 -0.000018 0.999872 0.015977 -0.000015 0.397405 -0.917643 0.000006 0.397408 -0.917642 0.000003 0.015990 -0.999872 0.000002 0.015989 -0.999872 0.000009 -0.695705 -0.718328 0.000023 -0.917641 -0.397410 0.000011 0.926261 0.370472 -0.069222 0.999872 0.015986 -0.000008 -0.999872 -0.015991 0.000004 0.929880 -0.367864 -0.000005 -0.929881 0.367860 0.000005 0.718323 -0.695710 0.000001 -0.718324 0.695709 0.000008 -0.397409 0.917642 0.000009 -0.015998 0.999872 0.000022 0.367856 0.929883 0.000020 -0.367859 -0.929882 0.000012 -0.999872 -0.015986 0.000004 -0.999872 -0.015989 0.000001 -0.929880 0.367862 0.000008 -0.929878 0.367867 0.000006 -0.015989 0.999872 0.000024 0.367863 0.929880 0.000011 -0.397405 0.917643 0.000012 -0.367863 -0.929880 0.000027 0.695712 0.718321 0.000012 -0.695711 -0.718322 0.000015 0.917636 0.397419 -0.001792 -0.917643 -0.397405 0.000004 0.917649 0.397389 0.001803 0.999872 0.015989 -0.000010 0.929880 -0.367862 -0.000006 0.718321 -0.695711 -0.000002 -0.718322 0.695711 0.000002 -0.695718 -0.718315 0.000013 -0.695712 -0.718321 0.000007 -0.917643 -0.397405 0.000006 -0.917642 -0.397407 0.000004 0.929881 -0.367862 -0.000003 0.718324 -0.695709 -0.000004 -0.718321 0.695712 0.000003 0.397404 -0.917643 0.000004 -0.397396 0.917647 0.000020 0.015979 -0.999872 0.000017 -0.015979 0.999872 0.000018 0.367866 0.929879 0.000006 -0.367872 -0.929876 0.000017 0.695718 0.718315 0.000016 0.894594 0.438847 -0.084346 0.932102 0.352239 0.084348 
						0.999872 0.015991 -0.000008 -0.015973 0.999872 0.000014 -0.015979 0.999872 0.000010 0.367871 0.929877 0.000008 0.367880 0.929873 0.000017 0.946648 0.306865 0.098447 0.999872 0.015987 0.000001 -0.999872 -0.015978 0.000012 0.929881 -0.367861 -0.000001 -0.929878 0.367868 0.000007 0.718325 -0.695707 -0.000004 -0.718317 0.695716 0.000008 0.397406 -0.917643 -0.000001 -0.397390 0.917650 0.000018 0.015979 -0.999872 0.000009 -0.367871 -0.929877 0.000007 0.695722 0.718311 0.000017 0.871453 0.480498 -0.098441 0.929880 -0.367864 -0.000000 0.929880 -0.367864 -0.000000 0.718321 -0.695712 -0.000000 0.718321 -0.695712 -0.000000 -0.397387 0.917651 0.000019 0.015979 -0.999872 0.000009 -0.367880 -0.929873 0.000016 0.695722 0.718311 0.000015 -0.695721 -0.718312 0.000012 0.867763 0.487145 -0.098376 -0.917646 -0.397399 0.000005 0.948969 0.299632 0.098379 0.999872 0.015994 -0.000005 -0.999872 -0.015976 0.000011 0.929880 -0.367862 0.000001 -0.929882 0.367858 -0.000002 0.718327 -0.695705 -0.000006 -0.718314 0.695719 0.000012 0.397404 -0.917644 0.000001 -0.695710 -0.718323 -0.000000 -0.695713 -0.718320 -0.000004 -0.917644 -0.397404 -0.000001 -0.917643 -0.397405 -0.000005 -0.929880 0.367864 0.000011 -0.929879 0.367864 0.000008 -0.718322 0.695711 0.000004 -0.718322 0.695711 0.000013 0.397405 -0.917643 0.000007 0.397405 -0.917643 0.000004 -0.397406 0.917643 0.000032 -0.397406 0.917643 0.000019 0.015990 -0.999872 0.000004 0.015990 -0.999872 -0.000000 -0.015988 0.999872 0.000013 -0.015988 0.999872 0.000019 0.367861 0.929881 0.000040 0.367862 0.929880 0.000046 -0.367861 -0.929881 0.000034 -0.367861 -0.929881 0.000021 0.695711 0.718322 0.000019 0.695711 0.718322 0.000010 -0.695709 -0.718324 0.000020 -0.695709 -0.718324 0.000004 0.917643 0.397406 0.000075 0.917643 0.397406 0.000071 -0.917643 -0.397407 0.000015 
						-0.917642 -0.397407 0.000002 0.917643 0.397406 -0.000071 0.917643 0.397406 -0.000086 0.999872 0.015990 -0.000007 0.999872 0.015989 0.000000 -0.999872 -0.015987 0.000017 -0.999872 -0.015987 0.000008 -0.015992 0.999872 0.000005 -0.016005 0.999872 0.000016 0.367855 0.929883 0.000011 0.367863 0.929880 0.000003 0.946972 0.305858 -0.098465 0.947600 0.303898 -0.098491 0.999872 0.015992 0.000004 0.999872 0.015988 -0.000000 -0.999872 -0.015993 0.000005 -0.999872 -0.016003 0.000015 0.929880 -0.367863 0.000000 0.929878 -0.367867 0.000004 -0.929884 0.367852 0.000018 -0.929881 0.367860 0.000008 0.718321 -0.695712 0.000002 0.718320 -0.695713 0.000004 -0.718324 0.695708 0.000014 -0.718321 0.695712 0.000009 0.397405 -0.917643 0.000000 0.397406 -0.917643 -0.000002 -0.397399 0.917646 -0.000005 -0.397405 0.917643 0.000000 0.015988 -0.999872 0.000001 0.015988 -0.999872 -0.000000 -0.016013 0.999872 0.000024 0.367846 0.929887 0.000015 -0.367859 -0.929881 0.000007 -0.367858 -0.929882 0.000010 0.695704 0.718328 0.000008 0.695709 0.718324 0.000005 0.869937 0.483228 0.098493 0.870929 0.481439 0.098483 0.929881 -0.367861 0.000012 0.929878 -0.367868 0.000004 0.718323 -0.695710 0.000010 0.718323 -0.695710 -0.000001 -0.397408 0.917642 0.000003 0.015996 -0.999872 0.000010 -0.367849 -0.929886 0.000027 0.695706 0.718327 0.000014 -0.695711 -0.718322 -0.000004 0.886621 0.453190 0.092318 -0.917640 -0.397413 0.000002 0.937106 0.336619 -0.092308 0.999872 0.015980 -0.000011 -0.999872 -0.015994 0.000008 -0.929878 0.367867 0.000002 -0.718322 0.695711 0.000008 0.397402 -0.917645 -0.000009 -0.695712 -0.718321 0.000008 -0.695709 -0.718324 -0.000001 -0.917641 -0.397410 0.000008 -0.917643 -0.397406 0.000002 -0.929881 0.367862 0.000002 -0.718323 0.695709 0.000002 0.397404 -0.917644 -0.000008 -0.397406 0.917643 0.000000 
						0.015993 -0.999872 0.000025 -0.015987 0.999872 0.000001 0.367861 0.929881 0.000012 -0.367857 -0.929883 0.000024 0.695708 0.718324 0.000018 0.912781 0.406142 0.043339 0.920692 0.387874 -0.043369 0.999872 0.015985 -0.000016 -0.999872 -0.015987 -0.000002 -0.397398 0.917646 0.000009 -0.397406 0.917643 -0.000000 -0.015984 0.999872 0.000012 -0.015978 0.999872 0.000012 0.923175 0.380118 0.057081 0.999872 0.015992 -0.000011 -0.999872 -0.015987 -0.000000 0.929880 -0.367862 0.000009 -0.929882 0.367859 -0.000001 0.718324 -0.695708 0.000001 -0.718324 0.695709 0.000003 0.397406 -0.917643 -0.000003 0.015982 -0.999872 0.000018 0.367867 0.929878 0.000015 -0.367863 -0.929880 0.000006 0.695714 0.718319 0.000014 0.908813 0.413276 -0.057112 -0.929879 0.367865 0.000001 -0.929880 0.367862 -0.000001 -0.718320 0.695713 0.000005 -0.718321 0.695712 -0.000000 0.015983 -0.999872 0.000006 -0.367866 -0.929879 0.000006 0.367871 0.929877 0.000009 0.695721 0.718312 0.000011 -0.695718 -0.718315 0.000011 0.865880 0.490534 -0.098118 -0.917644 -0.397403 0.000004 0.950150 0.295956 0.098103 0.999872 0.015993 -0.000004 -0.999872 -0.015991 -0.000003 0.929881 -0.367862 0.000001 0.718321 -0.695712 0.000005 0.397410 -0.917641 -0.000002 0.950607 0.294534 0.097956 0.957592 0.272780 0.092788 0.999872 0.016002 -0.000009 0.999872 0.016016 -0.000023 0.718323 -0.695709 -0.000001 0.397404 -0.917644 0.000001 -0.397399 0.917646 0.000005 0.015979 -0.999872 0.000005 -0.015990 0.999872 -0.000001 0.367878 0.929874 0.000012 -0.367888 -0.929870 0.000021 0.695719 0.718314 0.000008 -0.695723 -0.718311 0.000014 0.854075 0.511806 -0.092790 -0.917643 -0.397405 -0.000000 -0.999872 -0.015990 -0.000000 0.929883 -0.367854 -0.000008 -0.999872 -0.015974 0.000010 -0.929878 0.367869 0.000006 0.999872 0.016000 -0.000010 0.929880 -0.367864 -0.000002 
						-0.917649 -0.397391 0.000007 0.948964 0.299651 0.098370 -0.695729 -0.718304 0.000021 0.695721 0.718312 0.000014 0.867774 0.487128 -0.098362 -0.367879 -0.929874 0.000017 0.367881 0.929873 0.000022 0.015979 -0.999872 0.000008 -0.397393 0.917649 0.000013 -0.015964 0.999873 0.000024 0.397400 -0.917646 0.000006 -0.718315 0.695718 0.000010 0.718326 -0.695707 -0.000003 -0.929878 0.367867 -0.000008 -0.929878 0.367867 -0.000008 -0.718319 0.695714 0.000009 -0.718319 0.695714 0.000012 -0.917643 -0.397406 -0.000001 -0.999872 -0.015990 0.000002 0.929879 -0.367867 0.000004 -0.929881 0.367860 0.000002 0.718319 -0.695714 0.000002 -0.718321 0.695712 -0.000001 0.397406 -0.917643 -0.000005 -0.397404 0.917644 -0.000002 0.015965 -0.999873 0.000019 -0.015982 0.999872 0.000005 0.367883 0.929872 0.000021 -0.367889 -0.929870 0.000025 0.695714 0.718319 0.000010 -0.695721 -0.718312 0.000014 0.865150 0.491850 -0.097972 0.946305 0.307933 -0.098406 0.951988 0.290226 -0.097406 0.999872 0.015989 -0.000001 0.999872 0.015979 -0.000006 0.718319 -0.695714 -0.000020 0.718319 -0.695714 -0.000017 0.397402 -0.917645 0.000008 0.397402 -0.917645 0.000011 -0.397406 0.917643 0.000000 -0.397406 0.917643 0.000003 0.015985 -0.999872 0.000029 0.015985 -0.999872 0.000032 -0.015984 0.999872 0.000032 -0.015984 0.999872 0.000026 0.367864 0.929880 0.000037 0.367864 0.929880 0.000030 -0.367860 -0.929881 0.000049 -0.367860 -0.929881 0.000046 0.695715 0.718318 -0.000018 0.695715 0.718318 -0.000018 -0.695709 -0.718323 0.000006 -0.695709 -0.718323 -0.000000 0.917645 0.397401 0.000060 0.917645 0.397401 0.000081 -0.917644 -0.397404 -0.000000 -0.917644 -0.397404 0.000003 0.917645 0.397402 -0.000042 0.917645 0.397402 -0.000057 0.999872 0.015989 -0.000007 0.999872 0.015989 0.000000 -0.999872 -0.015987 0.000009 -0.999872 -0.015987 0.000009 
						0.929878 -0.367869 0.000011 0.929878 -0.367869 0.000005 0.015994 -0.999872 0.000016 0.016013 -0.999872 0.000024 -0.367858 -0.929882 0.000010 -0.367854 -0.929883 0.000011 -0.917648 -0.397394 -0.000004 -0.917646 -0.397398 0.000002 -0.999872 -0.015982 -0.000008 -0.999872 -0.015995 0.000008 0.929877 -0.367871 -0.000004 0.929882 -0.367859 0.000006 -0.929886 0.367848 0.000020 -0.929879 0.367864 0.000003 0.718318 -0.695715 0.000001 0.718316 -0.695717 -0.000009 -0.718312 0.695721 -0.000007 -0.718328 0.695705 0.000009 0.397418 -0.917638 0.000000 0.397408 -0.917642 0.000003 -0.397431 0.917632 0.000013 -0.397416 0.917638 0.000010 0.016013 -0.999872 0.000016 -0.016011 0.999872 0.000022 -0.016013 0.999872 0.000017 0.367858 0.929882 0.000005 0.367851 0.929885 0.000017 -0.367847 -0.929886 0.000016 0.695696 0.718336 0.000017 0.695707 0.718325 0.000015 -0.695712 -0.718321 0.000007 -0.695721 -0.718312 0.000000 0.862951 0.495807 0.097419 0.871992 0.479525 0.098416 -0.929878 0.367868 0.000005 -0.929879 0.367865 0.000011 -0.718327 0.695706 0.000021 -0.718319 0.695714 0.000013 0.367847 0.929886 0.000025 0.695706 0.718327 0.000006 -0.695709 -0.718323 -0.000006 0.902783 0.424117 0.071469 -0.917644 -0.397404 -0.000005 0.926960 0.368287 -0.071484 0.999872 0.015987 0.000005 -0.999872 -0.015987 0.000005 0.929879 -0.367866 -0.000001 0.718318 -0.695715 -0.000017 0.397415 -0.917639 0.000016 -0.397407 0.917643 0.000001 -0.016003 0.999872 0.000039 -0.917640 -0.397413 -0.000003 -0.917640 -0.397414 -0.000009 -0.999872 -0.015990 0.000000 -0.999872 -0.015996 -0.000010 0.718323 -0.695709 -0.000004 0.397410 -0.917641 0.000009 -0.397410 0.917641 0.000002 0.015990 -0.999872 0.000012 -0.015989 0.999872 0.000046 0.367857 0.929882 0.000020 -0.367859 -0.929882 0.000027 0.695700 0.718332 0.000015 -0.695701 -0.718332 0.000016 
						0.917543 0.397587 -0.006332 0.917704 0.397214 0.006357 0.999872 0.015984 0.000015 0.929880 -0.367863 -0.000015 0.367866 0.929879 0.000004 0.367865 0.929879 0.000004 0.695715 0.718318 0.000020 0.695725 0.718309 0.000015 0.999872 0.015987 -0.000000 0.929883 -0.367856 -0.000016 -0.929879 0.367866 0.000005 0.718321 -0.695711 0.000000 -0.718317 0.695716 0.000015 0.397407 -0.917642 -0.000001 -0.397401 0.917645 0.000010 0.015976 -0.999872 0.000027 -0.015972 0.999872 0.000030 -0.367876 -0.929875 0.000033 -0.695712 -0.718321 0.000014 0.895534 0.437158 -0.083136 0.931512 0.354073 0.083167 0.718323 -0.695709 -0.000001 0.718322 -0.695711 -0.000001 0.397405 -0.917643 0.000018 0.397408 -0.917642 0.000025 -0.367889 -0.929870 0.000035 -0.695705 -0.718328 -0.000011 0.866654 0.489140 -0.098244 -0.917646 -0.397399 0.000005 0.949667 0.297458 0.098243 0.999872 0.015996 -0.000005 -0.999872 -0.016009 -0.000015 0.929887 -0.367845 -0.000025 -0.929870 0.367888 0.000020 0.718318 -0.695715 0.000004 -0.718324 0.695709 -0.000004 0.397401 -0.917645 0.000002 -0.397388 0.917651 0.000017 0.015960 -0.999873 0.000029 -0.015966 0.999873 0.000018 -0.999872 -0.015983 -0.000001 -0.999872 -0.015992 0.000004 -0.929880 0.367863 -0.000004 -0.929879 0.367864 0.000001 -0.718321 0.695712 0.000000 -0.718322 0.695711 -0.000000 -0.397409 0.917641 0.000028 -0.397408 0.917642 0.000043 0.015988 -0.999872 0.000050 0.015988 -0.999872 0.000027 -0.015991 0.999872 0.000044 -0.015993 0.999872 0.000030 0.367862 0.929880 0.000011 0.367865 0.929879 0.000001 -0.367866 -0.929879 0.000009 -0.367865 -0.929879 -0.000001 0.695710 0.718322 0.000010 0.695712 0.718321 0.000000 -0.695711 -0.718322 0.000001 -0.695710 -0.718323 0.000001 0.917310 0.398003 0.011608 0.917311 0.398003 0.011608 -0.917643 -0.397406 -0.000001 -0.917643 -0.397407 -0.000001 
						0.917851 0.396755 -0.011608 0.917851 0.396756 -0.011608 0.999872 0.015987 -0.000028 0.999872 0.015987 -0.000025 -0.999872 -0.015990 0.000001 -0.999872 -0.015990 0.000001 0.929880 -0.367863 -0.000017 0.929880 -0.367862 -0.000024 -0.929880 0.367862 0.000010 -0.929880 0.367864 -0.000000 0.695711 0.718322 0.000003 0.695706 0.718327 0.000008 0.890781 0.445707 0.088622 0.914682 0.402726 0.034177 0.929879 -0.367865 0.000000 0.929878 -0.367868 -0.000002 0.718323 -0.695709 -0.000006 0.718322 -0.695711 -0.000002 -0.718327 0.695705 -0.000008 -0.718331 0.695702 0.000018 0.397425 -0.917635 0.000011 0.397409 -0.917642 0.000006 -0.397453 0.917623 0.000032 -0.397423 0.917636 0.000028 0.015992 -0.999872 0.000004 0.015993 -0.999872 0.000013 -0.015989 0.999872 0.000004 -0.015996 0.999872 0.000006 0.367861 0.929881 0.000000 0.367852 0.929884 0.000021 -0.367848 -0.929886 0.000008 -0.367857 -0.929882 0.000010 0.695695 0.718337 0.000013 -0.695711 -0.718322 -0.000004 -0.695712 -0.718321 -0.000007 0.856250 0.507890 0.094249 -0.917644 -0.397403 -0.000004 -0.917642 -0.397409 0.000009 0.934500 0.344752 -0.088635 0.956230 0.277019 -0.094262 0.999873 0.015967 -0.000014 0.999872 0.015978 -0.000008 0.397406 -0.917643 -0.000000 0.397403 -0.917644 -0.000000 0.015987 -0.999872 0.000008 0.015987 -0.999872 -0.000016 -0.695709 -0.718323 0.000012 -0.917643 -0.397405 0.000008 0.919500 0.391600 -0.034194 0.999872 0.015984 -0.000010 -0.999872 -0.015982 -0.000017 0.929880 -0.367863 -0.000000 -0.929879 0.367865 0.000013 0.718322 -0.695711 0.000000 -0.718323 0.695709 0.000038 -0.397409 0.917642 0.000026 -0.015989 0.999872 0.000008 0.367862 0.929880 0.000015 -0.367865 -0.929879 -0.000003 -0.999872 -0.015988 0.000000 -0.999872 -0.015988 -0.000000 -0.929880 0.367864 0.000003 -0.929880 0.367864 -0.000010 -0.015987 0.999872 -0.000023 
						0.367863 0.929880 -0.000006 -0.397408 0.917642 0.000030 -0.367865 -0.929879 -0.000008 0.695709 0.718323 0.000018 -0.695709 -0.718323 0.000026 0.916846 0.398839 0.017933 -0.917643 -0.397406 -0.000003 0.918143 0.395841 -0.017956 0.999872 0.015988 -0.000000 0.929880 -0.367863 -0.000001 0.718322 -0.695711 -0.000001 -0.718323 0.695710 0.000024 0.695724 0.718308 0.001188 0.695710 0.718323 0.000042 0.917604 0.397476 0.004004 0.917618 0.397451 -0.003198 0.929880 -0.367863 -0.000016 0.718322 -0.695711 -0.000010 -0.718322 0.695711 0.000036 0.397405 -0.917643 -0.000000 -0.397406 0.917643 0.000047 0.015986 -0.999872 -0.000068 -0.015987 0.999872 -0.000070 0.367863 0.929880 -0.000031 -0.367864 -0.929880 -0.000024 -0.695710 -0.718323 0.000062 -0.917643 -0.397406 -0.000000 0.917668 0.397328 -0.004004 0.999872 0.015988 -0.000007 0.929880 -0.367863 0.000001 0.929879 -0.367866 -0.000002 0.718324 -0.695709 0.000003 0.718324 -0.695709 0.000004 -0.695731 -0.718300 0.001779 -0.917643 -0.397406 -0.000000 0.917659 0.397357 0.003187 0.999872 0.015988 -0.000006 -0.999872 -0.015988 0.000006 0.929881 -0.367861 -0.000000 -0.929882 0.367857 -0.000389 0.718322 -0.695710 -0.000000 -0.718303 0.695729 0.001571 0.397406 -0.917643 -0.000187 -0.397387 0.917651 0.001200 0.016038 -0.999866 -0.003132 -0.016036 0.999867 -0.002961 0.367847 0.929886 -0.001009 -0.367845 -0.929886 -0.001202 -0.695356 -0.718665 0.001005 -0.695162 -0.718853 0.001006 -0.917644 -0.397404 -0.000002 -0.917643 -0.397405 -0.000003 -0.929811 0.368037 -0.000246 -0.929773 0.368132 -0.000256 -0.719159 0.694844 0.001069 -0.718863 0.695151 0.001027 0.397275 -0.917700 -0.000128 0.397317 -0.917681 -0.000127 -0.398028 0.917373 0.000605 -0.397833 0.917458 0.000616 0.013690 -0.999904 -0.002041 0.014483 -0.999893 -0.001985 -0.014605 0.999892 -0.001821 -0.013882 0.999902 -0.001868 
						0.368342 0.929690 -0.000460 0.368201 0.929746 -0.000480 -0.368408 -0.929664 -0.000519 -0.368257 -0.929724 -0.000558 0.695166 0.718849 0.000671 0.695346 0.718675 0.000669 -0.694899 -0.719107 0.001003 0.863887 0.494125 0.097669 0.882382 0.460821 0.095110 -0.917644 -0.397404 -0.000000 0.939772 0.328304 -0.095106 0.951412 0.292018 -0.097679 0.999872 0.015988 0.000000 0.999872 0.015987 -0.000000 -0.999872 -0.015991 0.000005 -0.999872 -0.015988 0.000002 -0.015415 0.999880 -0.001677 -0.015119 0.999884 -0.001769 0.368096 0.929788 -0.000509 0.368026 0.929815 -0.000510 0.929438 0.360552 -0.078402 0.999872 0.015988 -0.000001 -0.999872 -0.015988 -0.000000 0.929880 -0.367862 0.000001 -0.929838 0.367970 -0.000235 0.718320 -0.695712 -0.000001 -0.718658 0.695364 0.000983 0.397350 -0.917667 -0.000121 -0.397692 0.917519 0.000635 0.015046 -0.999885 -0.001918 -0.368135 -0.929772 -0.000594 0.695475 0.718550 0.000667 0.898833 0.431222 0.078406 0.929880 -0.367863 0.000000 0.929880 -0.367864 -0.000001 0.718321 -0.695712 -0.000001 0.718322 -0.695711 -0.000000 -0.397602 0.917558 0.000626 0.015373 -0.999880 -0.001805 -0.368055 -0.929804 -0.000602 0.695552 0.718475 0.000646 -0.695473 -0.718551 0.000968 0.907526 0.415590 0.060676 -0.917643 -0.397406 -0.000001 0.923984 0.377587 -0.060677 0.999872 0.015988 -0.000001 -0.999872 -0.015989 0.000001 -0.929852 0.367934 -0.000223 -0.718540 0.695485 0.000918 0.397371 -0.917658 -0.000113 -0.695806 -0.718229 0.001016 -0.695629 -0.718401 0.000993 -0.917643 -0.397407 -0.000000 -0.917643 -0.397406 -0.000000 -0.929870 0.367888 -0.000225 -0.718393 0.695637 0.000902 0.397396 -0.917647 -0.000113 -0.397476 0.917612 0.000661 0.015784 -0.999874 -0.001794 -0.015795 0.999874 -0.001676 0.367922 0.929856 -0.000548 -0.367934 -0.929852 -0.000653 0.695656 0.718375 0.000660 0.916389 0.399659 0.022444 
						0.918429 0.394949 -0.022445 0.999872 0.015988 -0.000001 -0.999872 -0.015988 -0.000001 -0.397092 0.917778 0.000717 -0.397322 0.917679 0.000693 -0.016206 0.999867 -0.001669 -0.016754 0.999858 -0.001609 0.918669 0.394199 0.025587 0.999872 0.015988 -0.000001 -0.999872 -0.015988 -0.000001 0.929880 -0.367863 -0.000001 -0.929890 0.367837 -0.000220 0.718322 -0.695710 -0.000000 -0.718241 0.695794 0.000881 0.397421 -0.917637 -0.000112 0.016221 -0.999867 -0.001772 0.367792 0.929908 -0.000589 -0.367778 -0.929913 -0.000708 0.695775 0.718259 0.000678 0.916007 0.400346 -0.025587 -0.929953 0.367678 -0.000206 -0.929917 0.367770 -0.000210 -0.718051 0.695990 0.000817 -0.717805 0.696244 0.000769 0.016790 -0.999858 -0.001686 -0.367526 -0.930013 -0.000761 0.367584 0.929990 -0.000629 0.695945 0.718095 0.000682 -0.696061 -0.717982 0.001023 0.899754 0.429566 -0.076919 -0.917643 -0.397405 -0.000001 0.928861 0.362354 0.076921 0.999872 0.015989 -0.000001 -0.999872 -0.015988 0.000001 0.929880 -0.367863 -0.000002 0.718322 -0.695711 0.000000 0.397453 -0.917623 -0.000108 0.955430 0.279508 0.095023 0.946761 0.306511 0.098458 0.999872 0.015990 -0.000002 0.999872 0.015990 -0.000001 0.718321 -0.695711 -0.000000 0.397498 -0.917603 -0.000104 -0.396736 0.917933 0.000757 0.017552 -0.999845 -0.001624 -0.017506 0.999846 -0.001573 0.367258 0.930119 -0.000674 -0.367122 -0.930172 -0.000826 0.696192 0.717855 0.000693 -0.696429 -0.717625 0.001039 0.871272 0.480823 -0.098456 -0.917643 -0.397405 -0.000000 -0.999872 -0.015988 -0.000000 0.929880 -0.367863 -0.000001 0.016450 -0.999846 -0.006073 0.016252 -0.999862 -0.003479 -0.367761 -0.929919 -0.001377 -0.367691 -0.929945 -0.002356 -0.917644 -0.397402 0.000003 -0.999872 -0.015989 -0.000001 0.929879 -0.367866 0.000000 -0.929987 0.367592 -0.000225 0.718323 -0.695710 -0.000002 -0.717568 0.696488 0.000832 
						0.397538 -0.917586 -0.000111 -0.396385 0.918084 0.000856 0.018290 -0.999831 -0.001776 -0.018232 0.999832 -0.001729 0.366937 0.930246 -0.000768 -0.366710 -0.930335 -0.000956 0.696434 0.717620 0.000776 -0.696793 -0.717271 0.001166 0.857506 0.505623 -0.095021 0.367725 0.929932 -0.001963 0.367784 0.929910 -0.001138 0.695782 0.718251 0.001326 0.695835 0.718198 0.002301 -0.695817 -0.718216 0.001992 -0.695895 -0.718135 0.003471 0.917081 0.398416 -0.015060 0.917081 0.398416 -0.015073 -0.917644 -0.397404 0.000004 -0.917643 -0.397405 -0.000000 0.917993 0.396311 0.015061 0.917993 0.396311 0.015061 0.999872 0.015991 0.000000 0.999872 0.015991 0.000007 -0.999872 -0.015989 -0.000000 -0.999872 -0.015989 -0.000000 0.929880 -0.367863 0.000000 0.929880 -0.367863 0.000007 -0.929892 0.367832 -0.000446 -0.929902 0.367807 -0.000804 0.718321 -0.695712 -0.000000 0.718321 -0.695712 0.000000 -0.718228 0.695806 0.001711 -0.718161 0.695871 0.002942 0.397418 -0.917638 -0.000223 0.397432 -0.917632 -0.000422 -0.397310 0.917683 0.001343 -0.397243 0.917711 0.002298 -0.016421 0.999849 -0.005713 -0.016236 0.999863 -0.003275 -0.903594 0.428390 0.000011 -0.998750 0.049992 0.000031 -0.998750 0.049992 0.000037 -0.903594 0.428390 0.000011 -0.670875 0.741571 0.000016 -0.670875 0.741571 0.000010 -0.336020 0.941855 0.000011 -0.336020 0.941855 0.000000 0.049992 0.998750 0.000004 -0.336020 0.941855 0.000000 -0.336020 0.941855 -0.000007 0.049992 0.998750 -0.000004 0.428392 0.903593 -0.000022 0.428392 0.903593 -0.000017 0.741575 0.670870 -0.000009 0.741574 0.670870 0.000000 0.941856 0.336016 0.000016 0.941856 0.336016 0.000010 0.998750 -0.049991 0.000016 0.998750 -0.049991 0.000007 0.903594 -0.428391 0.000004 0.903594 -0.428391 0.000004 0.670875 -0.741570 0.000007 0.670875 -0.741570 0.000020 0.336020 -0.941855 0.000043 
						0.336020 -0.941855 0.000043 -0.049993 -0.998750 0.000009 -0.049993 -0.998750 -0.000000 -0.428390 -0.903594 -0.000000 -0.428390 -0.903594 -0.000000 -0.741570 -0.670875 -0.000000 -0.741570 -0.670875 -0.000000 -0.941855 -0.336018 0.000010 -0.941855 -0.336018 0.000016 -0.428409 -0.903585 0.000001 -0.428404 -0.903587 -0.000001 -0.741573 -0.670872 -0.000003 -0.741573 -0.670872 -0.000004 0.941856 0.336016 0.000000 0.941856 0.336016 0.000000 0.998750 -0.049993 0.000020 0.998750 -0.049993 0.000025 -0.903591 0.428397 0.000000 -0.903592 0.428395 -0.000000 -0.670853 0.741590 0.000007 -0.670848 0.741594 0.000009 0.741572 0.670873 0.000002 0.741566 0.670880 -0.000001 0.941860 0.336005 0.000004 0.941859 0.336008 0.000002 0.335987 -0.941866 0.000009 0.335990 -0.941866 0.000008 -0.050010 -0.998749 0.000006 -0.050012 -0.998749 0.000007 0.049992 0.998750 -0.000000 0.050002 0.998749 0.000003 0.428364 0.903606 -0.000010 0.428361 0.903608 -0.000012 0.903586 -0.428408 0.000007 0.903586 -0.428406 0.000006 0.670871 -0.741574 -0.000003 0.670869 -0.741576 -0.000001 -0.941859 -0.336008 0.000001 -0.941860 -0.336005 0.000003 -0.491308 0.868565 -0.064894 -0.491309 0.868564 -0.064894 0.998749 -0.050007 0.000006 0.998749 -0.050005 0.000005 -0.998748 0.050023 0.000009 -0.998748 0.050021 0.000008 -0.169379 0.983412 0.064901 -0.169378 0.983412 0.064901 -0.049988 -0.998750 0.000005 -0.049971 -0.998751 0.000023 -0.428383 -0.903597 0.000011 -0.428384 -0.903597 0.000013 -0.998750 0.049992 0.000006 -0.998750 0.049992 0.000011 -0.903593 0.428392 0.000027 -0.903593 0.428392 0.000024 -0.941856 -0.336018 0.000028 -0.941856 -0.336018 0.000033 0.903593 -0.428392 0.000027 0.903593 -0.428392 0.000033 -0.670872 0.741573 0.000022 -0.670872 0.741573 0.000016 0.670873 -0.741572 0.000013 0.670873 -0.741572 0.000007 -0.336019 0.941855 0.000034 
						-0.336019 0.941855 0.000039 0.336018 -0.941856 0.000018 0.336018 -0.941855 0.000007 -0.336019 0.941855 0.000011 -0.336019 0.941855 0.000000 0.049992 0.998750 -0.000012 0.049992 0.998750 -0.000012 -0.049994 -0.998750 0.000025 -0.049994 -0.998750 0.000025 0.428392 0.903593 -0.000027 0.428392 0.903593 -0.000032 -0.428390 -0.903594 0.000027 -0.428390 -0.903594 0.000032 0.741573 0.670872 0.000000 0.741573 0.670872 0.000000 -0.741572 -0.670873 -0.000000 -0.741572 -0.670873 0.000005 -0.670876 0.741570 0.000007 -0.670880 0.741566 0.000011 -0.394393 0.914267 0.092576 -0.361579 0.929769 0.069210 0.428395 0.903592 -0.000005 0.428404 0.903587 -0.000014 0.741572 0.670873 -0.000001 0.741573 0.670873 0.000000 -0.741562 -0.670884 0.000018 -0.741567 -0.670879 0.000013 0.941856 0.336017 -0.000000 0.941854 0.336022 0.000006 -0.941854 -0.336021 0.000005 -0.941854 -0.336022 0.000005 0.998751 -0.049966 0.000027 0.998750 -0.049983 0.000010 -0.998750 0.049982 0.000010 -0.998750 0.049980 0.000007 -0.903599 0.428380 0.000007 -0.903599 0.428379 0.000015 0.903597 -0.428383 0.000010 0.903595 -0.428388 0.000006 -0.670886 0.741560 0.000016 0.670875 -0.741571 0.000005 0.670881 -0.741565 0.000018 -0.418105 0.903072 0.098233 0.336023 -0.941854 0.000005 0.336026 -0.941853 0.000010 -0.273360 0.957446 -0.092586 -0.247954 0.963782 -0.098203 0.050013 0.998749 -0.000023 0.050004 0.998749 -0.000018 0.941856 0.336018 0.000006 0.941855 0.336019 0.000002 0.998750 -0.049991 -0.000000 0.998750 -0.049993 0.000005 0.670878 -0.741568 0.000018 0.336020 -0.941855 0.000005 -0.308582 0.948677 -0.069204 0.049995 0.998749 -0.000009 -0.049989 -0.998750 0.000002 0.428392 0.903593 0.000000 -0.428391 -0.903594 0.000005 0.741573 0.670872 0.000000 -0.741569 -0.670877 0.000015 -0.941853 -0.336025 0.000015 -0.998750 0.049987 0.000013 
						-0.903597 0.428384 0.000016 0.903595 -0.428387 0.000010 -0.049996 -0.998749 0.000007 -0.049990 -0.998750 0.000006 -0.428392 -0.903593 0.000003 -0.428396 -0.903591 0.000009 -0.998750 0.049992 0.000010 -0.903594 0.428391 0.000004 -0.941855 -0.336019 0.000018 0.903593 -0.428392 0.000018 -0.670873 0.741572 0.000019 0.670872 -0.741574 0.000010 -0.336033 0.941848 -0.001800 0.336017 -0.941856 0.000005 -0.336002 0.941859 0.001791 0.049992 0.998750 -0.000014 0.428392 0.903593 -0.000001 0.741573 0.670872 -0.000004 -0.741573 -0.670872 0.000013 0.670868 -0.741576 0.000008 0.670870 -0.741575 0.000003 0.336016 -0.941856 0.000004 0.336012 -0.941858 0.000006 0.428387 0.903596 -0.000013 0.741574 0.670871 0.000002 -0.741577 -0.670868 0.000014 0.941858 0.336011 0.000015 -0.941859 -0.336007 0.000020 0.998749 -0.049996 0.000007 -0.998750 0.049994 0.000001 -0.903589 0.428399 0.000016 0.903591 -0.428397 0.000006 -0.670865 0.741579 0.000019 -0.378899 0.921585 -0.084360 -0.290001 0.953302 0.084343 0.049989 0.998750 -0.000003 -0.998750 0.049994 0.000003 -0.998749 0.049999 0.000007 -0.903588 0.428401 0.000011 -0.903590 0.428399 0.000007 -0.243761 0.964826 0.098450 0.049983 0.998750 -0.000009 -0.049997 -0.998749 0.000004 0.428385 0.903596 -0.000011 -0.428395 -0.903591 0.000004 0.741584 0.670860 0.000015 -0.741583 -0.670862 0.000016 0.941858 0.336012 0.000011 -0.941863 -0.335998 0.000022 0.998750 -0.049990 -0.000000 0.903590 -0.428398 0.000008 -0.670869 0.741576 0.000007 -0.421973 0.901249 -0.098435 0.428393 0.903593 -0.000011 0.428393 0.903593 -0.000004 0.741572 0.670873 -0.000004 0.741572 0.670873 -0.000007 -0.941864 -0.335995 0.000025 0.998749 -0.050000 0.000012 0.903585 -0.428409 0.000020 -0.670862 0.741583 0.000014 0.670866 -0.741579 0.000012 -0.428857 0.897999 -0.098382 0.336004 -0.941860 0.000015 
						-0.236401 0.966663 0.098368 0.049976 0.998750 -0.000016 -0.049995 -0.998749 0.000002 0.428390 0.903594 -0.000001 -0.428393 -0.903592 -0.000001 0.741574 0.670871 0.000005 -0.741588 -0.670856 0.000021 0.941854 0.336022 0.000001 0.670875 -0.741571 0.000005 0.670879 -0.741567 0.000011 0.336016 -0.941856 -0.000005 0.336019 -0.941855 0.000000 -0.428392 -0.903593 -0.000000 -0.428393 -0.903593 -0.000000 -0.741572 -0.670873 0.000030 -0.741572 -0.670873 0.000023 0.941855 0.336020 0.000000 0.941855 0.336020 0.000000 -0.941856 -0.336017 0.000023 -0.941856 -0.336018 0.000015 0.998750 -0.049993 0.000015 0.998750 -0.049993 0.000015 -0.998750 0.049992 0.000011 -0.998750 0.049992 0.000015 -0.903593 0.428392 0.000042 -0.903593 0.428392 0.000023 0.903592 -0.428394 0.000015 0.903592 -0.428394 0.000015 -0.670872 0.741573 0.000007 -0.670872 0.741573 0.000007 0.670872 -0.741574 0.000015 0.670872 -0.741574 0.000008 -0.336019 0.941855 0.000071 -0.336018 0.941856 0.000101 0.336017 -0.941856 0.000015 0.336017 -0.941856 0.000004 -0.336018 0.941856 -0.000055 -0.336019 0.941855 -0.000055 0.049990 0.998750 0.000000 0.049991 0.998750 -0.000004 -0.049995 -0.998749 0.000004 -0.049996 -0.998749 -0.000000 -0.998750 0.049986 0.000011 -0.998750 0.049979 0.000011 -0.903594 0.428389 0.000012 -0.903592 0.428395 0.000008 -0.242731 0.965083 -0.098472 -0.240739 0.965580 -0.098491 0.049997 0.998749 -0.000005 0.049999 0.998749 -0.000007 -0.049990 -0.998750 0.000003 -0.049997 -0.998749 -0.000005 0.428398 0.903590 -0.000007 0.428396 0.903591 -0.000002 -0.428397 -0.903591 -0.000009 -0.428390 -0.903594 0.000002 0.741571 0.670874 -0.000003 0.741570 0.670875 0.000002 -0.741560 -0.670887 0.000015 -0.741568 -0.670878 0.000002 0.941855 0.336020 -0.000001 0.941855 0.336018 -0.000001 -0.941856 -0.336018 -0.000001 -0.941853 -0.336024 -0.000002 
						0.998750 -0.049983 0.000011 0.998750 -0.049982 0.000009 -0.998750 0.049983 0.000008 -0.903596 0.428386 0.000011 0.903597 -0.428383 0.000010 0.903605 -0.428367 0.000022 -0.670884 0.741562 0.000016 -0.670874 0.741571 0.000009 -0.424807 0.899909 0.098499 -0.422943 0.900790 0.098473 0.428391 0.903593 0.000002 0.428397 0.903590 -0.000007 0.741569 0.670876 0.000010 0.741572 0.670874 -0.000001 -0.941852 -0.336028 0.000007 0.998751 -0.049969 0.000028 0.903599 -0.428379 0.000021 -0.670874 0.741572 0.000009 0.670869 -0.741576 -0.000000 -0.393717 0.914585 0.092304 0.336019 -0.941855 0.000002 -0.274073 0.957267 -0.092319 0.050001 0.998749 -0.000010 -0.049996 -0.998749 -0.000006 -0.428389 -0.903594 0.000007 -0.741572 -0.670873 -0.000000 0.941857 0.336015 -0.000007 0.670873 -0.741572 0.000003 0.670871 -0.741574 0.000000 0.336017 -0.941856 -0.000004 0.336018 -0.941855 -0.000002 -0.428391 -0.903594 0.000003 -0.741570 -0.670875 0.000008 0.941854 0.336022 0.000007 -0.941854 -0.336022 0.000007 0.998750 -0.049982 0.000027 -0.998750 0.049993 0.000003 -0.903593 0.428391 0.000013 0.903594 -0.428390 0.000012 -0.670875 0.741571 0.000009 -0.345058 0.937580 0.043348 -0.326310 0.944268 -0.043351 0.049999 0.998749 -0.000024 -0.049993 -0.998750 0.000000 -0.941860 -0.336006 0.000006 -0.941856 -0.336017 0.000003 -0.998749 0.049996 0.000011 -0.998749 0.050010 0.000015 -0.318401 0.946236 0.057088 0.049986 0.998750 -0.000021 -0.049994 -0.998750 0.000002 0.428396 0.903591 0.000012 -0.428392 -0.903593 0.000000 0.741571 0.670874 -0.000006 -0.741574 -0.670871 0.000010 0.941856 0.336016 0.000008 0.998749 -0.049994 0.000009 -0.903592 0.428393 0.000013 0.903592 -0.428395 0.000018 -0.670872 0.741573 0.000006 -0.352432 0.934094 -0.057099 -0.428396 -0.903591 -0.000001 -0.428394 -0.903592 0.000000 -0.741578 -0.670866 0.000001 
						-0.741577 -0.670868 -0.000001 0.998749 -0.050001 0.000005 0.903587 -0.428405 0.000014 -0.903591 0.428395 0.000008 -0.670871 0.741574 0.000004 0.670869 -0.741576 0.000003 -0.432354 0.896350 -0.098115 0.336018 -0.941856 -0.000001 -0.232648 0.967601 0.098100 0.049992 0.998750 0.000001 -0.049989 -0.998750 -0.000002 0.428393 0.903592 0.000004 0.741573 0.670872 0.000000 0.941855 0.336020 -0.000007 -0.231163 0.967969 0.097981 -0.209029 0.973498 0.092788 0.049995 0.998749 0.000002 0.050001 0.998749 0.000007 0.741572 0.670873 0.000001 0.941855 0.336020 -0.000004 -0.941858 -0.336011 0.000004 0.998749 -0.050010 0.000013 -0.998749 0.050003 0.000007 -0.903588 0.428401 0.000010 0.903584 -0.428411 0.000016 -0.670868 0.741577 0.000006 0.670868 -0.741577 0.000004 -0.454355 0.885975 -0.092785 0.336020 -0.941855 -0.000002 -0.049988 -0.998750 -0.000003 0.428391 0.903593 0.000001 -0.050000 -0.998749 0.000006 -0.428394 -0.903592 -0.000002 0.049987 0.998750 -0.000003 0.428389 0.903595 0.000002 0.336007 -0.941860 0.000013 -0.236410 0.966661 0.098367 0.670862 -0.741582 0.000013 -0.670858 0.741586 0.000019 -0.428858 0.897998 -0.098389 0.903588 -0.428402 0.000011 -0.903582 0.428414 0.000024 0.998749 -0.050005 0.000016 -0.941863 -0.335997 0.000020 -0.998749 0.049997 0.000004 0.941856 0.336018 0.000003 -0.741589 -0.670855 0.000022 0.741568 0.670878 0.000001 -0.428388 -0.903595 0.000022 -0.428388 -0.903595 0.000034 -0.741567 -0.670878 0.000000 -0.741567 -0.670878 -0.000009 0.336035 -0.941849 -0.000018 -0.049978 -0.998750 -0.000014 0.428391 0.903593 -0.000002 -0.428407 -0.903586 0.000010 0.741573 0.670873 -0.000001 -0.741590 -0.670854 0.000020 0.941855 0.336019 -0.000001 -0.941855 -0.336019 0.000001 0.998749 -0.049999 0.000008 -0.998749 0.050005 0.000007 -0.903584 0.428412 0.000020 0.903589 -0.428400 0.000010 
						-0.670857 0.741587 0.000022 0.670853 -0.741590 0.000027 -0.433729 0.895699 -0.097989 -0.244846 0.964554 -0.098418 -0.226801 0.969059 -0.097399 0.050022 0.998748 -0.000026 0.050002 0.998749 -0.000012 0.741573 0.670872 0.000000 0.741573 0.670872 0.000000 0.941856 0.336018 0.000000 0.941856 0.336018 0.000003 -0.941854 -0.336022 0.000008 -0.941854 -0.336022 0.000020 0.998749 -0.049997 -0.000003 0.998749 -0.049997 0.000009 -0.998750 0.049990 0.000043 -0.998750 0.049990 0.000037 -0.903593 0.428392 0.000038 -0.903593 0.428392 0.000026 0.903590 -0.428398 0.000060 0.903590 -0.428398 0.000060 -0.670873 0.741573 -0.000002 -0.670873 0.741573 0.000001 0.670869 -0.741576 0.000009 0.670869 -0.741576 0.000003 -0.336021 0.941854 0.000045 -0.336021 0.941854 0.000069 0.336014 -0.941857 -0.000026 0.336014 -0.941857 -0.000017 -0.336021 0.941854 0.000017 -0.336021 0.941854 0.000023 0.049989 0.998750 0.000003 0.049989 0.998750 -0.000009 -0.049993 -0.998750 -0.000006 -0.049993 -0.998750 -0.000000 0.428392 0.903593 -0.000025 0.428392 0.903593 -0.000034 0.998750 -0.049988 0.000016 0.998750 -0.049982 0.000013 0.903600 -0.428377 0.000022 0.903593 -0.428391 0.000006 0.336011 -0.941858 -0.000011 0.336022 -0.941854 -0.000004 -0.050007 -0.998749 -0.000009 -0.049986 -0.998750 0.000007 0.428395 0.903591 -0.000006 0.428393 0.903592 -0.000001 -0.428392 -0.903593 0.000004 -0.428388 -0.903595 -0.000005 0.741575 0.670870 -0.000005 0.741574 0.670871 -0.000002 -0.741567 -0.670879 -0.000007 -0.741565 -0.670881 -0.000001 0.941852 0.336028 0.000013 0.941852 0.336027 0.000006 -0.941842 -0.336056 0.000022 -0.941850 -0.336032 0.000016 0.998751 -0.049973 0.000016 -0.998750 0.049980 0.000019 -0.998750 0.049991 0.000009 -0.903599 0.428380 0.000012 -0.903598 0.428381 0.000013 0.903598 -0.428381 0.000020 -0.670897 0.741551 0.000028 
						-0.670890 0.741556 0.000012 0.670892 -0.741555 0.000014 0.670881 -0.741565 0.000008 -0.437804 0.893776 0.097427 -0.420980 0.901715 0.098418 -0.428394 -0.903592 -0.000004 -0.428393 -0.903593 -0.000004 -0.741571 -0.670874 0.000010 -0.741578 -0.670867 0.000007 -0.903595 0.428388 0.000003 -0.670882 0.741564 0.000005 0.670877 -0.741568 0.000008 -0.363661 0.928785 0.071473 0.336021 -0.941855 0.000004 -0.306361 0.949229 -0.071468 0.049990 0.998750 0.000001 -0.049986 -0.998750 0.000016 0.428394 0.903592 0.000001 0.741576 0.670869 -0.000008 0.941854 0.336023 0.000005 -0.941854 -0.336022 0.000017 -0.998750 0.049985 0.000021 0.336017 -0.941856 -0.000005 0.336016 -0.941856 0.000003 -0.049995 -0.998749 0.000004 -0.049997 -0.998749 0.000002 0.741575 0.670870 -0.000008 0.941857 0.336015 0.000015 -0.941858 -0.336012 0.000013 0.998750 -0.049991 0.000011 -0.998750 0.049992 0.000013 -0.903595 0.428388 0.000015 0.903592 -0.428395 0.000030 -0.670873 0.741572 0.000006 0.670870 -0.741575 0.000026 -0.336202 0.941768 -0.006360 -0.335819 0.941905 0.006353 0.049992 0.998750 0.000000 0.428392 0.903593 -0.000017 -0.903584 0.428411 0.000025 -0.903589 0.428401 0.000029 -0.670872 0.741573 -0.000002 -0.670868 0.741577 0.000005 0.049988 0.998750 -0.000012 0.428383 0.903597 -0.000018 -0.428388 -0.903595 -0.000003 0.741577 0.670868 0.000004 -0.741577 -0.670868 0.000007 0.941858 0.336010 0.000003 -0.941860 -0.336006 0.000013 0.998749 -0.050004 0.000021 -0.998749 0.050004 0.000028 0.903582 -0.428414 0.000035 0.670868 -0.741577 -0.000000 -0.377158 0.922406 -0.083183 -0.291872 0.952837 0.083141 0.741573 0.670872 -0.000029 0.741573 0.670872 -0.000003 0.941855 0.336019 0.000022 0.941854 0.336023 0.000055 0.903585 -0.428408 0.000008 0.670869 -0.741576 -0.000004 -0.430941 0.897013 -0.098275 0.336017 -0.941856 -0.000003 
						-0.234187 0.967216 0.098234 0.049978 0.998750 -0.000017 -0.049995 -0.998749 -0.000001 0.428382 0.903598 -0.000010 -0.428393 -0.903592 -0.000004 0.741571 0.670874 0.000002 -0.741581 -0.670863 0.000008 0.941858 0.336011 0.000001 -0.941860 -0.336007 0.000017 0.998748 -0.050028 0.000027 -0.998749 0.050008 0.000022 -0.049992 -0.998750 0.000000 -0.049993 -0.998750 0.000000 -0.428393 -0.903592 0.000001 -0.428389 -0.903594 -0.000003 -0.741573 -0.670872 0.000001 -0.741571 -0.670874 0.000021 -0.941855 -0.336020 -0.000001 -0.941856 -0.336018 -0.000001 0.998750 -0.049992 0.000038 0.998750 -0.049989 0.000051 -0.998750 0.049993 0.000021 -0.998750 0.049990 0.000024 -0.903595 0.428388 0.000055 -0.903593 0.428391 0.000022 0.903593 -0.428392 0.000020 0.903593 -0.428391 0.000009 -0.670873 0.741573 -0.000002 -0.670872 0.741573 0.000016 0.670871 -0.741574 0.000001 0.670873 -0.741572 0.000018 -0.336637 0.941563 0.011572 -0.336640 0.941562 0.011647 0.336017 -0.941856 0.000001 0.336018 -0.941856 0.000001 -0.335357 0.942020 -0.011607 -0.335358 0.942019 -0.011607 0.049991 0.998750 -0.000022 0.049990 0.998750 -0.000011 -0.049991 -0.998750 -0.000001 -0.049991 -0.998750 -0.000001 0.428395 0.903592 -0.000021 0.428395 0.903591 -0.000036 -0.428392 -0.903593 0.000001 -0.428393 -0.903593 0.000001 -0.670874 0.741571 0.000011 -0.670882 0.741564 0.000014 -0.386001 0.918230 0.088637 -0.341527 0.939250 0.034181 0.428400 0.903589 -0.000009 0.428424 0.903578 -0.000023 0.741571 0.670874 -0.000002 0.741570 0.670875 0.000005 -0.741571 -0.670874 -0.000000 -0.741570 -0.670876 0.000004 0.941838 0.336068 0.000039 0.941851 0.336031 0.000018 -0.941853 -0.336025 0.000003 -0.941853 -0.336026 0.000013 0.998750 -0.049993 0.000007 0.998750 -0.049989 0.000011 -0.998750 0.049983 0.000014 -0.998750 0.049975 0.000015 -0.903595 0.428387 0.000003 
						-0.903596 0.428387 0.000009 0.903604 -0.428369 0.000023 0.903598 -0.428382 0.000021 -0.670893 0.741554 0.000015 0.670878 -0.741567 0.000000 0.670875 -0.741570 0.000001 -0.450343 0.887865 0.094269 0.336019 -0.941855 -0.000002 0.336019 -0.941855 -0.000001 -0.282373 0.955201 -0.088638 -0.213352 0.972417 -0.094265 0.050000 0.998749 -0.000006 0.049999 0.998749 -0.000011 0.941855 0.336019 0.000007 0.941855 0.336019 0.000001 0.998750 -0.049991 0.000014 0.998749 -0.049995 -0.000024 0.670875 -0.741571 0.000011 0.336019 -0.941855 -0.000000 -0.330109 0.943324 -0.034178 0.049992 0.998750 -0.000007 -0.049991 -0.998750 -0.000000 0.428394 0.903592 -0.000002 -0.428390 -0.903594 -0.000002 0.741574 0.670871 -0.000007 -0.741571 -0.670874 0.000013 -0.941854 -0.336023 0.000031 -0.998750 0.049989 0.000014 -0.903593 0.428392 0.000008 0.903593 -0.428391 0.000008 -0.049993 -0.998750 -0.000001 -0.049994 -0.998750 -0.000006 -0.428393 -0.903593 -0.000007 -0.428391 -0.903593 -0.000013 -0.998749 0.049994 -0.000019 -0.903593 0.428393 -0.000006 -0.941854 -0.336022 0.000034 0.903592 -0.428393 -0.000010 -0.670875 0.741570 0.000032 0.670875 -0.741571 0.000033 -0.337504 0.941153 0.017965 0.336019 -0.941855 -0.000000 -0.334424 0.942251 -0.017965 0.049993 0.998750 -0.000006 0.428394 0.903592 -0.000021 0.741573 0.670873 -0.000014 -0.741571 -0.670875 0.000026 -0.670859 0.741584 0.001182 -0.670874 0.741572 0.000046 -0.336092 0.941821 0.003992 -0.336066 0.941833 -0.003197 0.428392 0.903593 -0.000015 0.741571 0.670874 -0.000005 -0.741571 -0.670874 0.000038 0.941855 0.336019 0.000000 -0.941855 -0.336019 0.000060 0.998749 -0.049995 -0.000084 -0.998750 0.049993 -0.000060 -0.903593 0.428392 -0.000021 0.903592 -0.428393 -0.000037 0.670873 -0.741572 0.000066 0.336018 -0.941856 -0.000000 -0.335940 0.941875 -0.004006 0.049992 0.998750 -0.000007 
						0.428392 0.903593 -0.000000 0.428391 0.903594 0.000000 0.741571 0.670874 0.000001 0.741572 0.670874 -0.000000 0.670849 -0.741591 0.001762 0.336018 -0.941855 -0.000000 -0.335969 0.941868 0.003198 0.049991 0.998750 0.000000 -0.049992 -0.998750 0.000005 0.428391 0.903594 0.000000 -0.428385 -0.903596 -0.000378 0.741571 0.670875 0.000000 -0.741588 -0.670853 0.001565 0.941854 0.336021 -0.000203 -0.941862 -0.335999 0.001189 0.998747 -0.049943 -0.003148 -0.998748 0.049945 -0.002934 -0.903600 0.428376 -0.000998 0.903600 -0.428375 -0.001212 0.671240 -0.741240 0.001011 0.671439 -0.741059 0.001007 0.336020 -0.941855 0.000001 0.336017 -0.941856 -0.000001 -0.428559 -0.903514 -0.000245 -0.428645 -0.903473 -0.000250 -0.740771 -0.671757 0.001060 -0.741055 -0.671444 0.001017 0.941904 0.335881 -0.000129 0.941888 0.335926 -0.000130 -0.941629 -0.336651 0.000598 -0.941698 -0.336458 0.000618 0.998630 -0.052292 -0.002041 0.998671 -0.051495 -0.001981 -0.998678 0.051368 -0.001813 -0.998642 0.052072 -0.001847 -0.903371 0.428859 -0.000460 -0.903436 0.428723 -0.000484 0.903342 -0.428922 -0.000520 0.903413 -0.428771 -0.000552 -0.671432 0.741066 0.000667 -0.671251 0.741230 0.000671 0.671706 -0.740817 0.000998 -0.436074 0.894595 0.097668 -0.401622 0.910854 0.095108 0.336020 -0.941855 0.000002 -0.265605 0.959379 -0.095112 -0.228646 0.968598 -0.097671 0.049991 0.998750 -0.000001 0.049990 0.998750 -0.000000 -0.049991 -0.998750 0.000002 -0.049993 -0.998750 -0.000000 -0.998720 0.050563 -0.001672 -0.998704 0.050860 -0.001769 -0.903488 0.428613 -0.000504 -0.903519 0.428548 -0.000507 -0.298466 0.951194 -0.078404 0.049991 0.998750 -0.000000 -0.049991 -0.998750 0.000001 0.428391 0.903593 -0.000000 -0.428495 -0.903544 -0.000234 0.741572 0.670873 -0.000001 -0.741251 -0.671227 0.000975 0.941876 0.335961 -0.000125 -0.941751 -0.336309 0.000629 
						0.998700 -0.050934 -0.001916 0.903468 -0.428656 -0.000593 -0.671117 0.741351 0.000668 -0.370998 0.925318 0.078398 0.428392 0.903593 -0.000001 0.428392 0.903593 -0.000003 0.741573 0.670872 -0.000002 0.741572 0.670873 -0.000001 -0.941784 -0.336218 0.000625 0.998717 -0.050608 -0.001806 0.903506 -0.428576 -0.000599 -0.671036 0.741425 0.000643 0.671119 -0.741349 0.000976 -0.354830 0.932960 0.060676 0.336019 -0.941855 0.000002 -0.315825 0.946875 -0.060675 0.049991 0.998750 0.000000 -0.049991 -0.998750 0.000003 -0.428460 -0.903560 -0.000223 -0.741365 -0.671101 0.000905 0.941869 0.335981 -0.000114 0.670773 -0.741662 0.001019 0.670956 -0.741496 0.000996 0.336019 -0.941855 -0.000001 0.336018 -0.941855 0.000000 -0.428416 -0.903582 -0.000228 -0.741503 -0.670949 0.000895 0.941860 0.336007 -0.000110 -0.941830 -0.336090 0.000665 0.998738 -0.050198 -0.001796 -0.998739 0.050184 -0.001676 -0.903566 0.428449 -0.000550 0.903561 -0.428460 -0.000650 -0.670929 0.741521 0.000662 -0.338349 0.940753 0.022440 -0.333516 0.942477 -0.022442 0.049991 0.998750 0.000000 -0.049993 -0.998750 0.000002 -0.941970 -0.335697 0.000715 -0.941886 -0.335933 0.000695 -0.998759 0.049773 -0.001676 -0.998786 0.049228 -0.001608 -0.332752 0.942667 0.025591 0.049991 0.998750 0.000001 -0.049993 -0.998750 -0.000000 0.428391 0.903593 -0.000005 -0.428366 -0.903605 -0.000225 0.741572 0.670874 0.000001 -0.741649 -0.670788 0.000881 0.941850 0.336033 -0.000110 0.998760 -0.049761 -0.001774 -0.903626 0.428323 -0.000590 0.903632 -0.428309 -0.000706 -0.670807 0.741632 0.000676 -0.339062 0.940416 -0.025593 -0.428213 -0.903678 -0.000206 -0.428300 -0.903636 -0.000210 -0.741833 -0.670584 0.000818 -0.742066 -0.670326 0.000763 0.998788 -0.049192 -0.001686 0.903748 -0.428065 -0.000761 -0.903721 0.428122 -0.000625 -0.670632 0.741789 0.000681 0.670511 -0.741898 0.001022 
						-0.369290 0.926125 -0.076919 0.336019 -0.941855 -0.000002 -0.300302 0.950737 0.076927 0.049990 0.998750 -0.000002 -0.049993 -0.998750 -0.000000 0.428390 0.903594 -0.000004 0.741572 0.670873 0.000002 0.941837 0.336069 -0.000110 -0.215887 0.971784 0.095020 -0.243404 0.964915 0.098458 0.049989 0.998750 -0.000001 0.049991 0.998750 0.000001 0.741569 0.670877 -0.000005 0.941821 0.336115 -0.000104 -0.942098 -0.335335 0.000752 0.998825 -0.048431 -0.001620 -0.998823 0.048487 -0.001563 -0.903869 0.427808 -0.000669 0.903934 -0.427672 -0.000827 -0.670377 0.742020 0.000693 0.670130 -0.742243 0.001038 -0.422323 0.901081 -0.098466 0.336019 -0.941855 -0.000001 -0.049992 -0.998750 0.000001 0.428393 0.903592 0.000001 0.998754 -0.049531 -0.006043 0.998757 -0.049726 -0.003491 0.903637 -0.428298 -0.001360 0.903668 -0.428228 -0.002356 0.336021 -0.941854 -0.000001 -0.049992 -0.998750 0.000000 0.428391 0.903593 -0.000001 -0.428131 -0.903717 -0.000226 0.741570 0.670876 -0.000004 -0.742292 -0.670076 0.000826 0.941805 0.336160 -0.000114 -0.942230 -0.334965 0.000861 0.998861 -0.047682 -0.001783 -0.998857 0.047763 -0.001723 -0.904020 0.427490 -0.000767 0.904121 -0.427276 -0.000953 -0.670131 0.742242 0.000772 0.669745 -0.742590 0.001172 -0.447967 0.888986 -0.095021 -0.903655 0.428256 -0.001962 -0.903630 0.428313 -0.001143 -0.670799 0.741638 0.001324 -0.670742 0.741687 0.002315 0.670762 -0.741670 0.002004 0.670676 -0.741742 0.003476 -0.337063 0.941362 -0.015060 -0.337063 0.941362 -0.015061 0.336018 -0.941856 -0.000000 0.336018 -0.941856 0.000000 -0.334902 0.942132 0.015060 -0.334903 0.942132 0.015061 0.049991 0.998750 0.000000 0.049991 0.998750 -0.000000 -0.049995 -0.998749 -0.000000 -0.049995 -0.998749 -0.000001 0.428393 0.903593 -0.000000 0.428392 0.903593 -0.000014 -0.428359 -0.903609 -0.000449 -0.428333 -0.903620 -0.000815 
						0.741574 0.670871 -0.000001 0.741573 0.670872 -0.000015 -0.741660 -0.670774 0.001706 -0.741721 -0.670702 0.002950 0.941849 0.336037 -0.000237 0.941845 0.336048 -0.000389 -0.941890 -0.335918 0.001354 -0.941913 -0.335849 0.002305 -0.998755 0.049555 -0.005734 -0.998757 0.049743 -0.003266 0.999408 -0.034400 0.000000 0.999408 -0.034404 0.000000 0.999408 -0.034402 -0.000000 0.999408 -0.034400 -0.000000 0.999408 -0.034401 0.000001 0.999408 -0.034402 0.000000 0.999408 -0.034399 -0.000000 0.999408 -0.034402 -0.000000 0.999408 -0.034400 -0.000000 0.999408 -0.034395 -0.000000 0.999408 -0.034402 -0.000000 0.999408 -0.034400 0.000000 0.999408 -0.034401 -0.000000 0.999408 -0.034400 0.000000 0.999408 -0.034406 0.000000 0.999408 -0.034400 0.000000 0.999408 -0.034403 0.000000 0.999408 -0.034399 0.000000 0.999408 -0.034399 0.000000 0.999408 -0.034398 0.000000 0.999408 -0.034396 0.000000 0.999408 -0.034400 0.000000 0.999408 -0.034399 0.000000 0.999408 -0.034400 0.000000 0.999408 -0.034401 0.000000 0.999409 -0.034388 0.000000 0.999408 -0.034401 0.000000 0.999408 -0.034399 0.000000 0.999408 -0.034410 0.000000 0.999408 -0.034400 0.000000 0.999408 -0.034401 -0.000000 0.999408 -0.034407 0.000000 0.999408 -0.034400 0.000000 0.999408 -0.034393 0.000000 0.999408 -0.034408 0.000000 0.999408 -0.034401 -0.000001 0.999408 -0.034401 0.000000 0.999408 -0.034396 -0.000001 0.999408 -0.034399 -0.000000 0.999408 -0.034400 0.000000 0.999408 -0.034400 -0.000000 0.999408 -0.034402 0.000000 0.999408 -0.034402 -0.000000 0.999408 -0.034403 0.000001 0.999408 -0.034402 0.000000 0.999408 -0.034401 0.000000 0.999408 -0.034400 0.000000 0.999408 -0.034397 0.000000 0.999408 -0.034401 0.000000 0.999408 -0.034400 -0.000000 0.999408 -0.034398 0.000000 0.999408 -0.034400 0.000000 0.999408 -0.034400 0.000000 0.999408 -0.034400 -0.000000 
						0.999408 -0.034401 0.000000 0.999408 -0.034400 -0.000000 0.999408 -0.034404 -0.000000 0.999408 -0.034404 0.000000 0.999408 -0.034401 -0.000000 0.999408 -0.034402 0.000000 0.999408 -0.034402 0.000000 0.999408 -0.034400 0.000000 0.999408 -0.034400 0.000000 0.999408 -0.034401 0.000000 0.999408 -0.034402 0.000000 0.998465 -0.055393 -0.000000 0.998476 -0.055182 -0.000000 0.998535 -0.054104 -0.000000 0.997676 -0.068140 -0.000000 0.996497 -0.083627 0.000000 0.996497 -0.083632 -0.000000 0.999110 0.042185 -0.000000 0.998797 -0.049033 -0.000000 0.990662 -0.136341 -0.000000 0.990783 -0.135459 -0.000000 0.999924 -0.012302 0.000000 0.999082 -0.042831 0.000001 0.998583 -0.053208 0.000000 0.998136 -0.061024 -0.000000 0.997616 -0.069009 -0.000000 0.998537 -0.054065 -0.000000 0.998774 -0.049510 -0.000000 0.998615 -0.052618 -0.000000 0.999982 -0.006070 -0.000000 0.999999 0.001149 -0.000000 0.998104 -0.061546 -0.000000 0.987045 -0.160446 -0.000000 0.987509 -0.157562 -0.000000 0.998129 -0.061139 0.000000 0.998731 -0.050355 0.000000 0.997529 0.070249 -0.000000 0.997148 0.075474 -0.000000 0.999480 0.032257 -0.000000 0.996010 -0.089237 0.000000 0.988205 -0.153134 0.000000 0.997421 -0.071773 -0.000000 0.998180 -0.060312 -0.000000 0.998180 -0.060312 0.000000 0.998698 -0.051004 -0.000000 0.998504 -0.054686 0.000000 0.999340 -0.036335 -0.000001 0.999953 -0.009714 -0.000000 0.999165 -0.040866 -0.000001 0.998950 -0.045823 0.000000 0.998765 -0.049674 -0.000000 0.998670 -0.051568 0.000000 0.998977 -0.045217 0.000000 0.999024 -0.044181 0.000000 0.999177 -0.040566 0.000001 0.998961 -0.045575 0.000000 0.998680 -0.051362 0.000000 0.998991 -0.044918 -0.000000 0.999038 -0.043845 -0.000000 0.997816 -0.066053 0.000000 0.997415 -0.071850 -0.000000 0.997452 -0.071335 -0.000000 0.997517 -0.070432 0.000000 0.997185 -0.074986 -0.000000 
						0.996990 -0.077525 0.000000 0.996788 -0.080089 -0.000000 0.998745 -0.050084 -0.000000 0.997800 -0.066301 -0.000000 0.997416 -0.071844 0.000000 0.997459 -0.071237 -0.000000 0.997003 -0.077360 -0.000000 0.996804 -0.079884 0.000000 0.997913 -0.064569 -0.000000 0.981953 -0.189125 -0.000000 0.999941 -0.010890 -0.000000 0.966162 0.257937 0.000000 0.335500 -0.590873 -0.733695 0.334557 -0.589213 -0.735459 0.161473 -0.606889 -0.778211 0.161545 -0.607162 -0.777983 0.709908 -0.427134 -0.559989 0.699438 -0.420835 -0.577654 0.856671 -0.251245 -0.450544 0.840301 -0.246444 -0.482865 0.642537 0.386597 0.661581 0.577650 0.347556 0.738597 0.763625 0.223955 0.605575 0.822524 0.241228 0.515037 0.284918 0.501790 0.816718 0.258647 0.455522 0.851822 0.130890 0.491949 0.860729 0.125616 0.472124 0.872536 0.640107 0.385136 -0.664781 0.575227 0.346099 -0.741168 0.769423 0.225656 -0.597551 0.832047 0.244022 -0.498148 0.283805 0.499830 -0.818306 0.260224 0.458300 -0.849850 0.132191 0.496835 -0.857718 0.127479 0.479125 -0.868440 0.336500 -0.592634 0.731814 0.335309 -0.590538 0.734052 0.160272 -0.602381 0.781953 0.160307 -0.602513 0.781843 0.708282 -0.426154 0.562787 0.698444 -0.420236 0.579291 0.851228 -0.249648 0.461614 0.836412 -0.245303 0.490145 0.173256 0.343534 -0.923021 0.189968 0.376671 -0.906659 0.015316 0.123815 -0.992187 0.008646 0.069896 -0.997517 0.022600 -0.182696 -0.982910 0.017132 -0.138491 -0.990215 0.159595 -0.377369 -0.912207 0.169570 -0.400953 -0.900268 0.173723 0.344074 0.922732 0.190452 0.377205 0.906336 0.015364 0.124199 0.992138 0.008690 0.070249 0.997492 0.022536 -0.182182 0.983006 0.017077 -0.138052 0.990278 0.158350 -0.376177 0.912916 0.168231 -0.399651 0.901098 0.828861 -0.414339 -0.375916 0.828518 -0.414168 -0.376859 0.992696 -0.112799 -0.042788 0.992631 -0.112791 -0.044285 
						0.974274 0.110706 0.196300 0.974860 0.110772 0.193332 0.824514 0.344743 0.448697 0.822158 0.343758 0.453747 0.832180 -0.411275 0.371927 0.831850 -0.411112 0.372843 0.992701 -0.112799 0.042675 0.992638 -0.112792 0.044120 0.974324 0.110711 -0.196053 0.974915 0.110778 -0.193052 0.824486 0.344870 -0.448651 0.822131 0.343885 -0.453700 0.361496 0.439729 -0.822167 0.369658 0.449658 -0.813118 0.678915 0.431118 0.594316 0.676708 0.429717 0.597837 0.292038 -0.472018 -0.831813 0.296459 -0.479163 -0.826145 0.627527 -0.519748 0.579717 0.625667 -0.518208 0.583097 0.362510 0.440149 0.821496 0.370653 0.450036 0.812456 0.678735 0.431276 -0.594407 0.676538 0.429880 -0.597913 0.618671 -0.521979 -0.587183 0.616748 -0.520357 -0.590635 0.289361 -0.471209 0.833206 0.293679 -0.478241 0.827670 
					</float_array>
					<technique_common>
						<accessor count="4316" offset="0" source="#meshId0-tangents-array" stride="3">
							<param name="X" type="float" />
							<param name="Y" type="float" />
							<param name="Z" type="float" />
						</accessor>
					</technique_common>
				</source>
				<source id="meshId0-bitangents" name="meshId0-bitangents">
					<float_array id="meshId0-bitangents-array" count="12948"> 
						-0.853401 -0.521255 0.000000 -0.784020 -0.620735 0.000000 -0.982481 -0.186365 -0.000000 -0.996225 -0.086809 -0.000000 -0.618737 -0.785598 0.000000 -0.609981 -0.792416 -0.000118 -0.621911 -0.783088 -0.000101 -0.362217 0.089279 0.927808 -0.579974 -0.000000 0.814635 -0.566390 -0.000000 0.824138 -0.359656 0.088648 0.928864 0.352914 -0.935656 -0.000001 0.463899 -0.885888 -0.000001 0.026787 -0.999641 0.000000 -0.108303 -0.994118 0.000000 -0.603108 -0.797659 -0.000128 -0.124532 0.065359 0.990061 -0.123505 0.064821 0.990225 0.965636 0.259897 0.000001 0.955176 0.296038 0.000001 0.986150 -0.165854 0.000001 0.972193 -0.234182 0.000001 -0.603000 -0.797741 -0.000129 0.071428 -0.063280 0.995436 0.071318 -0.063182 0.995451 -0.157406 0.987534 0.000000 -0.158395 0.987376 0.000000 0.325462 0.945555 0.000000 0.322306 0.946636 0.000000 -0.608179 -0.793800 -0.000123 0.183173 -0.265372 0.946586 0.184119 -0.266743 0.946017 -0.996899 -0.078691 0.000000 -0.984212 -0.176991 0.000000 -0.946205 0.323569 0.000000 -0.922522 0.385946 0.000000 -0.615277 -0.788311 -0.000110 0.187934 -0.495540 0.848010 0.189792 -0.500439 0.844713 -0.122791 -0.992433 0.000000 0.011860 -0.999930 -0.000000 -0.432823 -0.901479 0.000000 -0.548438 -0.836191 0.000000 -0.621072 -0.783753 -0.000092 0.085387 -0.703221 0.705826 0.086415 -0.711692 0.697156 0.970150 -0.242506 0.000000 0.984957 -0.172797 -0.000000 0.802598 -0.596521 0.000002 0.737874 -0.674938 0.000002 -0.623894 -0.781509 -0.000068 -0.102316 -0.842649 0.528654 -0.103476 -0.852203 0.512876 0.331714 0.943380 -0.000000 0.334122 0.942530 -0.000000 0.724841 0.688916 0.000000 0.733291 0.679915 0.000000 -0.624041 -0.781391 -0.000039 -0.335189 -0.883820 0.326360 -0.337873 -0.890898 0.303551 -0.950637 0.310306 -0.000000 -0.927144 0.374705 -0.000000 -0.623344 -0.781947 -0.000009 -0.564737 -0.818163 0.108085 
						-0.566251 -0.820356 0.079844 -0.423608 -0.905846 -0.000000 -0.541146 -0.840928 -0.000000 -0.623900 -0.781504 0.000021 -0.742730 -0.658002 -0.124041 -0.739602 -0.655231 -0.153822 0.807043 -0.590493 -0.000001 0.744529 -0.667590 -0.000001 -0.626357 -0.779536 0.000051 -0.829722 -0.435473 -0.349178 -0.820350 -0.430554 -0.376363 0.719360 0.694638 -0.000000 0.727017 0.686620 -0.000000 -0.627659 -0.778488 0.000078 -0.799304 -0.197012 -0.567714 -0.787249 -0.194040 -0.585310 -0.640876 0.767645 0.000000 -0.618879 0.785486 0.000000 -0.619982 -0.784616 0.000101 -0.664931 0.000000 -0.746904 -0.652573 0.000000 -0.757726 -0.789447 -0.613819 -0.000000 -0.857473 -0.514529 -0.000001 -0.608885 -0.793258 0.000118 -0.374725 0.092362 -0.922524 -0.364754 0.089904 -0.926753 0.453035 -0.891493 0.000001 0.339193 -0.940717 0.000000 -0.604623 -0.796512 0.000128 -0.130370 0.068424 -0.989101 -0.128721 0.067558 -0.989377 0.957314 0.289051 -0.000001 0.967860 0.251491 -0.000001 -0.606225 -0.795293 0.000129 0.066300 -0.058736 -0.996069 0.066235 -0.058679 -0.996077 -0.611906 -0.790931 0.000123 0.179568 -0.260149 -0.948724 0.180451 -0.261429 -0.948205 -0.618720 -0.785612 0.000110 0.185944 -0.490293 -0.851491 0.187745 -0.495042 -0.848343 -0.623877 -0.781523 0.000092 0.084844 -0.698753 -0.710314 0.085853 -0.707063 -0.701919 -0.626086 -0.779754 0.000068 -0.101909 -0.839295 -0.534040 -0.103092 -0.849038 -0.518175 -0.625898 -0.779905 0.000040 -0.335118 -0.883634 -0.326935 -0.337792 -0.890683 -0.304272 -0.640079 0.768309 -0.000000 -0.617674 0.786434 -0.000000 -0.625064 -0.780574 0.000009 -0.564235 -0.817436 -0.115918 -0.565850 -0.819776 -0.088211 -0.625663 -0.780093 -0.000021 -0.743453 -0.658642 0.116055 -0.740486 -0.656014 0.146038 -0.145948 0.989292 -0.000000 -0.145333 0.989383 -0.000000 -0.628265 -0.777999 -0.000051 -0.831939 -0.436636 0.342383 -0.822375 -0.431617 0.370684 
						-0.629322 -0.777145 -0.000078 -0.799810 -0.197136 0.566958 -0.782719 -0.192924 0.591719 0.001992 -0.001765 0.999996 0.002341 -0.002074 0.999995 0.002021 -0.002928 0.999994 0.001835 -0.002658 0.999995 0.001021 -0.000252 0.999999 0.001615 -0.000398 0.999999 0.001211 -0.000636 0.999999 0.000781 -0.000410 1.000000 0.000823 0.000203 1.000000 0.001541 0.000380 0.999999 0.001896 -0.000000 0.999998 0.001096 -0.000000 0.999999 0.002227 0.001973 0.999996 0.002474 0.002192 0.999995 0.002542 0.001334 0.999996 0.002128 0.001117 0.999997 0.000533 -0.004388 0.999990 0.000531 -0.004369 0.999990 -0.000564 -0.004648 0.999989 -0.000580 -0.004774 0.999988 0.001857 -0.000975 0.999998 0.002387 -0.001253 0.999996 0.001349 0.000000 0.999999 0.002021 0.000000 0.999998 0.000597 0.000313 1.000000 0.001144 0.000600 0.999999 0.002029 0.002939 0.999994 0.002128 0.003083 0.999993 0.001355 -0.003573 0.999993 0.001416 -0.003734 0.999992 0.000535 -0.000474 1.000000 0.000805 -0.000713 0.999999 0.000407 -0.000590 1.000000 0.000271 -0.000393 1.000000 0.001490 -0.000367 0.999999 0.002200 -0.000542 0.999997 0.000375 0.000332 1.000000 0.000745 0.000660 1.000000 0.001486 0.003917 0.999991 0.001479 0.003900 0.999991 0.001784 0.000440 0.999998 0.002369 0.000584 0.999997 0.000249 0.000361 1.000000 0.000459 0.000664 1.000000 0.000531 0.004377 0.999990 0.000516 0.004252 0.999991 -0.119287 -0.487140 0.865139 -0.143107 -0.583906 0.799108 -0.278772 -0.532641 0.799112 -0.232479 -0.444393 0.865140 -0.119569 0.487071 0.865139 -0.143391 0.583836 0.799109 0.000717 0.601190 0.799106 0.000675 0.501535 0.865137 0.334621 -0.373589 0.865136 0.400730 -0.448161 0.799104 0.281309 -0.531308 0.799110 0.234973 -0.443083 0.865139 -0.468932 0.177859 0.865141 -0.562100 0.213203 0.799117 -0.494682 0.341636 0.799109 
						-0.412673 0.285017 0.865139 0.498469 0.055489 0.865130 0.597369 0.067645 0.799109 0.603491 -0.006344 0.797345 0.503650 -0.006848 0.863881 -0.412498 -0.285272 0.865139 -0.494506 -0.341891 0.799109 -0.562000 -0.213491 0.799110 -0.468826 -0.178146 0.865139 0.234698 0.443228 0.865139 0.281033 0.531453 0.799111 0.400513 0.448354 0.799105 0.334403 0.373783 0.865137 0.000994 -0.501535 0.865137 0.001033 -0.601190 0.799106 -0.232756 0.444248 0.865141 -0.279047 0.532496 0.799112 0.414609 -0.282209 0.865134 0.496639 -0.338795 0.799104 -0.497884 0.060357 0.865140 -0.596802 0.072370 0.799118 0.470206 0.174491 0.865136 0.563396 0.209775 0.799112 -0.332156 -0.375775 0.865139 -0.398231 -0.450379 0.799107 0.121170 0.486676 0.865138 0.145056 0.583425 0.799108 -0.332394 0.375565 0.865139 -0.398466 0.450170 0.799107 0.470755 -0.173043 0.865128 0.563851 -0.208589 0.799101 -0.497851 -0.060664 0.865138 -0.596775 -0.072675 0.799111 0.121486 -0.486598 0.865138 0.145363 -0.583349 0.799108 0.414471 0.282409 0.865135 0.496505 0.338990 0.799105 0.490490 -0.114979 0.863828 0.587323 -0.139181 0.797295 -0.047312 -0.194850 0.979691 -0.092628 -0.177833 0.979692 -0.047593 0.194781 0.979691 0.000580 0.200510 0.979691 0.134951 -0.148320 0.979688 0.095029 -0.176573 0.979690 -0.187484 0.071100 0.979691 -0.164954 0.113995 0.979691 0.199697 0.018839 0.979677 0.201001 -0.007887 0.979559 -0.164776 -0.114252 0.979691 -0.187372 -0.071390 0.979691 0.094748 0.176720 0.979690 0.134735 0.148512 0.979689 0.000906 -0.200510 0.979691 -0.092909 0.177686 0.979692 0.166838 -0.111263 0.979686 -0.199065 0.024066 0.979691 0.188722 0.067832 0.979685 -0.132567 -0.150433 0.979692 0.049049 0.194422 0.979691 -0.132811 0.150217 0.979692 0.189474 -0.065837 0.979676 -0.199026 -0.024377 0.979691 0.049378 -0.194340 0.979691 
						0.166691 0.111477 0.979687 0.196876 -0.041814 0.979536 0.036350 -0.146069 0.988606 0.000489 -0.150525 0.988606 -0.097834 0.114424 0.988603 -0.068113 0.134248 0.988604 0.140734 -0.053398 0.988606 0.123925 -0.085441 0.988606 -0.148695 -0.024116 0.988589 -0.152683 -0.009161 0.988233 0.124112 0.085170 0.988606 0.140849 0.053097 0.988606 -0.068409 -0.134092 0.988605 -0.098054 -0.114230 0.988604 0.000832 0.150525 0.988606 0.036643 0.145997 0.988606 0.070185 -0.133160 0.988606 -0.122053 0.088151 0.988601 0.149409 -0.018262 0.988607 -0.139494 -0.056665 0.988600 0.100193 0.112335 0.988606 -0.035021 -0.146397 0.988606 0.099935 -0.112564 0.988606 -0.138504 0.059274 0.988587 0.149450 0.017934 0.988607 -0.034674 0.146482 0.988605 -0.122211 -0.087922 0.988602 0.070478 0.133007 0.988606 -0.146233 0.044005 0.988271 -0.317205 0.361932 0.876576 -0.221866 0.427069 0.876577 0.449968 -0.170698 0.876579 0.396094 -0.273348 0.876579 -0.476949 -0.064481 0.876563 -0.484862 -0.009918 0.874534 0.396285 0.273072 0.876579 0.450085 0.170392 0.876579 -0.222169 -0.426910 0.876578 -0.317425 -0.361738 0.876577 0.000736 0.481258 0.876579 0.115721 0.467139 0.876579 0.223837 -0.426035 0.876579 0.115425 -0.467211 0.876579 -0.394281 0.275971 0.876574 0.477729 -0.058138 0.876581 -0.448760 -0.173874 0.876574 0.319483 0.359916 0.876579 -0.114257 -0.467499 0.876578 0.319217 -0.360151 0.876579 -0.447623 0.176855 0.876559 0.477772 0.057801 0.876580 -0.113900 0.467587 0.876578 -0.394446 -0.275733 0.876575 0.224137 0.425878 0.876579 0.000380 -0.481258 0.876579 -0.468567 0.124582 0.874599 0.615283 -0.233410 0.752958 0.541595 -0.373803 0.752958 -0.652416 -0.086212 0.752941 -0.661473 -0.010464 0.749896 0.541793 0.373517 0.752958 0.615405 0.233089 0.752958 -0.304333 -0.583469 0.752958 -0.434654 -0.494096 0.752957 
						0.000699 0.658068 0.752958 0.158005 0.638819 0.752958 0.305982 -0.582605 0.752959 0.157702 -0.638893 0.752958 -0.539761 0.376455 0.752954 -0.434427 0.494296 0.752957 0.653252 -0.079459 0.752960 -0.614062 -0.236618 0.752954 0.436724 0.492265 0.752959 -0.156595 -0.639166 0.752957 0.436447 -0.492510 0.752959 -0.612843 0.239799 0.752940 0.653294 0.079109 0.752960 -0.156222 0.639258 0.752957 -0.539939 -0.376198 0.752955 0.306296 0.582440 0.752959 0.000323 -0.658068 0.752959 -0.304018 0.583634 0.752957 -0.639897 0.167641 0.749952 -0.000000 -1.000000 -0.000000 -0.000000 -1.000000 0.000000 0.000000 -1.000000 0.000000 0.000000 -1.000000 0.000000 0.000000 -1.000000 -0.000000 -0.000000 -1.000000 0.000000 -0.000000 -1.000000 0.000000 0.000000 -1.000000 -0.000000 -0.000000 -1.000000 -0.000000 -0.000000 -1.000000 0.000000 -0.000000 -1.000000 -0.000000 -0.000000 -1.000000 -0.000000 0.000001 -1.000000 -0.000000 0.000000 -1.000000 -0.000000 -0.000001 -1.000000 -0.000000 0.000000 -1.000000 -0.000000 -0.000000 -1.000000 0.000000 -0.000000 -1.000000 -0.000000 -0.000000 -1.000000 -0.000000 -0.000000 -1.000000 -0.000000 -0.000000 -1.000000 0.000000 -0.000000 -1.000000 -0.000000 -0.000000 -1.000000 -0.000000 -0.000000 -1.000000 0.000000 -0.000000 -1.000000 0.000000 -0.000000 -1.000000 -0.000000 0.000000 -1.000000 -0.000000 -0.612749 -0.790278 0.000644 -0.614596 -0.788842 0.000643 -0.591203 -0.806522 0.000753 -0.590331 -0.807161 0.000753 -0.592198 -0.805792 0.000805 -0.589972 -0.807423 0.000805 -0.595998 -0.802986 0.000811 -0.593451 -0.804870 0.000811 -0.601026 -0.799229 0.000773 -0.599615 -0.800288 0.000772 -0.606904 -0.794775 0.000692 -0.607488 -0.794328 0.000692 -0.614121 -0.789212 0.000574 -0.616650 -0.787237 0.000576 -0.622356 -0.782734 0.000426 -0.626144 -0.779707 0.000429 -0.631573 -0.775316 0.000257 -0.635606 -0.772014 0.000261 
						-0.640757 -0.767744 0.000074 -0.643506 -0.765441 0.000077 -0.646764 -0.762690 -0.000116 -0.647898 -0.761727 -0.000115 -0.651305 -0.758816 -0.000301 -0.650970 -0.759103 -0.000301 -0.649616 -0.760263 -0.000475 -0.646702 -0.762743 -0.000477 -0.612250 -0.790664 -0.000644 -0.609959 -0.792433 -0.000645 -0.588476 -0.808514 -0.000754 -0.587611 -0.809143 -0.000754 -0.595511 -0.803346 -0.000804 -0.593675 -0.804704 -0.000805 -0.600501 -0.799623 -0.000812 -0.598490 -0.801130 -0.000811 -0.605692 -0.795699 -0.000774 -0.604737 -0.796425 -0.000774 -0.611648 -0.791130 -0.000694 -0.612597 -0.790395 -0.000695 -0.618947 -0.785432 -0.000577 -0.621493 -0.783419 -0.000579 -0.626211 -0.779653 -0.000429 -0.629557 -0.776954 -0.000432 -0.634011 -0.773324 -0.000259 -0.638360 -0.769738 -0.000264 -0.645512 -0.763750 -0.000080 -0.648746 -0.761005 -0.000083 -0.651833 -0.758362 0.000111 -0.652644 -0.757665 0.000110 -0.654821 -0.755784 0.000298 -0.653596 -0.756844 0.000299 -0.648165 -0.761500 0.000476 -0.645078 -0.764117 0.000479 -0.140084 -0.571813 0.808336 -0.140085 -0.571812 0.808336 0.001080 -0.588718 0.808337 0.001081 -0.588718 0.808338 -0.272959 -0.521619 0.808336 -0.272960 -0.521619 0.808336 -0.389946 -0.441054 0.808340 -0.389947 -0.441054 0.808340 -0.484240 -0.334817 0.808337 -0.484240 -0.334817 0.808337 -0.550349 -0.209082 0.808332 -0.550350 -0.209082 0.808332 -0.584413 -0.071175 0.808329 -0.584413 -0.071175 0.808329 -0.584441 0.070880 0.808335 -0.584441 0.070880 0.808335 -0.550449 0.208800 0.808337 -0.550449 0.208800 0.808337 -0.484412 0.334568 0.808337 -0.484413 0.334567 0.808337 -0.390173 0.440853 0.808340 -0.390174 0.440853 0.808340 -0.273228 0.521478 0.808336 -0.273229 0.521478 0.808336 -0.140363 0.571744 0.808336 -0.140364 0.571744 0.808336 0.000779 0.588719 0.808338 0.000777 0.588718 0.808338 0.142118 0.571311 0.808335 0.142117 0.571311 0.808336 
						0.275262 0.520409 0.808335 0.275261 0.520410 0.808335 0.392262 0.439000 0.808337 0.392262 0.439001 0.808337 0.486275 0.331864 0.808333 0.486274 0.331865 0.808333 0.551794 0.205242 0.808331 0.551793 0.205244 0.808331 0.584960 0.066558 0.808327 0.584960 0.066553 0.808327 0.591128 -0.005187 0.806561 0.591127 -0.005196 0.806562 0.552024 -0.204652 0.808324 0.552025 -0.204647 0.808324 0.575075 -0.137157 0.806522 0.575072 -0.137171 0.806521 0.486457 -0.331600 0.808332 0.486456 -0.331601 0.808332 0.392488 -0.438799 0.808337 0.392488 -0.438800 0.808337 0.275537 -0.520265 0.808334 0.275536 -0.520266 0.808334 0.142425 -0.571235 0.808335 0.142423 -0.571235 0.808335 -0.523251 -0.581951 -0.622529 -0.524137 -0.581579 -0.622131 -0.499860 -0.533618 -0.682196 -0.500465 -0.533289 -0.682010 -0.450287 -0.525661 -0.721749 -0.450463 -0.525544 -0.721725 -0.387568 -0.565687 -0.727866 -0.387386 -0.565831 -0.727852 -0.340940 -0.639694 -0.688877 -0.340547 -0.640046 -0.688744 -0.332823 -0.721883 -0.606724 -0.332346 -0.722353 -0.606425 -0.369015 -0.787635 -0.493415 -0.368494 -0.788182 -0.492932 -0.439515 -0.822655 -0.360646 -0.438937 -0.823267 -0.359953 -0.527832 -0.821320 -0.216395 -0.527137 -0.822018 -0.215434 -0.613519 -0.787264 -0.061724 -0.612534 -0.788139 -0.060326 -0.672611 -0.731933 0.108944 -0.671164 -0.732980 0.110808 -0.687698 -0.666009 0.288968 -0.685374 -0.667348 0.291392 -0.623674 -0.616466 0.480625 -0.620624 -0.617828 0.482820 -0.511461 -0.586818 0.627736 -0.510669 -0.587140 0.628080 -0.504408 -0.531137 0.680783 -0.505260 -0.530669 0.680516 -0.455194 -0.522364 0.721065 -0.455368 -0.522246 0.721040 -0.390983 -0.562991 0.728130 -0.390837 -0.563107 0.728119 -0.344581 -0.636423 0.690094 -0.344244 -0.636727 0.689982 -0.336968 -0.717770 0.609310 -0.336539 -0.718198 0.609043 -0.373336 -0.783070 0.497415 -0.372838 -0.783599 0.496955 
						-0.443239 -0.818677 0.365113 -0.442616 -0.819346 0.364366 -0.528418 -0.820730 0.217204 -0.527752 -0.821401 0.216283 -0.618175 -0.783061 0.068378 -0.617287 -0.783871 0.067103 -0.679040 -0.727179 -0.100576 -0.677586 -0.728268 -0.102480 -0.691948 -0.663526 -0.284502 -0.689540 -0.664939 -0.287038 -0.624514 -0.616088 -0.480018 -0.621598 -0.617394 -0.482121 -0.141521 -0.577577 0.803976 -0.141521 -0.577577 0.803975 0.001055 -0.594643 0.803989 0.001055 -0.594643 0.803989 -0.275747 -0.526896 0.803955 -0.275751 -0.526894 0.803955 -0.393904 -0.445509 0.803966 -0.393904 -0.445509 0.803966 -0.489123 -0.338185 0.803983 -0.489124 -0.338184 0.803983 -0.555890 -0.211177 0.803985 -0.555889 -0.211177 0.803985 -0.590349 -0.071899 0.803939 -0.590349 -0.071899 0.803939 -0.590444 0.071601 0.803896 -0.590444 0.071600 0.803896 -0.556048 0.210914 0.803944 -0.556048 0.210914 0.803944 -0.489299 0.337930 0.803984 -0.489302 0.337927 0.803983 -0.394137 0.445302 0.803966 -0.394138 0.445302 0.803966 -0.276017 0.526754 0.803956 -0.276021 0.526752 0.803955 -0.141813 0.577505 0.803976 -0.141814 0.577505 0.803976 0.000741 0.594643 0.803990 0.000741 0.594643 0.803990 0.143521 0.577084 0.803975 0.143521 0.577084 0.803975 0.278021 0.525702 0.803954 0.278026 0.525699 0.803954 0.396202 0.443471 0.803964 0.396201 0.443471 0.803964 0.491140 0.335258 0.803980 0.491143 0.335254 0.803980 0.557379 0.207394 0.803938 0.557379 0.207393 0.803939 0.590997 0.066987 0.803887 0.590997 0.066987 0.803887 0.597093 -0.005401 0.802154 0.597093 -0.005401 0.802154 0.557691 -0.206408 0.803975 0.557691 -0.206407 0.803976 0.580911 -0.138415 0.802112 0.580910 -0.138418 0.802112 0.491296 -0.335032 0.803979 0.491297 -0.335031 0.803979 0.396423 -0.443275 0.803963 0.396423 -0.443274 0.803963 0.278303 -0.525553 0.803954 0.278308 -0.525551 0.803954 
						0.143818 -0.577010 0.803975 0.143819 -0.577010 0.803975 -0.619184 -0.613533 0.490090 -0.622146 -0.612246 0.487945 -0.523442 -0.574554 0.629203 -0.522551 -0.574923 0.629607 -0.689778 -0.662716 0.291570 -0.692226 -0.661307 0.288957 -0.678144 -0.727547 0.103909 -0.679618 -0.726449 0.101938 -0.616372 -0.784563 -0.067425 -0.617273 -0.783739 -0.068750 -0.524900 -0.822789 -0.217940 -0.525579 -0.822100 -0.218903 -0.437760 -0.820511 -0.367598 -0.438394 -0.819822 -0.368378 -0.366296 -0.783683 -0.501665 -0.366805 -0.783137 -0.502146 -0.329377 -0.716135 -0.615355 -0.329817 -0.715693 -0.615634 -0.337927 -0.631799 -0.697592 -0.338270 -0.631488 -0.697708 -0.386639 -0.555524 -0.736140 -0.386784 -0.555409 -0.736151 -0.454277 -0.512814 -0.728460 -0.454095 -0.512937 -0.728487 -0.508128 -0.520277 -0.686380 -0.507258 -0.520755 -0.686661 -0.510395 -0.579866 -0.635021 -0.511184 -0.579550 -0.634675 -0.617828 -0.614118 -0.491068 -0.620923 -0.612779 -0.488832 -0.685634 -0.665067 -0.295959 -0.687998 -0.663731 -0.293460 -0.671746 -0.732208 -0.112376 -0.673214 -0.731153 -0.110445 -0.611738 -0.788732 0.060655 -0.612736 -0.787843 0.062108 -0.524350 -0.823346 0.217160 -0.525057 -0.822630 0.218162 -0.434091 -0.824459 0.363087 -0.434680 -0.823829 0.363812 -0.362040 -0.788217 0.497636 -0.362572 -0.787653 0.498140 -0.325300 -0.720210 0.612763 -0.325787 -0.719725 0.613073 -0.334460 -0.634933 0.696417 -0.334859 -0.634573 0.696553 -0.383610 -0.557926 0.735909 -0.383791 -0.557783 0.735923 -0.449697 -0.515900 0.729122 -0.449513 -0.516024 0.729149 -0.502337 -0.523445 0.688231 -0.501720 -0.523781 0.688426 0.000187 -0.000494 1.000000 0.000145 -0.000383 1.000000 0.000028 -0.000230 1.000000 0.000029 -0.000235 1.000000 0.000008 0.000066 1.000000 -0.000007 -0.000059 1.000000 0.000128 0.000339 1.000000 0.000041 0.000108 1.000000 0.000004 0.000013 1.000000 -0.000002 0.000026 1.000000 
						-0.000002 0.000022 1.000000 0.000004 0.000013 1.000000 0.000011 0.000013 1.000000 0.000014 0.000016 1.000000 -0.000000 -0.000000 1.000000 -0.000000 -0.000000 1.000000 -0.000009 -0.000001 1.000000 -0.000000 -0.000000 1.000000 -0.000003 -0.000002 1.000000 -0.000009 -0.000001 1.000000 -0.000012 0.000004 1.000000 -0.000008 0.000003 1.000000 -0.000005 0.000005 1.000000 -0.000004 0.000003 1.000000 0.000005 -0.000010 1.000000 0.000004 -0.000008 1.000000 0.000001 -0.000013 1.000000 0.000001 -0.000009 1.000000 0.000001 0.000003 1.000000 -0.000001 -0.000002 1.000000 -0.000016 -0.000018 1.000000 -0.000019 -0.000023 1.000000 -0.000020 -0.000010 1.000000 -0.000015 -0.000008 1.000000 -0.000009 -0.000001 1.000000 -0.000005 -0.000000 1.000000 -0.000010 0.000003 1.000000 -0.000008 0.000003 1.000000 -0.000001 0.000001 1.000000 -0.000003 0.000002 1.000000 -0.000010 0.000020 1.000000 -0.000012 0.000023 1.000000 -0.289891 -0.888784 0.355001 -0.289892 -0.888784 0.355001 -0.607942 -0.710199 0.354999 -0.607948 -0.710193 0.354999 0.000000 -0.000000 1.000000 0.000000 -0.000000 1.000000 0.000000 -0.000000 1.000000 0.000000 -0.000006 1.000000 -0.888782 0.289896 0.355003 -0.888781 0.289898 0.355003 -0.710191 0.607946 0.355007 -0.710189 0.607949 0.355007 0.607938 0.710200 0.355002 0.607937 0.710202 0.355002 0.833449 0.423481 0.355002 0.833447 0.423485 0.355002 0.423463 -0.833459 0.355000 0.423462 -0.833459 0.355000 0.072300 -0.932066 0.355001 0.072304 -0.932066 0.355001 -0.072313 0.932065 0.355002 -0.072314 0.932065 0.355002 0.289869 0.888792 0.355001 0.289876 0.888790 0.355000 0.888790 -0.289879 0.354998 0.888790 -0.289878 0.354998 0.710191 -0.607950 0.355000 0.710187 -0.607954 0.355000 -0.833461 -0.423460 0.354998 -0.833465 -0.423454 0.354998 -0.579334 0.736584 0.349021 -0.579330 0.736588 0.349021 
						0.932067 0.072299 0.354999 0.932066 0.072305 0.354999 -0.932067 -0.072299 0.354997 -0.932068 -0.072293 0.354998 -0.253364 0.902215 0.349019 -0.253363 0.902215 0.349019 -0.044106 0.568444 0.821539 -0.052375 0.674895 0.736052 0.209878 0.643569 0.736050 0.176779 0.542056 0.821538 -0.000002 0.000023 1.000000 -0.000001 0.000017 1.000000 0.000005 0.000015 1.000000 0.000005 0.000015 1.000000 -0.000007 0.000013 1.000000 -0.000008 0.000016 1.000000 -0.000002 -0.000007 1.000000 -0.000005 -0.000015 1.000000 0.000015 0.000018 1.000000 0.000015 0.000018 1.000000 -0.000019 -0.000023 1.000000 -0.000014 -0.000016 1.000000 0.000005 0.000002 1.000000 -0.000000 -0.000000 1.000000 -0.000010 -0.000005 1.000000 -0.000000 -0.000000 1.000000 -0.000000 -0.000000 1.000000 -0.000000 -0.000000 1.000000 -0.000000 -0.000000 1.000000 -0.000006 -0.000000 1.000000 -0.000006 -0.000001 1.000000 -0.000012 -0.000001 1.000000 -0.000007 0.000002 1.000000 -0.000012 0.000004 1.000000 -0.000013 0.000004 1.000000 -0.000024 0.000008 1.000000 0.000000 -0.000000 1.000000 0.000000 -0.000000 1.000000 -0.000030 0.000026 1.000000 -0.000026 0.000022 1.000000 0.286096 -0.244887 0.926380 0.433148 -0.370754 0.821538 0.357101 -0.454011 0.816304 0.236715 -0.300958 0.923791 -0.176800 -0.542049 0.821538 -0.209910 -0.643557 0.736052 -0.440201 -0.514248 0.736052 -0.370769 -0.433135 0.821538 0.440190 0.514261 0.736049 0.370756 0.433148 0.821537 -0.603487 -0.306645 0.736051 -0.508299 -0.258277 0.821539 0.603476 0.306669 0.736050 0.508297 0.258284 0.821538 -0.674896 -0.052372 0.736052 -0.568444 -0.044111 0.821538 0.568446 0.044112 0.821537 0.674898 0.052364 0.736051 0.643571 -0.209874 0.736050 0.542064 -0.176759 0.821537 -0.643566 0.209884 0.736051 -0.542058 0.176774 0.821537 0.514260 -0.440188 0.736051 -0.514254 0.440195 0.736051 
						-0.433150 0.370752 0.821538 0.422874 -0.537638 0.729468 -0.306650 0.603485 0.736051 -0.258280 0.508297 0.821538 0.156155 -0.556115 0.816304 0.184935 -0.658539 0.729469 0.052340 -0.674899 0.736052 0.044079 -0.568448 0.821538 0.008140 0.004136 0.999958 -0.335737 -0.170594 0.926379 -0.375463 -0.029132 0.926379 0.009104 0.000699 0.999958 -0.286099 0.244884 0.926380 -0.170599 0.335732 0.926380 0.103506 -0.368644 0.923790 0.029117 -0.375463 0.926380 -0.029138 0.375462 0.926380 -0.116775 -0.358029 0.926380 0.116764 0.358033 0.926379 -0.244897 -0.286090 0.926379 0.244890 0.286094 0.926380 0.335730 0.170607 0.926379 0.375462 0.029154 0.926379 0.358036 -0.116751 0.926380 -0.358034 0.116760 0.926379 0.037759 -0.486796 0.872699 0.000701 -0.009106 0.999958 -0.002836 -0.008681 0.999958 -0.151409 -0.464191 0.872698 -0.009106 -0.000697 0.999958 -0.008677 0.002845 0.999958 -0.008149 -0.004122 0.999958 0.008678 -0.002843 0.999958 -0.006927 0.005950 0.999958 0.006930 -0.005949 0.999958 -0.005752 0.007321 0.999957 0.004127 -0.008148 0.999958 -0.002522 0.008962 0.999957 -0.000709 0.009105 0.999958 0.002832 0.008683 0.999958 0.005935 0.006941 0.999958 -0.005950 -0.006928 0.999958 0.526390 -0.450610 0.721016 0.370912 -0.317524 0.872699 0.221173 -0.435290 0.872700 0.313880 -0.617750 0.721016 0.151393 0.464194 0.872699 0.317508 0.370926 0.872699 -0.317525 -0.370911 0.872699 0.435292 0.221171 0.872699 -0.435290 -0.221176 0.872699 0.486795 0.037756 0.872700 -0.486796 -0.037755 0.872699 -0.464183 0.151425 0.872700 0.464190 -0.151408 0.872699 -0.370909 0.317526 0.872699 -0.306322 0.389461 0.868612 -0.133969 0.477037 0.868613 -0.037768 0.486794 0.872700 -0.718198 -0.055701 0.693606 -0.690845 -0.053581 0.721015 -0.658753 0.214895 0.721016 -0.684832 0.223411 0.693608 -0.189227 0.673811 0.714263 
						-0.053600 0.690843 0.721015 0.053583 -0.690844 0.721016 0.214854 0.658767 0.721016 -0.214867 -0.658763 0.721015 0.450602 0.526397 0.721016 -0.450607 -0.526394 0.721015 0.617747 0.313885 0.721016 -0.617749 -0.313884 0.721015 0.690842 0.053594 0.721017 0.658756 -0.214881 0.721018 -0.526386 0.450616 0.721015 -0.432676 0.550109 0.714262 -0.000101 -0.000262 1.000000 -0.000094 -0.000264 1.000000 -0.000181 -0.000212 1.000000 -0.000184 -0.000209 1.000000 -0.642211 -0.326306 0.693607 0.718198 0.055693 0.693606 0.684835 -0.223400 0.693609 -0.547225 0.468458 0.693608 0.547237 -0.468447 0.693606 -0.449468 0.571460 0.686594 0.326309 -0.642211 0.693604 -0.196588 0.699956 0.686597 -0.055737 0.718195 0.693606 0.055716 -0.718197 0.693606 0.223363 0.684849 0.693607 -0.223373 -0.684845 0.693607 0.468441 0.547240 0.693607 -0.468452 -0.547230 0.693608 0.642206 0.326316 0.693607 -0.529372 0.453128 0.717245 -0.535040 0.457996 0.709910 -0.319047 0.627881 0.709912 -0.315653 0.621227 0.717245 0.000090 0.000263 1.000000 0.000094 0.000262 1.000000 0.000151 0.000240 1.000000 0.000159 0.000233 1.000000 -0.000249 -0.000122 1.000000 -0.000245 -0.000129 1.000000 0.000242 0.000139 1.000000 0.000250 0.000123 1.000000 -0.000275 -0.000041 1.000000 -0.000274 -0.000052 1.000000 0.000274 0.000044 1.000000 0.000274 0.000048 1.000000 0.000271 -0.000065 1.000000 0.000267 -0.000075 1.000000 -0.000275 0.000050 1.000000 -0.000272 0.000060 1.000000 0.000214 -0.000178 1.000000 0.000216 -0.000175 1.000000 -0.000217 0.000171 1.000000 -0.000210 0.000180 1.000000 0.000189 -0.000216 1.000000 0.000202 -0.000209 1.000000 -0.000133 0.000245 1.000000 -0.000133 0.000245 1.000000 0.000063 -0.000280 1.000000 0.000050 -0.000287 1.000000 0.000022 -0.000278 1.000000 0.000022 -0.000278 1.000000 -0.000037 0.000277 1.000000 
						-0.000029 0.000278 1.000000 0.565144 0.043846 0.823826 0.694734 0.053900 0.717244 0.662481 -0.216059 0.717243 0.538905 -0.175757 0.823827 0.190270 -0.677537 0.710451 0.192270 -0.684660 0.703046 0.054468 -0.702181 0.709912 0.053883 -0.694735 0.717244 -0.054464 0.702181 0.709912 -0.053899 0.694734 0.717245 -0.218395 -0.669573 0.709912 -0.216068 -0.662476 0.717245 0.218368 0.669582 0.709912 0.216064 0.662478 0.717245 -0.457996 -0.535039 0.709911 -0.453139 -0.529361 0.717246 0.458000 0.535034 0.709911 0.453136 0.529366 0.717244 -0.627882 -0.319053 0.709908 -0.621219 -0.315661 0.717248 0.627879 0.319054 0.709910 0.621216 0.315669 0.717248 -0.702183 -0.054498 0.709907 -0.694735 -0.053905 0.717243 0.702180 0.054484 0.709912 0.669582 -0.218379 0.709908 -0.669583 0.218381 0.709907 -0.662482 0.216063 0.717241 0.535051 -0.457984 0.709909 0.529370 -0.453130 0.717245 0.439655 -0.558956 0.703045 0.435073 -0.553147 0.710451 -0.069392 -0.212740 0.974642 -0.175769 -0.538901 0.823827 -0.368614 -0.430619 0.823827 -0.145513 -0.170000 0.974641 0.505341 0.256781 0.823829 -0.565142 -0.043849 0.823828 -0.538913 0.175743 0.823825 0.430624 -0.368607 0.823828 -0.430632 0.368603 0.823825 0.355044 -0.451414 0.818639 -0.256776 0.505349 0.823826 0.155247 -0.552932 0.818636 0.043835 -0.565144 0.823827 -0.043845 0.565142 0.823828 0.175768 0.538900 0.823828 0.368606 0.430627 0.823827 -0.505342 -0.256779 0.823829 0.229189 -0.196192 0.953405 -0.170000 0.145516 0.974641 -0.101370 0.199495 0.974641 0.136668 -0.268962 0.953405 0.069388 0.212739 0.974642 0.145508 0.170002 0.974642 -0.199493 -0.101374 0.974641 0.199492 0.101372 0.974642 -0.223099 -0.017314 0.974642 0.223100 0.017313 0.974642 0.212747 -0.069367 0.974642 -0.212750 0.069363 0.974642 0.170000 -0.145511 0.974642 0.140896 -0.179162 0.973678 
						0.061620 -0.219443 0.973678 0.017302 -0.223100 0.974642 -0.017306 0.223099 0.974642 -0.654337 -0.332472 0.679194 -0.268968 -0.136661 0.953404 -0.300791 -0.023319 0.953405 -0.731761 -0.056750 0.679195 -0.083014 0.295619 0.951692 -0.023345 0.300790 0.953405 0.023339 -0.300789 0.953405 0.093551 0.286825 0.953404 -0.093554 -0.286823 0.953404 0.196194 0.229191 0.953404 -0.196204 -0.229183 0.953404 0.268966 0.136664 0.953404 0.300789 0.023325 0.953405 -0.286815 0.093570 0.953405 0.286817 -0.093567 0.953405 -0.229194 0.196186 0.953405 -0.189837 0.241339 0.951692 -0.252540 -0.774298 0.580247 -0.227592 -0.697781 0.679194 -0.477296 -0.557570 0.679194 -0.529636 -0.618707 0.580248 0.731760 0.056758 0.679195 0.697777 -0.227600 0.679194 -0.697780 0.227590 0.679195 -0.557575 0.477287 0.679196 0.557569 -0.477295 0.679196 -0.457775 0.582033 0.672072 0.332486 -0.654329 0.679196 -0.200207 0.712909 0.672070 -0.056770 0.731760 0.679195 0.056767 -0.731759 0.679195 0.227584 0.697783 0.679194 0.477291 0.557575 0.679193 0.654334 0.332480 0.679194 -0.201629 0.717854 0.666357 -0.221622 0.789181 0.572780 -0.062999 0.812000 0.580247 -0.057205 0.736955 0.673516 0.529628 0.618714 0.580248 0.726081 0.368942 0.580248 -0.726088 -0.368928 0.580248 0.812001 0.062986 0.580248 -0.812001 -0.062989 0.580247 -0.774297 0.252546 0.580245 0.774289 -0.252571 0.580246 -0.618704 0.529639 0.580247 0.618708 -0.529636 0.580246 -0.506733 0.644314 0.572783 0.368932 -0.726088 0.580246 0.062992 -0.812001 0.580246 0.252541 0.774297 0.580248 0.055705 -0.718175 0.693630 -0.223366 -0.684823 0.693632 -0.055731 0.718173 0.693630 0.223362 0.684825 0.693631 0.326305 -0.642188 0.693628 -0.196591 0.699929 0.686623 0.547207 -0.468449 0.693628 -0.547216 0.468433 0.693632 -0.449453 0.571441 0.686620 0.684824 -0.223379 0.693626 
						-0.684814 0.223395 0.693632 0.718178 0.055694 0.693627 -0.642196 -0.326280 0.693632 -0.718173 -0.055689 0.693632 0.642188 0.326304 0.693628 -0.468441 -0.547208 0.693633 0.468426 0.547225 0.693630 0.000005 -0.000002 1.000000 0.000008 -0.000003 1.000000 -0.000004 0.000004 1.000000 -0.000009 0.000007 1.000000 0.334795 -0.659007 0.673515 0.057181 -0.736957 0.673516 0.229200 0.702738 0.673518 -0.229208 -0.702736 0.673517 0.480681 0.561535 0.673517 -0.480677 -0.561538 0.673516 0.658978 0.334844 0.673519 -0.658986 -0.334832 0.673517 0.736954 0.057160 0.673522 -0.736959 -0.057146 0.673517 -0.702735 0.229220 0.673515 0.702731 -0.229222 0.673518 -0.561519 0.480698 0.673517 0.561520 -0.480701 0.673515 -0.460945 0.586089 0.666356 0.188125 -0.669852 0.718267 0.205748 -0.732498 0.648934 0.058368 -0.752325 0.656201 0.053274 -0.686716 0.724971 -0.000044 0.000037 1.000000 -0.000032 0.000028 1.000000 0.000000 -0.000000 1.000000 0.000007 -0.000013 1.000000 -0.000010 0.000020 1.000000 -0.000008 0.000015 1.000000 0.000004 -0.000054 1.000000 0.000005 -0.000069 1.000000 -0.000001 0.000008 1.000000 -0.000001 0.000017 1.000000 0.000004 0.000014 1.000000 0.000004 0.000011 1.000000 -0.000004 -0.000011 1.000000 -0.000004 -0.000011 1.000000 0.000015 0.000017 1.000000 0.000017 0.000020 1.000000 -0.000037 -0.000044 1.000000 -0.000026 -0.000030 1.000000 0.000036 0.000018 1.000000 0.000041 0.000021 1.000000 0.000005 0.000002 1.000000 0.000015 0.000008 1.000000 -0.000035 -0.000018 1.000000 -0.000061 -0.000031 1.000000 0.000008 0.000001 1.000000 0.000023 0.000002 1.000000 -0.000017 -0.000001 1.000000 -0.000020 -0.000002 1.000000 0.000000 -0.000000 1.000000 -0.000014 0.000005 1.000000 -0.390438 -0.030296 0.920131 -0.686713 -0.053279 0.724974 -0.654825 0.213562 0.724979 -0.372301 0.121418 0.920136 
						-0.312019 0.614050 0.724973 -0.341832 0.672723 0.656197 -0.058368 0.752324 0.656203 -0.053275 0.686711 0.724976 -0.234033 -0.717375 0.656202 -0.213598 -0.654824 0.724970 0.233969 0.717393 0.656205 0.213576 0.654825 0.724976 -0.490714 -0.573237 0.656201 -0.447904 -0.523254 0.724973 0.490703 0.573243 0.656203 0.447905 0.523253 0.724974 -0.672698 -0.341885 0.656195 -0.614047 -0.312041 0.724966 0.672726 0.341828 0.656196 0.614051 0.312034 0.724966 -0.752328 -0.058387 0.656196 0.686711 0.053307 0.724973 0.752328 0.058365 0.656199 0.717412 -0.233931 0.656199 0.654830 -0.213543 0.724981 -0.717400 0.233979 0.656195 0.573263 -0.490687 0.656198 0.523255 -0.447900 0.724976 -0.573250 0.490710 0.656192 -0.523253 0.447909 0.724971 0.470365 -0.598036 0.648930 0.430129 -0.546886 0.718266 -0.009926 -0.030435 0.999487 0.121429 0.372306 0.920132 0.254642 0.297518 0.920131 -0.020831 -0.024306 0.999488 0.372307 -0.121406 0.920135 0.297503 -0.254657 0.920132 -0.297500 0.254656 0.920133 0.246112 -0.312885 0.917351 -0.177403 0.349122 0.920131 0.107626 -0.383253 0.917352 0.030284 -0.390440 0.920130 -0.030283 0.390435 0.920132 -0.121436 -0.372308 0.920131 -0.254659 -0.297501 0.920131 -0.349131 -0.177405 0.920128 0.349123 0.177420 0.920128 0.390438 0.030310 0.920130 0.216600 -0.426289 0.878272 0.014498 -0.028541 0.999487 0.002480 -0.031916 0.999487 0.036988 -0.476726 0.878274 0.020817 0.024321 0.999487 0.028543 0.014497 0.999487 -0.028539 -0.014502 0.999487 0.031919 0.002465 0.999487 -0.031916 -0.002459 0.999488 -0.030425 0.009961 0.999487 0.030437 -0.009935 0.999487 -0.024311 0.020830 0.999487 0.024323 -0.020821 0.999487 -0.020150 0.025667 0.999467 -0.008824 0.031422 0.999467 -0.002472 0.031919 0.999487 0.009924 0.030438 0.999487 -0.692473 0.225898 0.685165 -0.454583 0.148299 0.878272 
						-0.363235 0.310963 0.878272 -0.553328 0.473683 0.685166 -0.036977 0.476729 0.878272 0.148247 0.454598 0.878273 -0.148263 -0.454594 0.878273 0.310940 0.363255 0.878272 -0.310952 -0.363243 0.878273 0.426289 0.216598 0.878273 -0.426284 -0.216604 0.878274 0.476731 0.036954 0.878272 -0.476728 -0.036956 0.878274 0.454591 -0.148275 0.878272 0.363249 -0.310949 0.878272 -0.300029 0.381490 0.874327 -0.131200 0.467274 0.874323 -0.038031 -0.044396 0.998290 -0.038025 -0.044401 0.998290 -0.052107 -0.026491 0.998290 -0.052104 -0.026498 0.998290 0.692486 -0.225853 0.685166 0.553334 -0.473684 0.685160 -0.454363 0.577718 0.678083 0.329956 -0.649371 0.685162 -0.198688 0.707625 0.678078 -0.056348 0.726208 0.685162 0.056338 -0.726209 0.685162 0.225835 0.692498 0.685160 -0.225859 -0.692491 0.685160 0.473669 0.553350 0.685158 -0.473678 -0.553339 0.685160 0.649368 0.329948 0.685168 -0.649366 -0.329955 0.685166 0.726206 0.056303 0.685168 -0.726208 -0.056309 0.685165 -0.040785 0.525755 0.849658 -0.061892 0.797883 0.599626 0.248150 0.760835 0.599627 0.163515 0.501344 0.849657 0.038006 0.044399 0.998291 0.037999 0.044405 0.998291 0.052107 0.026477 0.998290 0.052103 0.026484 0.998290 -0.058274 -0.004543 0.998290 -0.058274 -0.004550 0.998290 0.058275 0.004543 0.998290 0.058274 0.004556 0.998290 0.055587 -0.018086 0.998290 0.055577 -0.018115 0.998290 -0.055570 0.018111 0.998290 -0.055575 0.018096 0.998290 0.044423 -0.037999 0.998290 0.044427 -0.037994 0.998290 -0.044407 0.037997 0.998291 -0.044412 0.037991 0.998291 0.036870 -0.046835 0.998222 0.036899 -0.046820 0.998222 -0.026484 0.052096 0.998291 -0.026483 0.052097 0.998291 0.016083 -0.057398 0.998222 0.016114 -0.057382 0.998222 0.004508 -0.058287 0.998290 0.004501 -0.058288 0.998290 -0.004520 0.058267 0.998291 -0.004520 0.058267 0.998291 
						-0.018137 -0.055576 0.998290 -0.018144 -0.055574 0.998290 0.018122 0.055562 0.998291 0.018130 0.055559 0.998291 0.132672 -0.113518 0.984638 0.400620 -0.342897 0.849662 0.330578 -0.420300 0.845024 0.109992 -0.139848 0.984045 -0.163522 -0.501342 0.849657 -0.248170 -0.760824 0.599633 -0.520422 -0.607948 0.599633 -0.342927 -0.400608 0.849655 0.520419 0.607957 0.599626 0.342913 0.400618 0.849657 -0.713446 -0.362540 0.599632 -0.470124 -0.238884 0.849658 0.713446 0.362550 0.599627 0.470117 0.238898 0.849657 -0.797880 -0.061915 0.599629 -0.525756 -0.040800 0.849656 0.525755 0.040797 0.849657 0.797878 0.061911 0.599631 0.760829 -0.248144 0.599636 0.501340 -0.163516 0.849660 -0.760843 0.248123 0.599627 -0.501354 0.163494 0.849655 0.607972 -0.520387 0.599639 -0.607973 0.520401 0.599626 -0.400620 0.342911 0.849656 0.498178 -0.633363 0.592174 -0.362532 0.713456 0.599626 -0.238884 0.470125 0.849657 0.144552 -0.514823 0.845022 0.217830 -0.775811 0.592171 0.061887 -0.797882 0.599629 0.040784 -0.525753 0.849659 -0.080806 -0.041068 0.995883 -0.155671 -0.079095 0.984637 -0.174089 -0.013514 0.984637 -0.090373 -0.006990 0.995883 -0.132661 0.113534 0.984637 -0.079098 0.155667 0.984638 0.048116 -0.171288 0.984045 0.013520 -0.174083 0.984638 -0.013502 0.174087 0.984638 -0.054136 -0.166010 0.984637 0.054140 0.166005 0.984638 -0.113557 -0.132648 0.984637 0.113540 0.132655 0.984638 0.155656 0.079118 0.984638 0.174088 0.013510 0.984637 0.166008 -0.054132 0.984638 -0.166009 0.054137 0.984637 -0.001560 0.020075 0.999797 -0.007011 0.090372 0.995883 0.028106 0.086176 0.995883 0.006234 0.019147 0.999797 0.090373 0.006996 0.995883 0.086175 -0.028109 0.995883 0.080788 0.041103 0.995883 -0.086172 0.028119 0.995883 0.068872 -0.058931 0.995883 -0.068885 0.058917 0.995883 0.057112 -0.072638 0.995722 
						-0.041044 0.080818 0.995883 0.024975 -0.088967 0.995721 0.007012 -0.090372 0.995883 -0.028106 -0.086176 0.995883 -0.058961 -0.068846 0.995883 0.058934 0.068870 0.995883 -0.011441 0.011357 0.999870 0.015321 -0.013066 0.999797 0.012667 -0.016149 0.999789 -0.010124 0.012889 0.999866 -0.006251 -0.019140 0.999797 -0.013096 -0.015295 0.999797 0.013049 0.015336 0.999797 -0.017950 -0.009124 0.999797 0.017928 0.009169 0.999797 -0.020082 -0.001475 0.999797 0.020081 0.001492 0.999797 0.019135 -0.006270 0.999797 -0.019129 0.006289 0.999797 -0.015323 0.013065 0.999797 -0.009120 0.017953 0.999797 0.005549 -0.019766 0.999789 0.001558 -0.020075 0.999797 -0.187504 -0.574868 0.796472 -0.231978 -0.711253 0.663555 -0.486508 -0.568335 0.663555 -0.393224 -0.459356 0.796471 0.011053 -0.011811 0.999869 0.007283 -0.014333 0.999871 -0.004432 0.015782 0.999866 -0.001244 0.016029 0.999871 0.001243 -0.016029 0.999871 0.004985 0.015285 0.999871 -0.004605 -0.015408 0.999871 0.010455 0.012214 0.999871 -0.011652 -0.011188 0.999870 0.014239 0.007469 0.999871 -0.014881 -0.006203 0.999870 0.015785 0.004388 0.999866 -0.015800 -0.004196 0.999866 -0.015599 0.004020 0.999870 0.015655 -0.003848 0.999870 -0.335619 0.285822 0.897589 -0.460180 0.392263 0.796470 -0.273912 0.539079 0.796471 -0.199695 0.393007 0.897590 0.187787 0.574777 0.796472 0.232356 0.711127 0.663558 0.485273 0.569389 0.663556 0.392234 0.460203 0.796471 -0.667056 -0.338720 0.663555 -0.539149 -0.273776 0.796470 0.666549 0.339712 0.663557 0.538727 0.274602 0.796472 -0.746122 -0.054799 0.663551 -0.603056 -0.044296 0.796468 0.603038 0.044495 0.796470 0.746099 0.055061 0.663554 0.711037 -0.232637 0.663556 0.574685 -0.188068 0.796472 -0.711016 0.232710 0.663553 -0.574658 0.188159 0.796470 0.568999 -0.485732 0.663555 0.459910 -0.392575 0.796472 
						-0.569322 0.485354 0.663554 0.466437 -0.593018 0.656327 0.378412 -0.481125 0.790773 -0.338900 0.666965 0.663555 0.165508 -0.589307 0.790774 0.203983 -0.726377 0.656328 0.057870 -0.745885 0.663556 0.046776 -0.602862 0.796473 -0.057861 0.745886 0.663556 -0.046766 0.602866 0.796471 0.322148 0.023218 0.946405 0.439662 0.032139 0.897588 0.418930 -0.137221 0.897590 0.306894 -0.100657 0.946406 0.121061 -0.431072 0.894159 0.034097 -0.439510 0.897591 -0.034095 0.439511 0.897590 -0.136698 -0.419100 0.897591 0.136940 0.419023 0.897590 -0.286669 -0.334892 0.897590 0.285846 0.335598 0.897589 -0.393066 -0.199576 0.897590 0.392686 0.200327 0.897589 -0.439674 -0.031970 0.897588 -0.418897 0.137324 0.897590 0.335373 -0.286106 0.897590 0.276794 -0.351941 0.894160 -0.035220 -0.107991 0.993528 -0.100149 -0.307060 0.946406 -0.210027 -0.245363 0.946407 -0.073866 -0.086291 0.993528 0.287636 0.146903 0.946406 -0.322158 -0.023080 0.946405 -0.306861 0.100756 0.946406 0.245801 -0.209518 0.946406 -0.246026 0.209253 0.946406 0.203168 -0.258306 0.944458 -0.146307 0.287941 0.946406 0.088850 -0.316393 0.944458 0.024975 -0.322015 0.946405 -0.024983 0.322011 0.946406 0.100374 0.306986 0.946406 0.209296 0.245989 0.946406 -0.287992 -0.146198 0.946407 0.097931 -0.085190 0.991540 -0.086942 0.073104 0.993527 -0.051454 0.101267 0.993528 0.058796 -0.115715 0.991541 0.035440 0.107918 0.993528 0.073171 0.086884 0.993528 -0.101316 -0.051355 0.993528 0.100964 0.052045 0.993528 -0.113387 -0.006988 0.993526 0.113378 0.007101 0.993527 0.107819 -0.035747 0.993528 -0.107785 0.035848 0.993528 0.086726 -0.073360 0.993527 0.071586 -0.091007 0.993274 0.031298 -0.111478 0.993274 0.008782 -0.113251 0.993528 -0.008787 0.113249 0.993528 -0.383593 -0.194026 0.902890 -0.116027 -0.058179 0.991541 -0.129275 -0.011720 0.991540 
						-0.428445 -0.035021 0.902889 -0.035764 0.127368 0.991211 -0.010035 0.129407 0.991541 0.010044 -0.129406 0.991541 0.040247 0.123397 0.991541 -0.040034 -0.123467 0.991541 0.084403 0.098601 0.991541 -0.085081 -0.098023 0.991541 0.115660 0.058897 0.991541 0.129266 0.011826 0.991539 -0.123579 0.039683 0.991541 0.123617 -0.039571 0.991541 -0.098157 0.084922 0.991541 -0.081788 0.103982 0.991211 -0.215012 -0.660146 0.719706 -0.133074 -0.408755 0.902890 -0.280230 -0.325976 0.902890 -0.452291 -0.526741 0.719706 0.428437 0.035116 0.902889 0.408943 -0.132496 0.902890 -0.408897 0.132637 0.902890 -0.326078 0.280112 0.902890 0.325827 -0.280406 0.902890 -0.269980 0.343245 0.899608 0.194730 -0.383236 0.902890 -0.118065 0.420436 0.899608 -0.033249 0.428582 0.902891 0.033251 -0.428584 0.902890 0.133293 0.408682 0.902891 0.279543 0.326564 0.902891 0.383180 0.194837 0.902891 -0.215627 0.767829 0.603278 -0.189587 0.675108 0.712942 -0.053700 0.692195 0.719709 -0.061248 0.789478 0.610716 0.451487 0.527430 0.719707 0.618890 0.314637 0.719707 -0.619431 -0.313572 0.719707 0.692021 0.055951 0.719706 -0.692028 -0.055870 0.719706 -0.660347 0.214394 0.719707 0.660412 -0.214193 0.719706 -0.526807 0.452213 0.719707 0.526492 -0.452582 0.719705 -0.433509 0.551166 0.712942 0.314504 -0.618958 0.719707 0.053702 -0.692199 0.719706 0.215280 0.660057 0.719707 0.075242 0.011945 0.997094 0.075444 0.009359 0.997106 0.072625 -0.022241 0.997111 0.072932 -0.021301 0.997109 0.358702 -0.705948 0.610713 0.061253 -0.789479 0.610714 0.245536 0.752822 0.610714 -0.245190 -0.752934 0.610714 0.514938 0.601554 0.610714 -0.515963 -0.600676 0.610713 0.705859 0.358875 0.610714 -0.706583 -0.357447 0.610714 0.789250 0.064151 0.610712 -0.789256 -0.064065 0.610713 -0.753210 0.244342 0.610714 0.753305 -0.244050 0.610714 
						-0.600740 0.515888 0.610714 0.600310 -0.516391 0.610711 -0.493049 0.626865 0.603277 -0.072814 0.021664 0.997110 -0.072556 0.022455 0.997112 -0.056840 0.050380 0.997111 -0.056192 0.051137 0.997110 0.056386 -0.050912 0.997110 0.055425 -0.052033 0.997106 -0.047863 0.060853 0.996998 -0.047863 0.060853 0.996998 0.034402 -0.067704 0.997112 0.034402 -0.067704 0.997112 -0.020932 0.074538 0.996998 -0.020932 0.074537 0.996998 -0.005874 0.075714 0.997112 -0.005874 0.075714 0.997112 0.005874 -0.075715 0.997112 0.005873 -0.075715 0.997112 0.023548 0.072199 0.997112 0.023548 0.072199 0.997112 -0.023122 -0.072339 0.997112 -0.022781 -0.072450 0.997112 0.049385 0.057691 0.997112 0.049385 0.057691 0.997112 -0.050685 -0.056580 0.997111 -0.051622 -0.055778 0.997108 0.067599 0.034607 0.997112 0.067514 0.034774 0.997112 -0.068315 -0.033199 0.997111 -0.068751 -0.032342 0.997110 -0.075272 -0.011578 0.997096 -0.075462 -0.009139 0.997107 -0.000033 0.000009 1.000000 -0.000007 -0.000001 1.000000 -0.000007 -0.000001 1.000000 -0.000037 0.000010 1.000000 -0.000011 0.000009 1.000000 -0.000008 0.000006 1.000000 0.000000 -0.000000 1.000000 0.000000 -0.000000 1.000000 0.000001 -0.000011 1.000000 0.000000 -0.000000 1.000000 0.000000 -0.000000 1.000000 0.000001 -0.000007 1.000000 -0.000004 -0.000014 1.000000 -0.000003 -0.000010 1.000000 -0.000000 -0.000000 1.000000 -0.000002 -0.000003 1.000000 0.000003 0.000002 1.000000 0.000003 0.000002 1.000000 0.000017 0.000002 1.000000 0.000017 0.000002 1.000000 0.000014 -0.000004 1.000000 0.000007 -0.000002 1.000000 0.000003 -0.000002 1.000000 0.000006 -0.000005 1.000000 0.000012 -0.000021 1.000000 0.000014 -0.000024 1.000000 0.000001 -0.000004 1.000000 0.000001 -0.000004 1.000000 -0.000005 -0.000017 1.000000 -0.000005 -0.000017 1.000000 -0.000002 -0.000003 1.000000 
						-0.000002 -0.000003 1.000000 -0.000024 -0.000014 1.000000 -0.000021 -0.000012 1.000000 0.902325 -0.244501 0.355006 0.902324 -0.244504 0.355006 0.740076 -0.571191 0.355004 0.740075 -0.571193 0.355004 -0.000000 -0.000000 1.000000 -0.000005 -0.000003 1.000000 0.000013 0.000002 1.000000 0.000013 0.000002 1.000000 -0.244507 -0.902325 0.355001 -0.244513 -0.902323 0.355001 -0.571195 -0.740075 0.355000 -0.571193 -0.740077 0.355000 -0.740067 0.571202 0.355006 -0.740068 0.571200 0.355006 -0.465162 0.810923 0.355005 -0.465169 0.810919 0.355005 0.810931 0.465151 0.355001 0.810931 0.465151 0.355001 0.927209 0.119411 0.355000 0.927209 0.119411 0.355000 -0.927205 -0.119435 0.355000 -0.927205 -0.119434 0.355000 -0.902334 0.244471 0.355003 -0.902332 0.244479 0.355003 0.244516 0.902323 0.355001 0.244515 0.902323 0.355001 0.571198 0.740072 0.355002 0.571199 0.740071 0.355002 0.465129 -0.810944 0.355000 0.465120 -0.810949 0.355000 -0.706303 -0.615891 0.349019 -0.706309 -0.615884 0.349019 -0.119414 0.927207 0.355004 -0.119413 0.927207 0.355004 0.119399 -0.927210 0.355000 0.119400 -0.927210 0.355000 -0.888225 -0.298735 0.349017 -0.888226 -0.298735 0.349017 -0.565481 -0.072853 0.821537 -0.671377 -0.086496 0.736051 -0.653367 0.177029 0.736052 -0.550310 0.149111 0.821538 -0.000026 -0.000003 1.000000 -0.000026 -0.000003 1.000000 0.000000 -0.000000 1.000000 0.000000 -0.000000 1.000000 -0.000034 -0.000019 1.000000 -0.000039 -0.000022 1.000000 0.000025 -0.000007 1.000000 0.000025 -0.000007 1.000000 -0.000010 0.000008 1.000000 -0.000010 0.000008 1.000000 0.000010 -0.000008 1.000000 0.000015 -0.000011 1.000000 -0.000013 0.000023 1.000000 -0.000013 0.000023 1.000000 0.000010 -0.000018 1.000000 0.000010 -0.000018 1.000000 0.000011 -0.000019 1.000000 0.000000 -0.000000 1.000000 0.000004 -0.000028 1.000000 
						0.000004 -0.000028 1.000000 0.000001 -0.000006 1.000000 0.000001 -0.000006 1.000000 0.000004 0.000014 1.000000 0.000005 0.000020 1.000000 -0.000002 -0.000007 1.000000 -0.000003 -0.000013 1.000000 -0.000005 -0.000006 1.000000 -0.000005 -0.000006 1.000000 -0.000016 -0.000021 1.000000 -0.000013 -0.000016 1.000000 0.230082 0.298132 0.926380 0.348340 0.451370 0.821538 0.435336 0.379647 0.816303 0.288576 0.251667 0.923790 0.550307 -0.149121 0.821538 0.653366 -0.177030 0.736053 0.535877 -0.413595 0.736054 0.451356 -0.348356 0.821539 -0.535891 0.413581 0.736051 -0.451360 0.348353 0.821537 0.336820 -0.587177 0.736054 0.283696 -0.494561 0.821539 -0.336844 0.587166 0.736052 -0.283704 0.494558 0.821538 0.086486 -0.671376 0.736053 0.072839 -0.565481 0.821539 -0.072853 0.565480 0.821538 -0.086491 0.671377 0.736051 0.177029 0.653367 0.736052 0.149097 0.550314 0.821538 -0.177017 -0.653371 0.736052 -0.149094 -0.550315 0.821538 0.413577 0.535893 0.736052 -0.413568 -0.535901 0.736051 -0.348339 -0.451371 0.821538 0.515521 0.449575 0.729466 -0.587180 -0.336823 0.736050 -0.494559 -0.283704 0.821537 0.547498 0.184112 0.816302 0.648350 0.218006 0.729463 0.671380 0.086468 0.736051 0.565484 0.072829 0.821537 -0.004541 0.007922 0.999958 0.187385 -0.326661 0.926380 0.048113 -0.373505 0.926379 -0.001161 0.009056 0.999958 -0.230078 -0.298135 0.926380 -0.326660 -0.187390 0.926379 0.362923 0.122056 0.923791 0.373508 0.048101 0.926379 -0.373506 -0.048113 0.926379 0.363480 -0.098506 0.926379 -0.363484 0.098489 0.926380 0.298124 -0.230092 0.926380 -0.298131 0.230084 0.926380 -0.187403 0.326652 0.926379 -0.048121 0.373504 0.926379 0.098475 0.363488 0.926380 -0.098472 -0.363489 0.926380 0.484259 0.062358 0.872699 0.009057 0.001163 0.999958 0.008812 -0.002396 0.999958 0.471263 -0.127700 0.872699 
						0.001153 -0.009058 0.999958 -0.002401 -0.008811 0.999958 0.004528 -0.007930 0.999958 0.002404 0.008811 0.999958 -0.005582 -0.007228 0.999958 0.005588 0.007224 0.999958 -0.007023 -0.006112 0.999957 0.007924 0.004539 0.999958 -0.008826 -0.002969 0.999957 -0.009057 -0.001175 0.999958 -0.008815 0.002386 0.999958 -0.007230 0.005579 0.999958 0.007221 -0.005592 0.999958 0.423374 0.548536 0.721015 0.298325 0.386522 0.872699 0.423533 0.242932 0.872699 0.601059 0.344770 0.721014 -0.471267 0.127683 0.872700 -0.386531 0.298311 0.872700 0.386524 -0.298323 0.872698 -0.242933 0.423531 0.872700 0.242930 -0.423534 0.872699 -0.062360 0.484258 0.872700 0.062348 -0.484261 0.872699 -0.127705 -0.471262 0.872699 0.127699 0.471264 0.872699 -0.298321 -0.386524 0.872699 -0.373451 -0.325650 0.868612 -0.469643 -0.157955 0.868612 -0.484259 -0.062375 0.872698 0.092014 -0.714452 0.693607 0.088497 -0.687245 0.721015 -0.181225 -0.668801 0.721015 -0.188417 -0.695275 0.693607 -0.663364 -0.223109 0.714262 -0.687244 -0.088527 0.721013 0.687247 0.088500 0.721013 -0.668806 0.181212 0.721014 0.668801 -0.181229 0.721014 -0.548542 0.423365 0.721016 0.548539 -0.423372 0.721014 -0.344770 0.601059 0.721014 0.344755 -0.601067 0.721015 -0.088513 0.687243 0.721015 0.181227 0.668799 0.721016 -0.423378 -0.548534 0.721015 -0.527498 -0.459971 0.714264 0.000266 -0.000080 1.000000 0.000264 -0.000087 1.000000 0.000223 -0.000163 1.000000 0.000223 -0.000163 1.000000 0.358404 -0.624865 0.693607 -0.092005 0.714456 0.693605 0.188412 0.695279 0.693605 -0.440153 -0.570241 0.693606 0.440130 0.570260 0.693605 -0.547961 -0.477836 0.686593 0.624853 0.358427 0.693605 -0.689105 -0.231781 0.686595 -0.714454 -0.092034 0.693603 0.714456 0.091996 0.693606 -0.695285 0.188390 0.693605 0.695278 -0.188406 0.693608 -0.570271 0.440116 0.693606 
						0.570251 -0.440139 0.693607 -0.358417 0.624860 0.693605 -0.425740 -0.551638 0.717246 -0.430300 -0.557556 0.709911 -0.610923 -0.350423 0.709913 -0.604435 -0.346719 0.717248 -0.000269 0.000073 1.000000 -0.000267 0.000080 1.000000 -0.000230 0.000158 1.000000 -0.000230 0.000158 1.000000 0.000145 -0.000238 1.000000 0.000158 -0.000231 1.000000 -0.000164 0.000225 1.000000 -0.000158 0.000229 1.000000 0.000059 -0.000275 1.000000 0.000073 -0.000273 1.000000 -0.000043 0.000273 1.000000 -0.000058 0.000271 1.000000 0.000051 0.000273 1.000000 0.000065 0.000269 1.000000 -0.000065 -0.000270 1.000000 -0.000080 -0.000266 1.000000 0.000164 0.000224 1.000000 0.000164 0.000224 1.000000 -0.000152 -0.000234 1.000000 -0.000158 -0.000229 1.000000 0.000206 0.000199 1.000000 0.000198 0.000212 1.000000 -0.000219 -0.000178 1.000000 -0.000230 -0.000159 1.000000 0.000283 0.000064 1.000000 0.000268 0.000090 1.000000 0.000278 0.000020 1.000000 0.000280 0.000005 1.000000 -0.000277 -0.000028 1.000000 -0.000279 -0.000013 1.000000 -0.072423 0.562195 0.823827 -0.089014 0.691113 0.717244 0.182224 0.672572 0.717246 0.148233 0.547115 0.823828 0.667035 0.224324 0.710453 0.674067 0.226646 0.703041 0.698527 0.089962 0.709906 0.691114 0.089005 0.717244 -0.698520 -0.089975 0.709911 -0.691115 -0.089014 0.717242 0.679780 -0.184202 0.709907 0.672567 -0.182236 0.717247 -0.679779 0.184201 0.709909 -0.672573 0.182245 0.717239 0.557554 -0.430306 0.709909 0.551630 -0.425747 0.717247 -0.557557 0.430301 0.709909 -0.551652 0.425723 0.717245 0.350474 -0.610897 0.709910 0.346732 -0.604430 0.717246 -0.350463 0.610906 0.709908 -0.346739 0.604426 0.717245 0.089966 -0.698523 0.709909 0.089015 -0.691111 0.717246 -0.089969 0.698523 0.709909 0.184193 0.679780 0.709909 -0.184197 -0.679782 0.709907 -0.182239 -0.672569 0.717244 
						0.430292 0.557562 0.709911 0.425737 0.551638 0.717247 0.535976 0.467394 0.703045 0.530403 0.462524 0.710454 0.215980 -0.058531 0.974642 0.547106 -0.148253 0.823830 0.448730 -0.346334 0.823829 0.177150 -0.136718 0.974642 -0.282047 0.491687 0.823829 0.072418 -0.562196 0.823827 -0.148233 -0.547115 0.823828 0.346326 0.448737 0.823829 -0.346326 -0.448740 0.823827 0.432846 0.377453 0.818641 -0.491688 -0.282046 0.823828 0.544342 0.183077 0.818641 0.562194 0.072409 0.823830 -0.562198 -0.072406 0.823827 -0.547115 0.148246 0.823825 -0.448746 0.346313 0.823829 0.282054 -0.491687 0.823826 0.184337 0.238830 0.953404 -0.136714 -0.177153 0.974641 -0.194107 -0.111337 0.974642 0.261691 0.150117 0.953406 -0.215980 0.058521 0.974642 -0.177148 0.136715 0.974642 0.111346 -0.194105 0.974641 -0.111347 0.194100 0.974642 0.028592 -0.221939 0.974641 -0.028606 0.221935 0.974642 0.058516 0.215985 0.974642 -0.058512 -0.215985 0.974642 0.136716 0.177150 0.974642 0.171786 0.149802 0.973678 0.216029 0.072671 0.973679 0.221934 0.028591 0.974642 -0.221935 -0.028585 0.974642 0.365180 -0.636663 0.679193 0.150100 -0.261707 0.953404 0.038522 -0.299227 0.953404 0.093746 -0.727948 0.679193 -0.291037 -0.097874 0.951692 -0.299226 -0.038545 0.953403 0.299225 0.038540 0.953404 -0.291199 0.078902 0.953403 0.291198 -0.078903 0.953403 -0.238835 0.184332 0.953404 0.238833 -0.184330 0.953405 -0.150114 0.261698 0.953404 -0.038535 0.299224 0.953404 -0.078906 -0.291193 0.953405 0.078923 0.291190 0.953404 -0.184330 -0.238833 0.953405 -0.231425 -0.201797 0.951693 0.786094 -0.212998 0.580248 0.708416 -0.191952 0.679191 0.581032 -0.448437 0.679195 0.644747 -0.497611 0.580245 -0.093745 0.727948 0.679193 0.191985 0.708405 0.679194 -0.191947 -0.708414 0.679195 -0.448445 -0.581025 0.679196 0.448437 0.581032 0.679195 
						-0.558105 -0.486659 0.672073 0.636651 0.365193 0.679198 -0.701849 -0.236065 0.672073 -0.727947 -0.093773 0.679190 0.727946 0.093759 0.679193 -0.708417 0.191951 0.679191 -0.581033 0.448438 0.679194 -0.365196 0.636654 0.679193 -0.706731 -0.237706 0.666354 -0.776933 -0.261333 0.572782 -0.807767 -0.104052 0.580246 -0.733116 -0.094423 0.673517 -0.644745 0.497610 0.580248 -0.405240 0.706467 0.580246 0.405228 -0.706473 0.580247 -0.104012 0.807772 0.580247 0.104031 -0.807769 0.580247 -0.212995 -0.786095 0.580248 0.213032 0.786085 0.580248 -0.497626 -0.644733 0.580248 0.497623 0.644734 0.580249 -0.617796 -0.538751 0.572779 0.706465 0.405240 0.580248 0.807767 0.104039 0.580249 -0.786093 0.212999 0.580249 0.714428 0.091980 0.693637 0.695260 -0.188370 0.693636 -0.714430 -0.092018 0.693630 -0.695262 0.188373 0.693633 0.624846 0.358389 0.693632 -0.689084 -0.231772 0.686618 0.440125 0.570236 0.693629 -0.440122 -0.570234 0.693632 -0.547944 -0.477822 0.686617 0.188400 0.695260 0.693627 -0.188428 -0.695248 0.693632 -0.092011 0.714433 0.693628 0.358396 -0.624841 0.693632 0.091997 -0.714431 0.693632 -0.358395 0.624845 0.693629 0.570231 -0.440125 0.693633 -0.570250 0.440104 0.693631 -0.000000 -0.000000 1.000000 -0.000000 -0.000000 1.000000 -0.000000 -0.000000 1.000000 -0.000000 -0.000000 1.000000 0.641176 0.367788 0.673517 0.733114 0.094425 0.673519 -0.713444 0.193312 0.673519 0.713444 -0.193312 0.673519 -0.585158 0.451620 0.673520 0.585160 -0.451625 0.673515 -0.367787 0.641177 0.673517 0.367762 -0.641192 0.673516 -0.094411 0.733117 0.673518 0.094388 -0.733121 0.673517 -0.193334 -0.713439 0.673519 0.193331 0.713440 0.673518 -0.451620 -0.585161 0.673518 0.451641 0.585145 0.673517 -0.561922 -0.490132 0.666344 0.659458 0.221809 0.718273 0.721131 0.242580 0.648942 0.748400 0.096421 0.656201 
						0.683132 0.087984 0.724975 -0.000014 -0.000018 1.000000 -0.000010 -0.000014 1.000000 -0.000000 -0.000000 1.000000 0.000005 0.000003 1.000000 -0.000040 -0.000023 1.000000 -0.000030 -0.000017 1.000000 0.000017 0.000002 1.000000 0.000023 0.000003 1.000000 -0.000006 -0.000001 1.000000 -0.000012 -0.000002 1.000000 -0.000039 0.000010 1.000000 -0.000044 0.000012 1.000000 0.000022 -0.000006 1.000000 0.000016 -0.000004 1.000000 0.000018 -0.000014 1.000000 0.000009 -0.000007 1.000000 0.000005 -0.000004 1.000000 0.000000 -0.000000 1.000000 0.000012 -0.000021 1.000000 0.000000 -0.000000 1.000000 0.000000 -0.000000 1.000000 0.000000 -0.000000 1.000000 -0.000006 0.000010 1.000000 0.000000 -0.000000 1.000000 -0.000002 0.000017 1.000000 -0.000004 0.000029 1.000000 0.000000 -0.000000 1.000000 0.000000 -0.000000 1.000000 0.000004 0.000016 1.000000 0.000004 0.000016 1.000000 0.050049 -0.388401 0.920130 0.087990 -0.683137 0.724970 -0.180117 -0.664808 0.724975 -0.102389 -0.377986 0.920132 -0.597459 -0.342713 0.724976 -0.654536 -0.375450 0.656216 -0.748392 -0.096395 0.656215 -0.683132 -0.087987 0.724976 0.728320 -0.197362 0.656200 0.664813 -0.180144 0.724963 -0.728325 0.197347 0.656199 -0.664809 0.180122 0.724973 0.597360 -0.461043 0.656202 0.545267 -0.420833 0.724971 -0.597372 0.461028 0.656201 -0.545277 0.420810 0.724977 0.375477 -0.654536 0.656201 0.342720 -0.597458 0.724973 -0.375472 0.654535 0.656205 -0.342729 0.597448 0.724978 0.096400 -0.748409 0.656194 -0.088028 0.683124 0.724978 -0.096414 0.748398 0.656205 0.197288 0.728337 0.656204 0.180104 0.664809 0.724977 -0.197345 -0.728325 0.656199 0.461031 0.597361 0.656209 0.420839 0.545251 0.724980 -0.461040 -0.597359 0.656205 -0.420831 -0.545261 0.724977 0.573456 0.500024 0.648940 0.524390 0.457276 0.718271 0.030899 -0.008380 0.999487 
						-0.377985 0.102410 0.920130 -0.310025 0.239251 0.920132 0.025331 -0.019574 0.999487 0.102403 0.377985 0.920131 0.239265 0.310016 0.920132 -0.239270 -0.310016 0.920130 0.300008 0.261644 0.917354 -0.339700 -0.194857 0.920128 0.377311 0.126877 0.917354 0.388402 0.050007 0.920132 -0.388409 -0.050027 0.920128 0.377991 -0.102420 0.920127 0.310019 -0.239271 0.920129 0.194853 -0.339692 0.920131 -0.194880 0.339677 0.920131 -0.050053 0.388399 0.920131 0.414759 0.237932 0.878273 0.027767 0.015927 0.999488 0.031750 0.004097 0.999487 0.474240 0.061083 0.878274 -0.025344 0.019560 0.999487 -0.015929 0.027770 0.999487 0.015911 -0.027777 0.999488 -0.004064 0.031761 0.999487 0.004059 -0.031753 0.999487 -0.008394 -0.030892 0.999487 0.008392 0.030900 0.999487 -0.019565 -0.025338 0.999487 0.019566 0.025339 0.999487 -0.024608 -0.021440 0.999467 -0.030919 -0.010438 0.999467 -0.031751 -0.004109 0.999487 -0.030903 0.008373 0.999487 -0.190510 -0.703037 0.685160 -0.125059 -0.461519 0.878271 -0.292152 -0.378530 0.878272 -0.445032 -0.576626 0.685163 -0.474241 -0.061094 0.878273 -0.461521 0.125051 0.878271 0.461512 -0.125071 0.878273 -0.378532 0.292148 0.878273 0.378532 -0.292150 0.878272 -0.237923 0.414766 0.878272 0.237897 -0.414782 0.878272 -0.061058 0.474251 0.878270 0.061055 -0.474247 0.878272 0.125076 0.461516 0.878270 0.292166 0.378522 0.878271 -0.365811 -0.318946 0.874331 -0.459998 -0.154747 0.874331 0.046276 -0.035719 0.998290 0.046264 -0.035735 0.998290 0.029087 -0.050704 0.998290 0.029102 -0.050695 0.998290 0.190514 0.703029 0.685167 0.445048 0.576614 0.685164 -0.553971 -0.483019 0.678092 0.631803 0.362452 0.685166 -0.696625 -0.234320 0.678091 -0.722418 -0.093048 0.685168 0.722417 0.093024 0.685171 -0.703038 0.190492 0.685164 0.703028 -0.190508 0.685171 -0.576629 0.445030 0.685162 
						0.576630 -0.445028 0.685162 -0.362436 0.631816 0.685163 0.362375 -0.631854 0.685161 -0.093013 0.722425 0.685165 0.093041 -0.722423 0.685163 -0.523016 -0.067371 0.849656 -0.793723 -0.102232 0.599627 -0.772431 0.209297 0.599621 -0.508990 0.137915 0.849652 -0.046270 0.035705 0.998291 -0.046283 0.035689 0.998291 -0.029117 0.050679 0.998290 -0.029082 0.050699 0.998290 0.007489 -0.057969 0.998290 0.007486 -0.057970 0.998290 -0.007469 0.057973 0.998290 -0.007489 0.057970 0.998290 0.015290 0.056420 0.998290 0.015256 0.056429 0.998290 -0.015264 -0.056419 0.998290 -0.015266 -0.056418 0.998290 0.035711 0.046282 0.998290 0.035684 0.046303 0.998290 -0.035709 -0.046267 0.998291 -0.035694 -0.046278 0.998291 0.044901 0.039206 0.998222 0.044921 0.039172 0.998222 -0.050704 -0.029062 0.998291 -0.050694 -0.029079 0.998291 0.056509 0.018969 0.998222 0.056492 0.019000 0.998222 0.057982 0.007466 0.998290 0.057984 0.007448 0.998290 -0.057960 -0.007488 0.998291 -0.057962 -0.007468 0.998291 0.056426 -0.015289 0.998290 0.056426 -0.015289 0.998290 -0.056407 0.015287 0.998291 -0.056408 0.015286 0.998291 0.106672 0.138239 0.984637 0.322187 0.417464 0.849659 0.403020 0.351444 0.845022 0.134100 0.116939 0.984044 0.508989 -0.137906 0.849654 0.772432 -0.209283 0.599624 0.633534 -0.488960 0.599627 0.417455 -0.322205 0.849656 -0.633537 0.488959 0.599625 -0.417461 0.322201 0.849654 0.398197 -0.694178 0.599630 0.262384 -0.457427 0.849656 -0.398195 0.694181 0.599628 -0.262410 0.457411 0.849657 0.102236 -0.793723 0.599626 0.067385 -0.523015 0.849656 -0.067383 0.523012 0.849657 -0.102253 0.793719 0.599629 0.209257 0.772434 0.599630 0.137901 0.508984 0.849658 -0.209253 -0.772440 0.599624 -0.137880 -0.508994 0.849656 0.488949 0.633537 0.599633 -0.488946 -0.633546 0.599626 -0.322178 -0.417475 0.849656 
						0.607326 0.529604 0.592178 -0.694180 -0.398191 0.599632 -0.457426 -0.262380 0.849658 0.506858 0.170413 0.845017 0.763782 0.256840 0.592175 0.793724 0.102201 0.599630 0.523021 0.067357 0.849654 0.045090 -0.078633 0.995883 0.086882 -0.151464 0.984637 0.022316 -0.173180 0.984637 0.011540 -0.089906 0.995883 -0.106666 -0.138245 0.984637 -0.151463 -0.086878 0.984637 0.168656 0.056697 0.984043 0.173185 0.022312 0.984636 -0.173179 -0.022320 0.984637 0.168536 -0.045667 0.984637 -0.168535 0.045676 0.984637 0.138225 -0.106690 0.984637 -0.138229 0.106689 0.984637 -0.086906 0.151448 0.984637 -0.022306 0.173180 0.984638 0.045658 0.168536 0.984638 -0.045644 -0.168539 0.984638 -0.019971 -0.002574 0.999797 -0.089901 -0.011581 0.995883 -0.087488 0.023709 0.995883 -0.019435 0.005267 0.999797 -0.011565 0.089903 0.995883 0.023710 0.087488 0.995883 -0.045118 0.078617 0.995883 -0.023697 -0.087491 0.995883 0.055368 0.071768 0.995883 -0.055348 -0.071783 0.995883 0.069644 0.060731 0.995722 -0.078626 -0.045102 0.995883 0.087583 0.029456 0.995722 0.089900 0.011579 0.995883 0.087488 -0.023706 0.995883 0.071756 -0.055383 0.995883 -0.071767 0.055369 0.995883 -0.010768 -0.011998 0.999870 0.012268 0.015967 0.999797 0.015473 0.013493 0.999789 -0.012355 -0.010774 0.999866 0.019431 -0.005278 0.999797 0.015932 -0.012314 0.999797 -0.015981 0.012252 0.999797 0.010018 -0.017467 0.999797 -0.010060 0.017443 0.999797 0.002506 -0.019979 0.999797 -0.002507 0.019979 0.999797 0.005285 0.019430 0.999797 -0.005298 -0.019426 0.999797 -0.012277 -0.015961 0.999797 -0.017467 -0.010018 0.999797 0.019459 0.006544 0.999789 0.019971 0.002572 0.999797 0.583629 -0.158142 0.796472 0.722090 -0.195656 0.663555 0.592250 -0.457094 0.663554 0.478688 -0.369445 0.796472 0.011240 0.011633 0.999869 0.013946 0.007999 0.999871 
						-0.015537 -0.005226 0.999866 -0.015946 -0.002054 0.999871 0.015947 0.002037 0.999871 -0.015518 0.004204 0.999871 0.015619 -0.003829 0.999871 -0.012728 0.009823 0.999871 0.011767 -0.011066 0.999870 -0.008176 0.013845 0.999871 0.006973 -0.014534 0.999870 -0.005193 0.015541 0.999866 0.004991 -0.015567 0.999866 -0.003262 -0.015773 0.999870 0.003039 0.015833 0.999870 -0.268459 -0.349663 0.897588 -0.368452 -0.479457 0.796470 -0.524511 -0.300867 0.796472 -0.382388 -0.219343 0.897590 -0.583548 0.158443 0.796472 -0.721985 0.196036 0.663557 -0.593232 0.455817 0.663556 -0.479474 0.368425 0.796472 0.372072 -0.649046 0.663553 0.300733 -0.524588 0.796472 -0.373012 0.648503 0.663555 -0.301538 0.524126 0.796472 0.092511 -0.742389 0.663551 0.074772 -0.600037 0.796470 -0.074979 0.600012 0.796469 -0.092796 0.742352 0.663552 0.196311 0.721911 0.663556 0.158719 0.583473 0.796472 -0.196408 -0.721885 0.663556 -0.158821 -0.583446 0.796471 0.456291 0.592868 0.663555 0.368778 0.479203 0.796472 -0.455894 -0.593174 0.663555 0.568638 0.495865 0.656329 0.461340 0.402297 0.790774 -0.648944 -0.372243 0.663556 0.580174 0.195130 0.790774 0.715111 0.240515 0.656330 0.741997 0.095569 0.663556 0.599720 0.077246 0.796473 -0.741995 -0.095580 0.663557 -0.599721 -0.077247 0.796472 -0.039508 0.320558 0.946405 -0.054359 0.437470 0.897588 0.115825 0.425343 0.897590 0.084989 0.311598 0.946406 0.424383 0.142745 0.894160 0.437218 0.056315 0.897591 -0.437218 -0.056314 0.897591 0.425488 -0.115289 0.897591 -0.425419 0.115544 0.897590 0.348978 -0.269343 0.897590 -0.349648 0.268474 0.897590 0.219227 -0.382454 0.897590 -0.219952 0.382038 0.897590 0.054201 -0.437491 0.897588 -0.115937 -0.425316 0.897588 0.268746 0.349440 0.897590 0.337462 0.294276 0.894159 0.109636 -0.029709 0.993528 0.311739 -0.084471 0.946406 
						0.255680 -0.197342 0.946406 0.089922 -0.069402 0.993528 -0.161277 0.279831 0.946406 0.039369 -0.320579 0.946403 -0.085091 -0.311569 0.946406 0.196795 0.256103 0.946405 -0.196524 -0.256310 0.946406 0.247684 0.215986 0.944459 -0.280162 -0.160704 0.946406 0.311477 0.104775 0.944460 0.320333 0.041264 0.946406 -0.320333 -0.041259 0.946406 -0.311677 0.084694 0.946406 -0.256275 0.196568 0.946406 0.160607 -0.280218 0.946406 0.080112 0.102127 0.991540 -0.068607 -0.090533 0.993527 -0.098531 -0.056519 0.993528 0.112590 0.064581 0.991541 -0.109577 0.029924 0.993528 -0.090476 0.068682 0.993527 0.056422 -0.098586 0.993528 -0.057098 0.098196 0.993528 0.012714 -0.112889 0.993526 -0.012832 0.112873 0.993527 0.030245 0.109491 0.993528 -0.030345 -0.109459 0.993528 0.068875 0.090329 0.993527 0.087265 0.076098 0.993274 0.109737 0.036923 0.993275 0.112658 0.014515 0.993528 -0.112659 -0.014511 0.993528 0.213199 -0.373278 0.902890 0.063976 -0.112935 0.991541 0.018253 -0.128515 0.991540 0.056673 -0.426121 0.902889 -0.125393 -0.042168 0.991211 -0.128731 -0.016581 0.991541 0.128733 0.016581 0.991541 -0.125277 0.033945 0.991541 0.125336 -0.033732 0.991541 -0.102751 0.079299 0.991541 0.102206 -0.080010 0.991540 -0.064679 0.112531 0.991541 -0.018354 0.128503 0.991539 -0.033369 -0.125433 0.991541 0.033252 0.125465 0.991541 -0.079841 -0.102334 0.991541 -0.099707 -0.086947 0.991211 0.670185 -0.181310 0.719707 0.414971 -0.112199 0.902890 0.339752 -0.263361 0.902890 0.548969 -0.425035 0.719707 -0.056761 0.426111 0.902888 0.111597 0.415132 0.902891 -0.111753 -0.415092 0.902890 -0.263239 -0.339846 0.902890 0.263539 0.339614 0.902889 -0.329133 -0.287012 0.899608 0.372886 0.213886 0.902889 -0.413914 -0.139211 0.899609 -0.426347 -0.054914 0.902891 0.426349 0.054921 0.902890 -0.414909 0.112417 0.902891 
						-0.340307 0.262639 0.902891 -0.213985 0.372826 0.902890 -0.755923 -0.254238 0.603277 -0.664639 -0.223536 0.712942 -0.688588 -0.088689 0.719709 -0.785364 -0.101152 0.610714 -0.549619 0.424194 0.719707 -0.345574 0.602163 0.719707 0.344543 -0.602754 0.719706 -0.090930 0.688300 0.719705 0.090848 -0.688310 0.719705 -0.180668 -0.670359 0.719707 0.180459 0.670415 0.719707 -0.424948 -0.549036 0.719707 0.425342 0.548732 0.719707 -0.528501 -0.460870 0.712942 0.602231 0.345457 0.719707 0.688589 0.088697 0.719707 -0.670114 0.181572 0.719708 -0.015747 0.074540 0.997094 -0.013144 0.074876 0.997106 0.018531 0.073660 0.997111 0.017590 0.073915 0.997109 0.686865 0.394010 0.610715 0.785363 0.101157 0.610714 -0.764291 0.207092 0.610715 0.764385 -0.206746 0.610714 -0.626862 0.483809 0.610714 0.626039 -0.484874 0.610714 -0.394151 0.686783 0.610716 0.392787 -0.687567 0.610713 -0.104019 0.784990 0.610713 0.103939 -0.785002 0.610712 -0.205867 -0.764622 0.610714 0.205579 0.764700 0.610714 -0.484817 -0.626083 0.610714 0.485321 0.625694 0.610714 -0.601089 -0.524165 0.603277 -0.017933 -0.073822 0.997110 -0.018755 -0.073599 0.997112 -0.047455 -0.059304 0.997111 -0.048224 -0.058710 0.997110 0.047986 0.058896 0.997110 0.049176 0.057977 0.997106 -0.058352 -0.050883 0.996998 -0.058374 -0.050844 0.996999 0.065868 0.037799 0.997112 0.065875 0.037788 0.997112 -0.073381 -0.024681 0.996998 -0.073382 -0.024680 0.996998 -0.075320 -0.009701 0.997112 -0.075320 -0.009701 0.997112 0.075321 0.009701 0.997112 0.075321 0.009700 0.997112 -0.073299 0.019861 0.997112 -0.073299 0.019861 0.997112 0.073415 -0.019436 0.997112 0.073517 -0.019061 0.997112 -0.060119 0.046399 0.997112 -0.060119 0.046399 0.997112 0.059086 -0.047740 0.997111 0.058327 -0.048723 0.997108 -0.037959 0.065775 0.997112 -0.038145 0.065668 0.997112 
						0.036612 -0.066549 0.997111 0.035777 -0.067028 0.997110 0.015381 -0.074588 0.997096 0.012946 -0.074902 0.997107 -0.000004 -0.000010 1.000000 0.000001 -0.000033 1.000000 0.000001 -0.000031 1.000000 -0.000003 -0.000009 1.000000 -0.000008 -0.000009 1.000000 -0.000011 -0.000011 1.000000 -0.000010 -0.000004 1.000000 -0.000010 -0.000004 1.000000 -0.000011 -0.000000 1.000000 -0.000000 -0.000000 1.000000 -0.000000 -0.000000 1.000000 -0.000003 -0.000000 1.000000 0.000022 -0.000009 1.000000 0.000022 -0.000009 1.000000 -0.000006 0.000006 1.000000 -0.000007 0.000007 1.000000 -0.000000 0.000000 1.000000 0.000001 -0.000003 1.000000 -0.000000 0.000008 1.000000 -0.000000 0.000010 1.000000 0.000004 0.000010 1.000000 0.000005 0.000013 1.000000 0.000005 0.000005 1.000000 0.000007 0.000007 1.000000 0.000005 0.000002 1.000000 0.000003 0.000001 1.000000 0.000002 0.000000 1.000000 0.000006 0.000000 1.000000 0.000029 -0.000011 1.000000 0.000027 -0.000011 1.000000 0.000009 -0.000009 1.000000 0.000005 -0.000005 1.000000 0.000006 -0.000013 1.000000 0.000008 -0.000018 1.000000 0.343926 0.869303 0.355004 0.343927 0.869302 0.355004 0.650405 0.671523 0.355008 0.650402 0.671526 0.355008 0.000005 -0.000010 1.000000 0.000005 -0.000010 1.000000 -0.000000 0.000031 1.000000 -0.000001 0.000033 1.000000 0.869305 -0.343917 0.355008 0.869304 -0.343917 0.355008 0.671525 -0.650405 0.355003 0.671523 -0.650407 0.355003 -0.650389 -0.671540 0.355005 -0.650390 -0.671539 0.355005 -0.857875 -0.371508 0.355009 -0.857874 -0.371510 0.355009 -0.371518 0.857874 0.355001 -0.371517 0.857875 0.355001 -0.014945 0.934746 0.355002 -0.014943 0.934746 0.355002 0.014940 -0.934746 0.355002 0.014934 -0.934746 0.355002 -0.343877 -0.869323 0.355002 -0.343866 -0.869327 0.355002 -0.869297 0.343938 0.355007 -0.869301 0.343927 0.355007 
						-0.671532 0.650399 0.355002 -0.671531 0.650400 0.355002 0.857879 0.371508 0.355002 0.857881 0.371503 0.355002 0.533022 -0.770762 0.349018 0.533025 -0.770760 0.349017 -0.934743 -0.014950 0.355010 -0.934743 -0.014947 0.355010 0.934747 0.014910 0.355001 0.934747 0.014913 0.355001 0.197490 -0.916070 0.349017 0.197492 -0.916070 0.349018 0.009132 -0.570080 0.821538 0.010850 -0.676837 0.736053 -0.248995 -0.629466 0.736053 -0.209725 -0.530179 0.821538 0.000001 -0.000034 1.000000 0.000001 -0.000036 1.000000 -0.000007 -0.000017 1.000000 -0.000004 -0.000010 1.000000 0.000014 -0.000033 1.000000 0.000013 -0.000030 1.000000 0.000014 0.000035 1.000000 0.000011 0.000028 1.000000 -0.000007 -0.000007 1.000000 -0.000007 -0.000007 1.000000 0.000002 0.000002 1.000000 -0.000002 -0.000002 1.000000 -0.000007 -0.000003 1.000000 -0.000012 -0.000005 1.000000 -0.000003 -0.000002 1.000000 -0.000006 -0.000003 1.000000 -0.000007 -0.000003 1.000000 -0.000012 -0.000005 1.000000 0.000017 0.000000 1.000000 0.000020 0.000000 1.000000 0.000013 0.000000 1.000000 0.000019 0.000000 1.000000 0.000042 -0.000017 1.000000 0.000032 -0.000013 1.000000 0.000019 -0.000008 1.000000 0.000027 -0.000011 1.000000 -0.000006 0.000006 1.000000 -0.000008 0.000008 1.000000 0.000012 -0.000012 1.000000 0.000014 -0.000014 1.000000 -0.270518 0.261995 0.926379 -0.409556 0.396661 0.821538 -0.328531 0.475091 0.816306 -0.217802 0.314918 0.923790 0.209751 0.530169 0.821538 0.249026 0.629454 0.736052 0.470949 0.486243 0.736054 0.396666 0.409549 0.821538 -0.470930 -0.486265 0.736051 -0.396654 -0.409563 0.821537 0.621172 0.269015 0.736055 0.523191 0.226596 0.821538 -0.621162 -0.269044 0.736052 -0.523191 -0.226599 0.821537 0.676836 0.010856 0.736054 0.570080 0.009139 0.821539 -0.570081 -0.009141 0.821537 -0.676839 -0.010843 0.736051 
						-0.629468 0.249003 0.736049 -0.530186 0.209714 0.821537 0.629465 -0.249000 0.736052 0.530178 -0.209731 0.821538 -0.486263 0.470932 0.736051 0.486247 -0.470946 0.736053 0.409559 -0.396657 0.821538 -0.389054 0.562593 0.729469 0.269012 -0.621177 0.736052 0.226586 -0.523196 0.821538 -0.121717 0.564654 0.816303 -0.144155 0.668652 0.729469 -0.010797 0.676839 0.736051 -0.009097 0.570082 0.821538 -0.008383 -0.003624 0.999958 0.345576 0.149663 0.926379 0.376543 0.006024 0.926380 -0.009131 -0.000137 0.999958 0.270531 -0.261981 0.926379 0.149670 -0.345572 0.926380 -0.080672 0.374306 0.923790 -0.006013 0.376543 0.926380 0.006026 -0.376543 0.926379 0.138539 0.350183 0.926379 -0.138529 -0.350188 0.926379 0.261998 0.270515 0.926379 -0.261993 -0.270520 0.926379 -0.345572 -0.149668 0.926380 -0.376543 -0.006045 0.926380 -0.350192 0.138514 0.926380 0.350189 -0.138523 0.926380 -0.007802 0.488196 0.872699 -0.000145 0.009131 0.999958 0.003366 0.008488 0.999958 0.179619 0.454018 0.872699 0.009132 0.000122 0.999958 0.008488 -0.003370 0.999958 0.008386 0.003618 0.999958 -0.008482 0.003384 0.999958 0.006552 -0.006362 0.999958 -0.006549 0.006364 0.999958 0.005274 -0.007669 0.999957 -0.003625 0.008381 0.999958 0.001975 -0.009097 0.999957 0.000156 -0.009131 0.999958 -0.003353 -0.008494 0.999958 -0.006352 -0.006561 0.999958 0.006355 0.006558 0.999958 -0.497727 0.482083 0.721016 -0.350721 0.339691 0.872700 -0.194031 0.448048 0.872700 -0.275369 0.635853 0.721016 -0.179609 -0.454022 0.872700 -0.339683 -0.350730 0.872699 0.339689 0.350724 0.872699 -0.448049 -0.194033 0.872699 0.448056 0.194016 0.872699 -0.488196 -0.007787 0.872699 0.488196 0.007786 0.872699 0.454019 -0.179619 0.872699 -0.454014 0.179630 0.872699 0.350714 -0.339700 0.872699 0.281817 -0.407541 0.868613 0.104435 -0.484360 0.868613 
						0.007815 -0.488195 0.872699 0.720261 0.011496 0.693608 0.692832 0.011065 0.721014 0.644328 -0.254910 0.721015 0.669832 -0.265015 0.693608 0.147497 -0.684159 0.714263 0.011077 -0.692831 0.721015 -0.011063 0.692831 0.721015 -0.254898 -0.644333 0.721015 0.254908 0.644329 0.721015 -0.482066 -0.497743 0.721016 0.482079 0.497732 0.721015 -0.635851 -0.275370 0.721017 0.635861 0.275346 0.721016 -0.692830 -0.011065 0.721016 -0.644328 0.254910 0.721015 0.497722 -0.482087 0.721016 0.398078 -0.575639 0.714264 0.000102 0.000259 1.000000 0.000102 0.000259 1.000000 0.000194 0.000200 1.000000 0.000194 0.000200 1.000000 0.661037 0.286247 0.693609 -0.720261 -0.011504 0.693608 -0.669834 0.265014 0.693606 0.517430 -0.501172 0.693609 -0.517434 0.501172 0.693605 0.413531 -0.597978 0.686596 -0.286265 0.661033 0.693605 0.153224 -0.710710 0.686596 0.011525 -0.720262 0.693606 -0.011501 0.720263 0.693606 -0.264992 -0.669843 0.693606 0.264987 0.669845 0.693607 -0.501151 -0.517453 0.693606 0.501170 0.517434 0.693607 -0.661028 -0.286270 0.693607 0.500541 -0.484784 0.717247 0.505903 -0.489986 0.709912 0.279888 -0.646289 0.709910 0.276916 -0.639433 0.717247 -0.000093 -0.000265 1.000000 -0.000096 -0.000263 1.000000 -0.000191 -0.000203 1.000000 -0.000185 -0.000210 1.000000 0.000252 0.000117 1.000000 0.000253 0.000114 1.000000 -0.000242 -0.000140 1.000000 -0.000247 -0.000128 1.000000 0.000278 0.000008 1.000000 0.000278 0.000004 1.000000 -0.000278 -0.000018 1.000000 -0.000278 -0.000023 1.000000 -0.000274 0.000065 1.000000 -0.000276 0.000060 1.000000 0.000271 -0.000071 1.000000 0.000266 -0.000083 1.000000 -0.000214 0.000181 1.000000 -0.000208 0.000188 1.000000 0.000213 -0.000178 1.000000 0.000202 -0.000190 1.000000 -0.000180 0.000227 1.000000 -0.000176 0.000229 1.000000 0.000124 -0.000249 1.000000 
						0.000112 -0.000254 1.000000 -0.000046 0.000285 1.000000 -0.000032 0.000291 1.000000 0.000003 0.000279 1.000000 -0.000004 0.000279 1.000000 0.000021 -0.000280 1.000000 0.000012 -0.000280 1.000000 -0.566772 -0.009069 0.823824 -0.696734 -0.011164 0.717242 -0.647965 0.256322 0.717245 -0.527097 0.208518 0.823826 -0.148321 0.687937 0.710453 -0.149870 0.695171 0.703047 -0.011266 0.704201 0.709911 -0.011140 0.696732 0.717245 0.011267 -0.704203 0.709909 0.011162 -0.696732 0.717245 0.259082 0.654906 0.709912 0.256334 0.647958 0.717247 -0.259064 -0.654915 0.709910 -0.256327 -0.647963 0.717245 0.489982 0.505907 0.709912 0.484784 0.500540 0.717247 -0.489973 -0.505915 0.709913 -0.484779 -0.500543 0.717249 0.646288 0.279889 0.709911 0.639435 0.276920 0.717243 -0.646291 -0.279882 0.709911 -0.639432 -0.276920 0.717246 0.704208 0.011261 0.709905 0.696738 0.011141 0.717240 -0.704200 -0.011294 0.709912 -0.654911 0.259060 0.709915 0.654912 -0.259076 0.709908 0.647967 -0.256326 0.717242 -0.505914 0.489973 0.709914 -0.500546 0.484783 0.717244 -0.404495 0.584900 0.703047 -0.400297 0.578812 0.710450 0.082306 0.208083 0.974642 0.208518 0.527092 0.823829 0.394350 0.407179 0.823828 0.155681 0.160739 0.974642 -0.520156 -0.225269 0.823827 0.566771 0.009075 0.823825 0.527108 -0.208492 0.823826 -0.407186 0.394348 0.823826 0.407171 -0.394358 0.823829 -0.326677 0.472350 0.818638 0.225272 -0.520155 0.823827 -0.121027 0.561412 0.818639 -0.009049 0.566768 0.823828 0.009073 -0.566766 0.823829 -0.208519 -0.527090 0.823830 -0.394350 -0.407177 0.823829 0.520163 0.225258 0.823826 -0.216708 0.209898 0.953405 0.160739 -0.155680 0.974642 0.088937 -0.205339 0.974641 -0.119893 0.276848 0.953405 -0.082313 -0.208078 0.974643 -0.155678 -0.160741 0.974642 0.205345 0.088921 0.974642 -0.205342 -0.088929 0.974642 
						0.223741 0.003603 0.974642 -0.223743 -0.003578 0.974642 -0.208085 0.082306 0.974642 0.208089 -0.082294 0.974642 -0.160752 0.155666 0.974642 -0.129644 0.187466 0.973678 -0.048007 0.222821 0.973677 -0.003561 0.223741 0.974642 0.003575 -0.223741 0.974642 0.673518 0.291669 0.679192 0.276849 0.119896 0.953404 0.301655 0.004811 0.953405 0.733864 0.011719 0.679195 0.064740 -0.300145 0.951694 0.004836 -0.301657 0.953404 -0.004823 0.301655 0.953405 -0.110990 -0.280538 0.953404 0.110980 0.280540 0.953405 -0.209892 -0.216714 0.953405 0.209894 0.216712 0.953405 -0.276846 -0.119898 0.953405 -0.301653 -0.004804 0.953406 0.280532 -0.110996 0.953405 -0.280534 0.110986 0.953406 0.216704 -0.209902 0.953405 0.174650 -0.252545 0.951692 0.299605 0.757331 0.580247 0.269995 0.682493 0.679195 0.510627 0.527216 0.679193 0.566616 0.585030 0.580246 -0.733863 -0.011727 0.679197 -0.682487 0.270001 0.679199 0.682488 -0.270007 0.679195 0.527207 -0.510636 0.679194 -0.527208 0.510633 0.679195 0.421185 -0.609037 0.672069 -0.291675 0.673514 0.679194 0.156076 -0.723851 0.672071 0.011741 -0.733865 0.679193 -0.011739 0.733864 0.679195 -0.269996 -0.682494 0.679194 -0.510627 -0.527216 0.679194 -0.673511 -0.291684 0.679193 0.157169 -0.728880 0.666357 0.172756 -0.801297 0.572781 0.013038 -0.814336 0.580248 0.011854 -0.739076 0.673518 -0.566613 -0.585032 0.580247 -0.747366 -0.323662 0.580247 0.747369 0.323656 0.580247 -0.814336 -0.013011 0.580248 0.814337 0.013023 0.580247 0.757325 -0.299622 0.580246 -0.757318 0.299634 0.580249 0.585021 -0.566626 0.580246 -0.585016 0.566630 0.580247 0.466243 -0.674196 0.572781 -0.323663 0.747366 0.580247 -0.013023 0.814336 0.580248 -0.299591 -0.757336 0.580248 -0.011500 0.720239 0.693630 0.264991 0.669817 0.693631 0.011532 -0.720239 0.693631 -0.264982 -0.669821 0.693632 
						-0.286250 0.661015 0.693628 0.153234 -0.710682 0.686622 -0.517408 0.501167 0.693628 0.517414 -0.501155 0.693633 0.413500 -0.597968 0.686623 -0.669813 0.265005 0.693630 0.669807 -0.265009 0.693634 -0.720240 -0.011504 0.693630 0.661013 0.286245 0.693632 0.720235 0.011483 0.693636 -0.661012 -0.286256 0.693629 0.501152 0.517419 0.693631 -0.501138 -0.517434 0.693630 -0.000008 0.000003 1.000000 -0.000008 0.000003 1.000000 0.000006 -0.000006 1.000000 0.000008 -0.000008 1.000000 -0.293751 0.678294 0.673518 -0.011818 0.739076 0.673518 -0.271919 -0.687338 0.673518 0.271913 0.687342 0.673516 -0.514251 -0.530958 0.673520 0.514250 0.530963 0.673517 -0.678290 -0.293752 0.673522 0.678293 0.293750 0.673520 -0.739075 -0.011788 0.673519 0.739077 0.011810 0.673518 0.687330 -0.271942 0.673517 -0.687327 0.271949 0.673517 0.530955 -0.514257 0.673518 -0.530949 0.514263 0.673518 0.424112 -0.613270 0.666355 -0.146630 0.680142 0.718266 -0.160346 0.743757 0.648933 -0.012064 0.754487 0.656204 -0.011001 0.688689 0.724974 0.000014 -0.000014 1.000000 0.000012 -0.000012 1.000000 -0.000003 0.000008 1.000000 -0.000005 0.000010 1.000000 0.000000 -0.000000 1.000000 0.000001 -0.000003 1.000000 -0.000000 0.000029 1.000000 -0.000001 0.000032 1.000000 0.000001 -0.000032 1.000000 0.000000 -0.000026 1.000000 -0.000014 -0.000035 1.000000 -0.000011 -0.000028 1.000000 0.000018 0.000045 1.000000 0.000017 0.000042 1.000000 0.000013 0.000013 1.000000 0.000013 0.000013 1.000000 0.000004 0.000004 1.000000 -0.000000 -0.000000 1.000000 -0.000055 -0.000024 1.000000 -0.000074 -0.000032 1.000000 -0.000000 -0.000000 1.000000 0.000003 0.000001 1.000000 0.000039 0.000017 1.000000 0.000053 0.000023 1.000000 0.000007 0.000000 1.000000 -0.000000 -0.000000 1.000000 0.000009 0.000000 1.000000 0.000009 0.000000 1.000000 
						-0.000011 0.000004 1.000000 -0.000005 0.000002 1.000000 0.391550 0.006278 0.920135 0.688688 0.011047 0.724974 0.640483 -0.253365 0.724974 0.364152 -0.144044 0.920133 0.273713 -0.632056 0.724973 0.299873 -0.692444 0.656199 0.012055 -0.754490 0.656201 0.011023 -0.688689 0.724973 0.277591 0.701666 0.656207 0.253368 0.640481 0.724975 -0.277561 -0.701683 0.656202 -0.253375 -0.640481 0.724973 0.524975 0.542031 0.656204 0.479197 0.494753 0.724975 -0.524982 -0.542023 0.656204 -0.479179 -0.494770 0.724976 0.692448 0.299891 0.656187 0.632050 0.273728 0.724973 -0.692440 -0.299908 0.656188 -0.632044 -0.273737 0.724974 0.754511 0.012094 0.656176 -0.688685 -0.011044 0.724976 -0.754507 -0.012095 0.656181 -0.701678 0.277578 0.656200 -0.640485 0.253354 0.724976 0.701684 -0.277563 0.656200 -0.542052 0.524953 0.656204 -0.494773 0.479179 0.724974 0.542041 -0.524974 0.656197 0.494760 -0.479200 0.724969 -0.432790 0.625764 0.648931 -0.395757 0.572251 0.718265 0.011783 0.029769 0.999487 -0.144051 -0.364157 0.920130 -0.272429 -0.281314 0.920133 0.022284 0.022989 0.999487 -0.364158 0.144030 0.920133 -0.281309 0.272443 0.920131 0.281301 -0.272453 0.920130 -0.226433 0.327404 0.917352 0.155623 -0.359361 0.920131 -0.083867 0.389145 0.917351 -0.006266 0.391562 0.920130 0.006265 -0.391564 0.920129 0.144062 0.364153 0.920130 0.272460 0.281290 0.920131 0.359347 0.155643 0.920133 -0.359354 -0.155627 0.920133 -0.391549 -0.006303 0.920135 -0.190030 0.438778 0.878272 -0.012731 0.029372 0.999487 -0.000512 0.032006 0.999488 -0.007657 0.478099 0.878273 -0.022270 -0.023000 0.999487 -0.029384 -0.012715 0.999487 0.029376 0.012720 0.999487 -0.032016 -0.000500 0.999487 0.032010 0.000466 0.999487 0.029761 -0.011795 0.999487 -0.029764 0.011804 0.999487 0.022985 -0.022282 0.999487 -0.022986 0.022284 0.999487 
						0.018534 -0.026856 0.999467 0.006885 -0.031902 0.999467 0.000497 -0.032011 0.999487 -0.011764 -0.029777 0.999487 0.677312 -0.267951 0.685165 0.444629 -0.175901 0.878273 0.343458 -0.332674 0.878273 0.523202 -0.506767 0.685162 0.007645 -0.478102 0.878271 -0.175881 -0.444640 0.878272 0.175903 0.444629 0.878273 -0.332661 -0.343472 0.878273 0.332673 0.343461 0.878273 -0.438780 -0.190026 0.878272 0.438784 0.190014 0.878273 -0.478097 -0.007615 0.878274 0.478098 0.007610 0.878273 -0.444615 0.175930 0.878274 -0.343464 0.332670 0.878273 0.276034 -0.399191 0.874330 0.102276 -0.474439 0.874327 0.040671 0.041991 0.998290 0.040671 0.041991 0.998290 0.053633 0.023247 0.998290 0.053631 0.023253 0.998290 -0.677289 0.267985 0.685174 -0.523229 0.506740 0.685161 0.418055 -0.604513 0.678081 -0.289458 0.668407 0.685161 0.154897 -0.718480 0.678081 0.011654 -0.728297 0.685162 -0.011671 0.728296 0.685163 -0.267917 -0.677322 0.685168 0.267977 0.677300 0.685167 -0.506751 -0.523211 0.685167 0.506744 0.523220 0.685165 -0.668398 -0.289460 0.685169 0.668411 0.289442 0.685164 -0.728279 -0.011605 0.685183 0.728291 0.011617 0.685169 0.008427 -0.527271 0.849655 0.012801 -0.800175 0.599630 -0.294394 -0.744160 0.599631 -0.193989 -0.490363 0.849654 -0.040660 -0.041982 0.998291 -0.040661 -0.041982 0.998291 -0.053623 -0.023254 0.998290 -0.053617 -0.023267 0.998290 0.058443 0.000985 0.998290 0.058443 0.000961 0.998290 -0.058444 -0.000979 0.998290 -0.058444 -0.000965 0.998290 -0.054360 0.021493 0.998290 -0.054357 0.021502 0.998290 0.054352 -0.021493 0.998290 0.054348 -0.021502 0.998290 -0.041999 0.040663 0.998290 -0.041992 0.040670 0.998290 0.041983 -0.040660 0.998291 0.041983 -0.040660 0.998291 -0.033901 0.049021 0.998222 -0.033901 0.049021 0.998222 0.023224 -0.053630 0.998291 0.023224 -0.053630 0.998291 
						-0.012561 0.058263 0.998222 -0.012561 0.058263 0.998222 -0.000906 0.058453 0.998290 -0.000910 0.058453 0.998290 0.000936 -0.058434 0.998291 0.000936 -0.058434 0.998291 0.021521 0.054354 0.998290 0.021527 0.054352 0.998290 -0.021489 -0.054348 0.998291 -0.021499 -0.054344 0.998291 -0.125431 0.121478 0.984637 -0.378804 0.366866 0.849657 -0.304136 0.439820 0.845020 -0.101203 0.146345 0.984043 0.193989 0.490360 0.849656 0.294398 0.744162 0.599628 0.556765 0.574858 0.599626 0.366875 0.378797 0.849656 -0.556764 -0.574861 0.599623 -0.366860 -0.378815 0.849655 0.734363 0.318057 0.599626 0.483904 0.209573 0.849657 -0.734348 -0.318091 0.599626 -0.483892 -0.209596 0.849657 0.800174 0.012801 0.599632 0.527269 0.008444 0.849656 -0.527267 -0.008435 0.849658 -0.800173 -0.012805 0.599633 -0.744160 0.294390 0.599634 -0.490366 0.193965 0.849658 0.744169 -0.294377 0.599629 0.490364 -0.193977 0.849656 -0.574872 0.556741 0.599634 0.574855 -0.556763 0.599630 0.378791 -0.366876 0.849658 -0.458313 0.662778 0.592178 0.318031 -0.734371 0.599630 0.209575 -0.483901 0.849657 -0.112695 0.522726 0.845019 -0.169824 0.787710 0.592176 -0.012770 0.800176 0.599630 -0.008419 0.527272 0.849655 0.083178 0.036022 0.995883 0.160230 0.069391 0.984638 0.174591 0.002800 0.984637 0.090632 0.001433 0.995883 0.125435 -0.121469 0.984638 0.069399 -0.160227 0.984638 -0.037484 0.173940 0.984043 -0.002781 0.174592 0.984637 0.002774 -0.174593 0.984637 0.064233 0.162368 0.984637 -0.064223 -0.162376 0.984637 0.121479 0.125427 0.984638 -0.121452 -0.125454 0.984637 -0.160218 -0.069415 0.984638 -0.174589 -0.002799 0.984637 -0.162375 0.064219 0.984637 0.162367 -0.064236 0.984637 0.000322 -0.020134 0.999797 0.001449 -0.090632 0.995883 -0.033342 -0.084288 0.995883 -0.007416 -0.018721 0.999797 -0.090632 -0.001426 0.995883 
						-0.084285 0.033350 0.995883 -0.083166 -0.036049 0.995883 0.084284 -0.033352 0.995883 -0.065124 0.063048 0.995883 0.065129 -0.063043 0.995883 -0.052540 0.076008 0.995722 0.036020 -0.083179 0.995883 -0.019470 0.090330 0.995722 -0.001449 0.090631 0.995883 0.033345 0.084287 0.995883 0.063063 0.065110 0.995883 -0.063044 -0.065128 0.995883 0.010722 -0.012039 0.999870 -0.014493 0.013978 0.999797 -0.011677 0.016885 0.999789 0.009324 -0.013482 0.999866 0.007422 0.018718 0.999797 0.014016 0.014457 0.999797 -0.013983 -0.014489 0.999797 0.018478 0.008002 0.999797 -0.018459 -0.008045 0.999797 0.020134 0.000254 0.999797 -0.020134 -0.000252 0.999797 -0.018713 0.007436 0.999797 0.018715 -0.007430 0.999797 0.014507 -0.013964 0.999797 0.008002 -0.018478 0.999797 -0.004327 0.020069 0.999789 -0.000315 0.020133 0.999797 0.222437 0.562277 0.796471 0.275212 0.695668 0.663555 0.520479 0.537401 0.663553 0.420677 0.434356 0.796471 -0.010310 0.012463 0.999869 -0.006389 0.014753 0.999871 0.003465 -0.016020 0.999866 0.000263 -0.016075 0.999871 -0.000252 0.016075 0.999871 -0.005914 -0.014950 0.999871 0.005552 0.015093 0.999871 -0.011185 -0.011549 0.999871 0.012313 0.010456 0.999870 -0.014679 -0.006560 0.999871 0.015230 0.005288 0.999870 -0.016025 -0.003389 0.999866 0.016028 0.003218 0.999866 0.015321 -0.004976 0.999870 -0.015392 0.004797 0.999870 0.317438 -0.305888 0.897589 0.435232 -0.419774 0.796469 0.240300 -0.554879 0.796470 0.175186 -0.404527 0.897590 -0.222725 -0.562163 0.796471 -0.275567 -0.695524 0.663558 -0.519322 -0.538516 0.663554 -0.419754 -0.435249 0.796470 0.686591 0.297135 0.663554 0.554940 0.240155 0.796471 -0.686153 -0.298145 0.663554 -0.554570 -0.241011 0.796471 0.748078 0.008888 0.663551 0.604636 0.007177 0.796469 -0.604633 -0.007381 0.796470 -0.748073 -0.009147 0.663554 
						-0.695415 0.275850 0.663554 -0.562054 0.222998 0.796472 0.695382 -0.275937 0.663553 0.562020 -0.223090 0.796470 -0.538101 0.519753 0.663554 -0.434935 0.420076 0.796472 0.538447 -0.519395 0.663554 -0.429139 0.620541 0.656329 -0.348161 0.503450 0.790773 0.297309 -0.686515 0.663554 -0.129006 0.598360 0.790773 -0.158988 0.737534 0.656328 -0.011961 0.748031 0.663557 -0.009667 0.604599 0.796471 0.011967 -0.748031 0.663556 0.009669 -0.604600 0.796471 -0.322966 -0.003392 0.946404 -0.440805 -0.005077 0.897588 -0.409711 0.162693 0.897590 -0.300133 0.119313 0.946406 -0.094365 0.437692 0.894159 -0.007047 0.440773 0.897591 0.007048 -0.440775 0.897590 0.162163 0.409918 0.897591 -0.162410 -0.409825 0.897589 0.306692 0.316658 0.897590 -0.305905 -0.317421 0.897589 0.404580 0.175065 0.897590 -0.404244 -0.175838 0.897590 0.440808 0.004912 0.897588 0.409677 -0.162782 0.897589 -0.317175 0.306156 0.897590 -0.254676 0.368266 0.894159 0.041784 0.105623 0.993528 0.118812 0.300329 0.946407 0.224700 0.232001 0.946406 0.079024 0.081592 0.993528 -0.296116 -0.128960 0.946406 0.322969 0.003257 0.946404 0.300097 -0.119403 0.946406 -0.232477 0.224210 0.946406 0.232713 -0.223964 0.946406 -0.186922 0.270292 0.944459 0.128353 -0.296380 0.946406 -0.069258 0.321249 0.944459 -0.005163 0.322937 0.946406 0.005165 -0.322939 0.946406 -0.119031 -0.300246 0.946406 -0.224003 -0.232678 0.946406 0.296427 0.128245 0.946406 -0.092520 0.091035 0.991540 0.082287 -0.078305 0.993528 0.045141 -0.104234 0.993528 -0.051582 0.119106 0.991541 -0.041996 -0.105541 0.993528 -0.078372 -0.082225 0.993527 0.104279 0.045036 0.993528 -0.103969 -0.045751 0.993528 0.113603 0.000010 0.993526 -0.113600 -0.000129 0.993527 -0.105420 0.042298 0.993528 0.105381 -0.042396 0.993528 -0.082055 0.078547 0.993528 -0.065859 0.095230 0.993274 
						-0.024399 0.113185 0.993274 -0.001815 0.113575 0.993528 0.001816 -0.113575 0.993528 0.394784 0.170104 0.902890 0.119383 0.050940 0.991541 0.129751 0.003758 0.991539 0.429787 0.008655 0.902889 0.027883 -0.129319 0.991211 0.002076 -0.129776 0.991541 -0.002076 0.129779 0.991541 -0.047745 -0.120692 0.991541 0.047540 0.120776 0.991541 -0.090298 -0.093233 0.991541 0.090938 0.092616 0.991540 -0.119060 -0.051685 0.991541 -0.129750 -0.003862 0.991539 0.120910 -0.047194 0.991541 -0.120955 0.047082 0.991541 0.092757 -0.090789 0.991541 0.075243 -0.108809 0.991211 0.255133 0.645701 0.719706 0.157917 0.399815 0.902890 0.299716 0.308157 0.902890 0.483785 0.497972 0.719706 -0.429785 -0.008739 0.902889 -0.400038 0.157350 0.902890 0.399984 -0.157486 0.902890 0.308258 -0.299608 0.902891 -0.307997 0.299879 0.902890 0.248387 -0.359177 0.899609 -0.170834 0.394469 0.902890 0.092033 -0.426889 0.899609 0.006874 -0.429814 0.902892 -0.006872 0.429817 0.902890 -0.158131 -0.399727 0.902891 -0.299065 -0.308785 0.902891 -0.394420 -0.170943 0.902891 0.168076 -0.779619 0.603278 0.147779 -0.685475 0.712941 0.011102 -0.694188 0.719708 0.012662 -0.791749 0.610716 -0.483017 -0.498715 0.719707 -0.637041 -0.276042 0.719707 0.637517 0.274946 0.719706 -0.694151 -0.013355 0.719705 0.694152 0.013286 0.719705 0.645939 -0.254528 0.719707 -0.646017 0.254332 0.719706 0.498044 -0.483708 0.719707 -0.497711 0.484053 0.719706 0.398848 -0.576744 0.712942 -0.275910 0.637100 0.719707 -0.011100 0.694189 0.719707 -0.255399 -0.645595 0.719707 -0.075834 -0.007304 0.997094 -0.075876 -0.004703 0.997106 -0.071126 0.026652 0.997111 -0.071487 0.025739 0.997109 -0.314682 0.726639 0.610713 -0.012662 0.791749 0.610715 -0.291295 -0.736325 0.610714 0.290951 0.736462 0.610713 -0.550898 -0.568805 0.610714 0.551880 0.567855 0.610712 
						-0.726565 -0.314853 0.610714 0.727194 0.313398 0.610714 -0.791700 -0.015568 0.610711 0.791701 0.015493 0.610712 0.736788 -0.290123 0.610715 -0.736901 0.289837 0.610714 0.567918 -0.551811 0.610716 -0.567477 0.552268 0.610713 0.453629 -0.655954 0.603278 0.071341 -0.026106 0.997110 0.071037 -0.026875 0.997112 0.053626 -0.053789 0.997111 0.052946 -0.054491 0.997110 -0.053161 0.054269 0.997110 -0.052129 0.055335 0.997106 0.044037 -0.063677 0.996998 0.044048 -0.063672 0.996998 -0.030176 0.069690 0.997112 -0.030180 0.069689 0.997112 0.016316 -0.075682 0.996998 0.016316 -0.075682 0.996998 0.001214 -0.075932 0.997112 0.001208 -0.075932 0.997112 -0.001214 0.075933 0.997112 -0.001214 0.075933 0.997112 -0.027936 -0.070616 0.997112 -0.027942 -0.070613 0.997112 0.027521 0.070783 0.997112 0.027187 0.070915 0.997112 -0.052833 -0.054550 0.997112 -0.052834 -0.054550 0.997112 0.054067 0.053358 0.997111 0.054954 0.052499 0.997108 -0.069599 -0.030385 0.997112 -0.069519 -0.030568 0.997112 0.070224 0.028944 0.997111 0.070604 0.028065 0.997109 0.075840 0.006943 0.997096 0.075880 0.004498 0.997107 0.000010 -0.000005 1.000000 0.000031 -0.000002 1.000000 0.000037 -0.000002 1.000000 0.000010 -0.000005 1.000000 0.000011 -0.000012 1.000000 0.000007 -0.000008 1.000000 0.000004 -0.000011 1.000000 0.000000 -0.000000 1.000000 -0.000000 -0.000004 1.000000 0.000000 -0.000000 1.000000 -0.000002 0.000007 1.000000 0.000000 0.000004 1.000000 0.000010 0.000020 1.000000 0.000007 0.000015 1.000000 0.000007 0.000006 1.000000 -0.000000 -0.000000 1.000000 -0.000015 -0.000005 1.000000 -0.000010 -0.000003 1.000000 -0.000016 0.000001 1.000000 -0.000007 0.000000 1.000000 -0.000003 0.000002 1.000000 -0.000003 0.000002 1.000000 -0.000004 0.000005 1.000000 -0.000013 0.000015 1.000000 -0.000014 0.000041 1.000000 
						-0.000014 0.000041 1.000000 0.000000 0.000009 1.000000 -0.000000 -0.000000 1.000000 -0.000000 -0.000000 1.000000 -0.000000 -0.000000 1.000000 -0.000000 -0.000000 1.000000 -0.000000 -0.000000 1.000000 0.000010 0.000004 1.000000 0.000015 0.000005 1.000000 -0.844734 0.400507 0.354991 -0.844736 0.400502 0.354991 -0.627177 0.693271 0.354999 -0.627177 0.693271 0.354999 -0.000000 -0.000000 1.000000 -0.000000 -0.000000 1.000000 -0.000020 0.000001 1.000000 -0.000025 0.000001 1.000000 0.400493 0.844736 0.355003 0.400492 0.844736 0.355003 0.693288 0.627155 0.355004 0.693292 0.627150 0.355004 0.627175 -0.693270 0.355004 0.627182 -0.693264 0.355004 0.314119 -0.880513 0.355001 0.314121 -0.880512 0.355001 -0.880516 -0.314099 0.355012 -0.880515 -0.314101 0.355012 -0.933696 0.046755 0.355000 -0.933696 0.046757 0.355000 0.933697 -0.046736 0.355000 0.933697 -0.046746 0.355000 0.844751 -0.400459 0.355004 0.844753 -0.400455 0.355004 -0.400506 -0.844730 0.355002 -0.400504 -0.844731 0.355002 -0.693270 -0.627175 0.355005 -0.693273 -0.627171 0.355005 -0.314122 0.880512 0.355001 -0.314118 0.880514 0.355001 0.804250 0.481004 0.349023 0.804249 0.481006 0.349022 -0.046752 -0.933695 0.355003 -0.046749 -0.933696 0.355003 0.046768 0.933695 0.355002 0.046766 0.933695 0.355002 0.927099 0.136646 0.349021 0.927099 0.136645 0.349021 0.569443 -0.028497 0.821537 0.676081 -0.033810 0.736051 0.611671 -0.289976 0.736052 0.515194 -0.244235 0.821537 0.000006 -0.000000 1.000000 0.000011 -0.000001 1.000000 0.000024 -0.000012 1.000000 0.000022 -0.000010 1.000000 0.000026 0.000009 1.000000 0.000032 0.000011 1.000000 -0.000024 0.000012 1.000000 -0.000029 0.000014 1.000000 0.000014 -0.000016 1.000000 0.000011 -0.000012 1.000000 -0.000009 0.000010 1.000000 -0.000005 0.000005 1.000000 0.000011 -0.000032 1.000000 
						0.000013 -0.000037 1.000000 -0.000006 0.000017 1.000000 -0.000002 0.000007 1.000000 0.000004 -0.000011 1.000000 0.000000 -0.000000 1.000000 0.000001 0.000012 1.000000 0.000001 0.000012 1.000000 0.000001 0.000025 1.000000 0.000001 0.000025 1.000000 0.000012 0.000024 1.000000 0.000014 0.000029 1.000000 0.000012 0.000024 1.000000 0.000014 0.000029 1.000000 -0.000000 -0.000000 1.000000 -0.000000 -0.000000 1.000000 -0.000000 -0.000000 1.000000 0.000004 0.000004 1.000000 -0.279265 -0.252652 0.926379 -0.422802 -0.382513 0.821537 -0.495718 -0.296498 0.816304 -0.328600 -0.196554 0.923790 -0.515184 0.244255 0.821538 -0.611656 0.290006 0.736052 -0.454129 0.501988 0.736053 -0.382500 0.422810 0.821538 0.454149 -0.501974 0.736051 0.382512 -0.422801 0.821537 -0.227458 0.637564 0.736054 -0.191589 0.536999 0.821539 0.227465 -0.637565 0.736051 0.191588 -0.537001 0.821537 0.033803 0.676079 0.736054 0.028490 0.569440 0.821539 -0.028489 -0.569442 0.821537 -0.033828 -0.676080 0.736052 -0.289977 -0.611672 0.736051 -0.244231 -0.515197 0.821537 0.289976 0.611670 0.736052 0.244242 0.515190 0.821538 -0.501974 -0.454149 0.736051 0.501983 0.454133 0.736055 0.422796 0.382516 0.821539 -0.587018 -0.351126 0.729466 0.637563 0.227465 0.736052 0.536999 0.191594 0.821538 -0.571452 -0.084217 0.816303 -0.676698 -0.099767 0.729470 -0.676078 0.033872 0.736051 -0.569440 0.028525 0.821538 0.003063 -0.008603 0.999958 -0.126544 0.354694 0.926379 0.018826 0.376120 0.926380 -0.000462 -0.009120 0.999958 0.279257 0.252659 0.926379 0.354693 0.126546 0.926379 -0.378806 -0.055828 0.923791 -0.376119 0.018836 0.926380 0.376121 -0.018823 0.926379 -0.340285 0.161328 0.926380 0.340288 -0.161325 0.926379 -0.252645 0.279270 0.926380 0.252657 -0.279260 0.926379 0.126557 -0.354689 0.926380 -0.018813 -0.376122 0.926379 
						-0.161313 -0.340294 0.926379 0.161318 0.340290 0.926380 -0.487648 0.024417 0.872699 -0.009121 0.000463 0.999958 -0.008251 0.003915 0.999958 -0.441183 0.209175 0.872699 0.000467 0.009120 0.999958 0.003916 0.008250 0.999958 -0.003051 0.008608 0.999958 -0.003928 -0.008244 0.999958 0.006785 0.006113 0.999958 -0.006779 -0.006119 0.999958 0.007997 0.004764 0.999957 -0.008604 -0.003064 0.999958 0.009203 0.001382 0.999957 0.009121 -0.000443 0.999958 0.008251 -0.003910 0.999958 0.006129 -0.006769 0.999958 -0.006117 0.006781 0.999958 -0.513857 -0.464853 0.721015 -0.362081 -0.327555 0.872700 -0.459869 -0.164058 0.872700 -0.652631 -0.232825 0.721016 0.441193 -0.209153 0.872699 0.327557 -0.362081 0.872699 -0.327547 0.362090 0.872699 0.164048 -0.459874 0.872699 -0.164042 0.459876 0.872699 -0.024417 -0.487647 0.872699 0.024411 0.487647 0.872699 0.209182 0.441179 0.872699 -0.209173 -0.441182 0.872700 0.362094 0.327544 0.872699 0.425235 0.254341 0.868611 0.490192 0.072270 0.868613 0.487647 -0.024405 0.872700 0.036015 0.719452 0.693608 0.034650 0.692051 0.721016 0.296855 0.626110 0.721016 0.308603 0.650901 0.693608 0.692400 0.102051 0.714260 0.692055 -0.034628 0.721014 -0.692053 0.034647 0.721015 0.626124 -0.296830 0.721013 -0.626116 0.296846 0.721014 0.464844 -0.513866 0.721014 -0.464844 0.513864 0.721015 0.232822 -0.652633 0.721016 -0.232804 0.652639 0.721016 -0.034639 -0.692053 0.721015 -0.296850 -0.626113 0.721015 0.513856 0.464854 0.721015 0.600646 0.359241 0.714262 -0.000246 0.000129 1.000000 -0.000250 0.000122 1.000000 -0.000182 0.000207 1.000000 -0.000179 0.000209 1.000000 -0.242019 0.678480 0.693608 -0.036026 -0.719453 0.693606 -0.308619 -0.650897 0.693605 0.534208 0.483250 0.693608 -0.534206 -0.483256 0.693604 0.623949 0.373199 0.686593 -0.678477 -0.242032 0.693606 
						0.719267 0.106031 0.686595 0.719456 -0.035990 0.693605 -0.719454 0.036015 0.693606 0.650907 -0.308591 0.693607 -0.650908 0.308595 0.693605 0.483262 -0.534197 0.693607 -0.483243 0.534215 0.693607 0.242054 -0.678468 0.693608 0.516739 0.467482 0.717245 0.522275 0.472500 0.709910 0.663345 0.236650 0.709909 0.656307 0.234146 0.717243 0.000251 -0.000119 1.000000 0.000251 -0.000119 1.000000 0.000209 -0.000186 1.000000 0.000203 -0.000191 1.000000 -0.000092 0.000259 1.000000 -0.000092 0.000259 1.000000 0.000115 -0.000254 1.000000 0.000108 -0.000257 1.000000 -0.000001 0.000277 1.000000 -0.000001 0.000277 1.000000 -0.000002 -0.000277 1.000000 0.000001 -0.000277 1.000000 -0.000081 -0.000268 1.000000 -0.000098 -0.000260 1.000000 0.000106 0.000258 1.000000 0.000106 0.000258 1.000000 -0.000202 -0.000193 1.000000 -0.000202 -0.000193 1.000000 0.000197 0.000198 1.000000 0.000202 0.000192 1.000000 -0.000239 -0.000161 1.000000 -0.000230 -0.000189 1.000000 0.000257 0.000108 1.000000 0.000261 0.000097 1.000000 -0.000282 -0.000042 1.000000 -0.000282 -0.000042 1.000000 -0.000279 0.000014 1.000000 -0.000279 0.000018 1.000000 0.000278 -0.000010 1.000000 0.000278 -0.000014 1.000000 -0.028325 -0.566132 0.823828 -0.034819 -0.695951 0.717245 -0.298502 -0.629645 0.717247 -0.242826 -0.512194 0.823829 -0.696223 -0.102618 0.710453 -0.703547 -0.103696 0.703043 -0.703412 0.035216 0.709909 -0.695952 0.034845 0.717243 0.703414 -0.035206 0.709908 0.695957 -0.034843 0.717238 -0.636390 0.301722 0.709910 -0.629643 0.298518 0.717242 0.636388 -0.301722 0.709912 0.629645 -0.298511 0.717243 -0.472490 0.522285 0.709910 -0.467481 0.516740 0.717246 0.472508 -0.522267 0.709911 0.467482 -0.516738 0.717247 -0.236657 0.663344 0.709908 -0.234143 0.656304 0.717246 0.236654 -0.663343 0.709909 0.234147 -0.656302 0.717247 
						0.035195 0.703414 0.709909 0.034822 0.695950 0.717246 -0.035197 -0.703413 0.709910 -0.301701 -0.636396 0.709913 0.301701 0.636400 0.709909 0.298482 0.629659 0.717243 -0.522267 -0.472506 0.709912 -0.516736 -0.467482 0.717248 -0.610305 -0.365049 0.703042 -0.603957 -0.361238 0.710452 -0.202198 0.095859 0.974642 -0.512191 0.242839 0.823826 -0.380286 0.420347 0.823827 -0.150122 0.165944 0.974641 0.190479 -0.533876 0.823829 0.028301 0.566131 0.823829 0.242807 0.512204 0.823828 -0.420347 -0.380283 0.823829 0.420355 0.380275 0.823828 -0.492868 -0.294794 0.818644 0.533882 0.190471 0.823827 -0.568169 -0.083721 0.818642 -0.566126 0.028351 0.823831 0.566135 -0.028345 0.823825 0.512197 -0.242824 0.823827 0.380277 -0.420351 0.823829 -0.190461 0.533883 0.823829 -0.223731 -0.202397 0.953404 0.165942 0.150121 0.974642 0.210760 0.075187 0.974642 -0.284152 -0.101377 0.953405 0.202197 -0.095858 0.974642 0.150127 -0.165936 0.974642 -0.075198 0.210757 0.974642 0.075198 -0.210756 0.974642 0.011158 0.223491 0.974642 -0.011184 -0.223491 0.974642 -0.095850 -0.202202 0.974642 0.095850 0.202201 0.974642 -0.165936 -0.150129 0.974642 -0.195602 -0.117004 0.973679 -0.225492 -0.033222 0.973678 -0.223482 0.011211 0.974643 0.223487 -0.011187 0.974643 -0.246611 0.691288 0.679193 -0.101372 0.284154 0.953404 0.015094 0.301317 0.953405 0.036716 0.733040 0.679194 0.303763 0.044796 0.951694 0.301318 -0.015060 0.953405 -0.301316 0.015084 0.953405 0.272604 -0.129255 0.953405 -0.272608 0.129244 0.953405 0.202404 -0.223725 0.953404 -0.202391 0.223736 0.953404 0.101367 -0.284156 0.953404 -0.015091 -0.301317 0.953405 0.129255 0.272604 0.953404 -0.129260 -0.272602 0.953404 0.223733 0.202394 0.953404 0.263518 0.157600 0.951693 -0.735923 0.348903 0.580245 -0.663199 0.314423 0.679194 -0.492389 0.544290 0.679192 
						-0.546384 0.603972 0.580244 -0.036702 -0.733040 0.679194 -0.314441 -0.663191 0.679194 0.314430 0.663197 0.679193 0.544286 0.492390 0.679194 -0.544287 -0.492389 0.679195 0.635491 0.380094 0.672071 -0.691282 -0.246623 0.679195 0.732567 0.107999 0.672073 0.733040 -0.036692 0.679195 -0.733039 0.036688 0.679196 0.663197 -0.314425 0.679195 0.492392 -0.544284 0.679194 0.246629 -0.691281 0.679194 0.737667 0.108713 0.666355 0.810946 0.119532 0.572782 0.813422 -0.040719 0.580247 0.738247 -0.036964 0.673517 0.546385 -0.603966 0.580249 0.273671 -0.767083 0.580249 -0.273659 0.767089 0.580246 -0.040738 -0.813420 0.580248 0.040729 0.813422 0.580246 0.348913 0.735917 0.580247 -0.348924 -0.735911 0.580248 0.603973 0.546380 0.580247 -0.603970 -0.546380 0.580249 0.703482 0.420753 0.572782 -0.767083 -0.273669 0.580249 -0.813422 0.040710 0.580248 0.735922 -0.348899 0.580249 -0.719431 0.036021 0.693629 -0.650886 0.308585 0.693630 0.719429 -0.036005 0.693632 0.650883 -0.308582 0.693634 -0.678454 -0.242028 0.693630 0.719243 0.106030 0.686621 -0.534192 -0.483237 0.693629 0.534195 0.483229 0.693632 0.623923 0.373197 0.686617 -0.308599 -0.650881 0.693629 0.308614 0.650869 0.693633 -0.036031 -0.719430 0.693630 -0.242016 0.678457 0.693631 0.036017 0.719428 0.693633 0.242042 -0.678448 0.693630 -0.483226 0.534199 0.693632 0.483253 -0.534174 0.693632 0.000010 0.000020 1.000000 0.000015 0.000031 1.000000 0.000000 0.000000 1.000000 -0.000006 -0.000006 1.000000 -0.696181 -0.248398 0.673521 -0.738247 0.036932 0.673519 0.667912 -0.316654 0.673516 -0.667904 0.316674 0.673514 0.495890 -0.548148 0.673518 -0.495867 0.548173 0.673515 0.248375 -0.696190 0.673520 -0.248376 0.696194 0.673516 -0.036963 -0.738245 0.673519 0.036967 0.738248 0.673516 0.316682 0.667898 0.673517 -0.316667 -0.667904 0.673518 
						0.548170 0.495868 0.673517 -0.548174 -0.495862 0.673518 0.639897 0.382760 0.666354 -0.688339 -0.101443 0.718261 -0.752707 -0.110941 0.648941 -0.753637 0.037763 0.656205 -0.687913 0.034449 0.724975 -0.000000 -0.000000 1.000000 -0.000000 -0.000000 1.000000 -0.000000 -0.000000 1.000000 -0.000003 -0.000001 1.000000 0.000008 0.000003 1.000000 0.000019 0.000007 1.000000 0.000003 -0.000000 1.000000 -0.000009 0.000000 1.000000 0.000043 -0.000002 1.000000 0.000037 -0.000002 1.000000 0.000034 -0.000016 1.000000 0.000023 -0.000011 1.000000 -0.000054 0.000026 1.000000 -0.000054 0.000026 1.000000 -0.000002 0.000002 1.000000 0.000000 -0.000000 1.000000 -0.000006 0.000007 1.000000 -0.000002 0.000002 1.000000 0.000015 -0.000043 1.000000 0.000023 -0.000065 1.000000 0.000009 -0.000025 1.000000 0.000006 -0.000016 1.000000 0.000006 -0.000016 1.000000 0.000008 -0.000022 1.000000 -0.000000 -0.000003 1.000000 0.000000 0.000009 1.000000 -0.000000 -0.000006 1.000000 -0.000000 -0.000000 1.000000 0.000011 0.000023 1.000000 0.000015 0.000031 1.000000 0.019561 0.391126 0.920129 0.034417 0.687921 0.724970 0.295041 0.622386 0.724974 0.167757 0.353860 0.920131 0.648733 0.231429 0.724974 0.710713 0.253555 0.656199 0.753641 -0.037741 0.656202 0.687916 -0.034424 0.724973 -0.681835 0.323264 0.656202 -0.622370 0.295066 0.724977 0.681840 -0.323256 0.656201 0.622367 -0.295064 0.724980 -0.506226 0.559584 0.656202 -0.462075 0.510776 0.724979 0.506226 -0.559573 0.656211 0.462083 -0.510770 0.724979 -0.253570 0.710707 0.656199 -0.231452 0.648723 0.724975 0.253596 -0.710693 0.656204 0.231463 -0.648722 0.724972 0.037699 0.753647 0.656198 -0.034412 -0.687917 0.724973 -0.037716 -0.753642 0.656202 -0.323242 -0.681845 0.656203 -0.295049 -0.622379 0.724976 0.323237 0.681846 0.656205 -0.559551 -0.506263 0.656201 
						-0.510762 -0.462101 0.724972 0.559560 0.506252 0.656202 0.510768 0.462090 0.724975 -0.652943 -0.390573 0.648937 -0.597106 -0.357163 0.718261 -0.028928 0.013710 0.999487 0.353849 -0.167764 0.920134 0.262727 -0.290400 0.920132 -0.021471 0.023745 0.999487 -0.167757 -0.353856 0.920132 -0.290405 -0.262731 0.920129 0.290399 0.262727 0.920132 -0.341631 -0.204357 0.917348 0.368839 0.131592 0.920131 -0.393832 -0.058041 0.917348 -0.391123 0.019575 0.920130 0.391122 -0.019560 0.920131 -0.353854 0.167762 0.920132 -0.262710 0.290410 0.920133 -0.131594 0.368837 0.920132 0.131606 -0.368839 0.920129 -0.019555 -0.391122 0.920131 -0.450352 -0.160673 0.878275 -0.030150 -0.010753 0.999488 -0.031973 0.001604 0.999487 -0.477563 0.023909 0.878272 0.021481 -0.023734 0.999487 0.010744 -0.030161 0.999487 -0.010745 0.030157 0.999487 -0.001612 -0.031979 0.999487 0.001614 0.031976 0.999487 0.013730 0.028924 0.999487 -0.013743 -0.028916 0.999487 0.023743 0.021472 0.999487 -0.023757 -0.021457 0.999487 0.028012 0.016750 0.999467 0.032287 0.004770 0.999467 0.031975 -0.001601 0.999487 0.028934 -0.013699 0.999487 0.312066 0.658157 0.685160 0.204869 0.432053 0.878271 0.354591 0.320786 0.878272 0.540158 0.488651 0.685164 0.477566 -0.023891 0.878271 0.432072 -0.204822 0.878272 -0.432066 0.204836 0.878272 0.320780 -0.354594 0.878273 -0.320777 0.354597 0.878273 0.160665 -0.450364 0.878270 -0.160654 0.450365 0.878272 -0.023928 -0.477566 0.878270 0.023935 0.477564 0.878271 -0.204878 -0.432043 0.878273 -0.354589 -0.320779 0.878275 0.416508 0.249151 0.874325 0.480143 0.070786 0.874329 -0.039196 0.043370 0.998290 -0.039215 0.043353 0.998290 -0.019663 0.055048 0.998290 -0.019694 0.055037 0.998290 -0.312052 -0.658157 0.685167 -0.540151 -0.488653 0.685168 0.630745 0.377311 0.678084 -0.686034 -0.244751 0.685167 
						0.727122 0.107185 0.678090 0.727480 -0.036392 0.685163 -0.727481 0.036415 0.685161 0.658175 -0.312023 0.685162 -0.658172 0.312036 0.685159 0.488657 -0.540155 0.685162 -0.488645 0.540163 0.685164 0.244746 -0.686040 0.685163 -0.244733 0.686044 0.685164 -0.036459 -0.727474 0.685165 0.036441 0.727479 0.685161 0.526677 -0.026362 0.849657 0.799281 -0.040008 0.599624 0.723128 -0.342834 0.599626 0.476497 -0.225907 0.849657 0.039209 -0.043340 0.998291 0.039224 -0.043326 0.998291 0.019638 -0.055050 0.998290 0.019638 -0.055050 0.998290 0.002884 0.058380 0.998290 0.002871 0.058380 0.998290 -0.002901 -0.058380 0.998290 -0.002898 -0.058380 0.998290 -0.024992 -0.052843 0.998290 -0.025022 -0.052829 0.998290 0.025020 0.052822 0.998290 0.025030 0.052817 0.998290 -0.043352 -0.039216 0.998290 -0.043340 -0.039229 0.998290 0.043340 0.039209 0.998291 0.043328 0.039223 0.998291 -0.051162 -0.030560 0.998223 -0.051137 -0.030631 0.998222 0.055044 0.019639 0.998291 0.055044 0.019639 0.998291 -0.058964 -0.008691 0.998222 -0.058964 -0.008691 0.998222 -0.058387 0.002945 0.998290 -0.058387 0.002933 0.998290 0.058369 -0.002923 0.998291 0.058369 -0.002923 0.998291 -0.052815 0.025063 0.998290 -0.052809 0.025077 0.998290 0.052809 -0.025035 0.998291 0.052809 -0.025035 0.998291 -0.129480 -0.117150 0.984637 -0.391046 -0.353791 0.849656 -0.458912 -0.274486 0.845019 -0.152696 -0.091334 0.984044 -0.476494 0.225919 0.849655 -0.723109 0.342872 0.599626 -0.536886 0.593465 0.599628 -0.353780 0.391053 0.849657 0.536887 -0.593464 0.599627 0.353778 -0.391053 0.849658 -0.268970 0.753725 0.599629 -0.177215 0.496666 0.849657 0.268915 -0.753743 0.599630 0.177208 -0.496666 0.849659 0.040004 0.799278 0.599628 0.026351 0.526676 0.849657 -0.026346 -0.526675 0.849658 -0.039984 -0.799277 0.599632 -0.342827 -0.723128 0.599630 
						-0.225896 -0.476500 0.849658 0.342803 0.723142 0.599627 0.225886 0.476508 0.849657 -0.593445 -0.536909 0.599626 0.593463 0.536892 0.599624 0.391057 0.353779 0.849656 -0.691546 -0.413640 0.592170 0.753750 0.268909 0.599623 0.496675 0.177195 0.849656 -0.529021 -0.077974 0.845019 -0.797199 -0.117504 0.592171 -0.799280 0.040018 0.599625 -0.526679 0.026376 0.849655 -0.030464 0.085371 0.995883 -0.058673 0.164457 0.984638 0.008715 0.174393 0.984638 0.004556 0.090529 0.995883 0.129479 0.117149 0.984638 0.164457 0.058672 0.984638 -0.176024 -0.025945 0.984044 -0.174393 0.008736 0.984637 0.174391 -0.008729 0.984638 -0.157777 0.074804 0.984637 0.157775 -0.074802 0.984638 -0.117136 0.129491 0.984638 0.117149 -0.129476 0.984638 0.058701 -0.164446 0.984638 -0.008715 -0.174393 0.984638 -0.074794 -0.157779 0.984638 0.074795 0.157780 0.984638 0.020111 -0.001008 0.999797 0.090530 -0.004538 0.995883 0.081902 -0.038837 0.995883 0.018190 -0.008638 0.999797 -0.004551 -0.090529 0.995883 -0.038836 -0.081902 0.995883 0.030491 -0.085362 0.995883 0.038840 0.081901 0.995883 -0.067197 -0.060834 0.995883 0.067197 0.060835 0.995883 -0.079297 -0.047443 0.995721 0.085373 0.030458 0.995883 -0.091420 -0.013462 0.995721 -0.090529 0.004538 0.995883 -0.081895 0.038850 0.995883 -0.060800 0.067228 0.995883 0.060830 -0.067201 0.995883 0.012716 0.009909 0.999870 -0.014901 -0.013543 0.999797 -0.017623 -0.010526 0.999789 0.014068 0.008414 0.999866 -0.018188 0.008640 0.999797 -0.013504 0.014936 0.999797 0.013538 -0.014907 0.999797 -0.006766 0.018965 0.999797 0.006822 -0.018945 0.999797 0.001091 0.020106 0.999797 -0.001066 -0.020108 0.999797 -0.008645 -0.018186 0.999797 0.008660 0.018179 0.999797 0.014888 0.013557 0.999797 0.018965 0.006766 0.999797 -0.020311 -0.002992 0.999789 -0.020110 0.001013 0.999797 
						-0.546381 0.259038 0.796472 -0.676005 0.320491 0.663553 -0.501901 0.554790 0.663554 -0.405661 0.448410 0.796472 -0.013105 -0.009478 0.999869 -0.015142 -0.005402 0.999871 0.016217 0.002390 0.999866 0.016057 -0.000804 0.999871 -0.016056 0.000809 0.999871 0.014527 -0.006888 0.999871 -0.014689 0.006545 0.999871 0.010786 -0.011923 0.999871 -0.009625 0.012972 0.999870 0.005593 -0.015074 0.999871 -0.004282 0.015542 0.999870 0.002341 -0.016214 0.999866 -0.002127 0.016204 0.999866 0.005985 0.014955 0.999870 -0.005792 -0.015047 0.999870 0.326153 0.296577 0.897589 0.447563 0.406599 0.796470 0.569518 0.203184 0.796470 0.415201 0.148127 0.897589 0.546249 -0.259316 0.796472 0.675840 -0.320830 0.663557 0.503080 -0.553719 0.663555 0.406607 -0.447554 0.796471 -0.251202 0.704693 0.663555 -0.203029 0.569571 0.796472 0.252231 -0.704324 0.663556 0.203912 -0.569256 0.796472 0.040474 0.747035 0.663552 0.032714 0.603794 0.796469 -0.032504 -0.603804 0.796470 -0.040181 -0.747049 0.663553 -0.321117 -0.675706 0.663555 -0.259587 -0.546121 0.796471 0.321200 0.675667 0.663554 0.259666 0.546085 0.796470 -0.554114 -0.502644 0.663556 -0.447844 -0.406285 0.796472 0.553781 0.503012 0.663555 -0.647492 -0.387278 0.656330 -0.525317 -0.314197 0.790773 0.704627 0.251386 0.663555 -0.605567 -0.089256 0.790773 -0.746410 -0.110014 0.656330 -0.747191 0.037400 0.663556 -0.603920 0.030228 0.796472 0.747191 -0.037398 0.663556 0.603921 -0.030230 0.796471 -0.017911 -0.322488 0.946404 -0.024007 -0.440181 0.897588 -0.189355 -0.398092 0.897590 -0.138847 -0.291614 0.946405 -0.442963 -0.065290 0.894159 -0.440279 0.022038 0.897591 0.440280 -0.022037 0.897590 -0.398331 0.188848 0.897590 0.398220 -0.189083 0.897591 -0.295741 0.326909 0.897590 0.296546 -0.326179 0.897590 -0.147996 0.415246 0.897590 0.148787 -0.414963 0.897590 
						0.024171 0.440172 0.897588 0.189446 0.398049 0.897590 -0.326408 -0.296294 0.897590 -0.384263 -0.229825 0.894160 -0.102638 0.048662 0.993528 -0.291842 0.138365 0.946406 -0.216677 0.239515 0.946406 -0.076203 0.084235 0.993528 0.109149 -0.303977 0.946406 0.018052 0.322479 0.946405 0.138932 0.291568 0.946407 -0.239056 -0.217182 0.946406 0.238819 0.217440 0.946406 -0.282032 -0.168688 0.944459 0.304199 0.108528 0.946406 -0.325117 -0.047920 0.944459 -0.322576 0.016146 0.946406 0.322576 -0.016143 0.946406 0.291741 -0.138575 0.946406 0.217386 -0.238870 0.946406 -0.108413 0.304241 0.946406 -0.096941 -0.086312 0.991541 0.083560 0.076945 0.993528 0.106983 0.038167 0.993528 -0.122248 -0.043613 0.991541 0.102540 -0.048868 0.993528 0.076871 -0.083630 0.993527 -0.038064 0.107023 0.993528 0.038798 -0.106758 0.993528 0.007484 0.113356 0.993526 -0.007364 -0.113363 0.993526 -0.049161 -0.102402 0.993528 0.049250 0.102355 0.993528 -0.083788 -0.076699 0.993527 -0.099369 -0.059432 0.993274 -0.114549 -0.016884 0.993274 -0.113448 0.005678 0.993528 0.113447 -0.005676 0.993528 -0.143699 0.405142 0.902890 -0.042954 0.122484 0.991540 0.004801 0.129718 0.991539 0.019712 0.429422 0.902889 0.130879 0.019290 0.991211 0.129632 -0.006490 0.991541 -0.129634 0.006489 0.991541 0.117284 -0.055599 0.991541 -0.117380 0.055399 0.991541 0.087074 -0.096252 0.991541 -0.086418 0.096849 0.991540 0.043718 -0.122209 0.991541 -0.004702 -0.129721 0.991539 0.055066 0.117536 0.991541 -0.054959 -0.117585 0.991541 0.096709 0.086569 0.991541 0.113533 0.067909 0.991211 -0.627467 0.297165 0.719707 -0.388529 0.183943 0.902890 -0.287717 0.319388 0.902890 -0.464985 0.515568 0.719707 -0.019625 -0.429425 0.902889 -0.183391 -0.388787 0.902891 0.183528 0.388725 0.902890 0.319287 0.287830 0.902890 -0.319539 -0.287549 0.902890 
						0.374778 0.224159 0.899608 -0.404875 -0.144446 0.902890 0.432033 0.063673 0.899607 0.429332 -0.021488 0.902891 -0.429333 0.021490 0.902890 0.388429 -0.184149 0.902891 0.288387 -0.318781 0.902891 0.144560 -0.404835 0.902890 0.789007 0.116295 0.603277 0.693729 0.102249 0.712941 0.693409 -0.034705 0.719708 0.790861 -0.039586 0.610714 0.465777 -0.514851 0.719709 0.233427 -0.653859 0.719709 -0.232306 0.654260 0.719707 -0.032460 -0.693519 0.719707 0.032540 0.693517 0.719705 0.296583 0.627742 0.719707 -0.296386 -0.627836 0.719706 0.515503 0.465058 0.719707 -0.515825 -0.464703 0.719705 0.601788 0.359956 0.712940 -0.653909 -0.233291 0.719707 -0.693410 0.034709 0.719707 0.627343 -0.297424 0.719708 0.002256 -0.076149 0.997094 -0.000299 -0.076022 0.997106 -0.031301 -0.069205 0.997111 -0.030398 -0.069633 0.997109 -0.745808 -0.266079 0.610715 -0.790861 0.039586 0.610714 0.715511 -0.339221 0.610715 -0.715669 0.338891 0.610713 0.531234 -0.587209 0.610717 -0.530226 0.588123 0.610715 0.266254 -0.745745 0.610716 -0.264747 0.746283 0.610713 -0.036669 -0.791004 0.610711 0.036770 0.790999 0.610712 0.338085 0.716049 0.610715 -0.337813 -0.716179 0.610712 0.588061 0.530294 0.610714 -0.588501 -0.529808 0.610712 0.684445 0.409379 0.603277 0.030756 0.069464 0.997110 0.031498 0.069112 0.997112 0.057208 0.049963 0.997111 0.057874 0.049226 0.997110 -0.057665 -0.049458 0.997110 -0.058656 -0.048363 0.997106 0.066443 0.039741 0.996998 0.066443 0.039741 0.996998 -0.071528 -0.025519 0.997112 -0.071528 -0.025518 0.997112 0.076594 0.011290 0.996998 0.076594 0.011289 0.996998 0.075847 -0.003797 0.997112 0.075847 -0.003796 0.997112 -0.075849 0.003796 0.997112 -0.075849 0.003796 0.997112 0.068620 -0.032533 0.997112 0.068626 -0.032520 0.997112 -0.068815 0.032127 0.997112 -0.068972 0.031794 0.997112 
						0.050948 -0.056316 0.997112 0.050958 -0.056307 0.997112 -0.049680 0.057465 0.997111 -0.048754 0.058302 0.997108 0.025742 -0.071447 0.997112 0.025886 -0.071396 0.997112 -0.024239 0.071984 0.997111 -0.023341 0.072304 0.997110 -0.001947 0.076134 0.997096 0.000525 0.076011 0.997107 0.034400 0.999408 0.000000 0.034404 0.999408 0.000000 0.034402 0.999408 -0.000000 0.034400 0.999408 -0.000000 0.034401 0.999408 0.000000 0.034402 0.999408 0.000000 0.034399 0.999408 -0.000000 0.034402 0.999408 -0.000000 0.034400 0.999408 -0.000000 0.034395 0.999408 -0.000000 0.034402 0.999408 -0.000000 0.034400 0.999408 0.000000 0.034401 0.999408 -0.000000 0.034400 0.999408 0.000000 0.034406 0.999408 0.000000 0.034400 0.999408 0.000000 0.034403 0.999408 0.000000 0.034399 0.999408 0.000000 0.034399 0.999408 0.000000 0.034398 0.999408 0.000000 0.034396 0.999408 0.000000 0.034400 0.999408 0.000000 0.034399 0.999408 0.000000 0.034400 0.999408 0.000000 0.034401 0.999408 0.000000 0.034388 0.999409 0.000000 0.034401 0.999408 0.000000 0.034399 0.999408 0.000000 0.034410 0.999408 0.000000 0.034400 0.999408 0.000000 0.034401 0.999408 -0.000000 0.034407 0.999408 0.000000 0.034400 0.999408 0.000000 0.034393 0.999408 0.000000 0.034408 0.999408 0.000000 0.034401 0.999408 -0.000000 0.034401 0.999408 0.000000 0.034396 0.999408 -0.000000 0.034399 0.999408 -0.000000 0.034400 0.999408 0.000000 0.034400 0.999408 -0.000000 0.034402 0.999408 0.000000 0.034402 0.999408 0.000000 0.034403 0.999408 0.000000 0.034402 0.999408 0.000000 0.034401 0.999408 0.000000 0.034400 0.999408 0.000000 0.034397 0.999408 0.000000 0.034401 0.999408 0.000000 0.034400 0.999408 -0.000000 0.034398 0.999408 0.000000 0.034400 0.999408 0.000000 0.034400 0.999408 0.000000 0.034400 0.999408 -0.000000 
						0.034401 0.999408 0.000000 0.034400 0.999408 -0.000000 0.034404 0.999408 -0.000000 0.034404 0.999408 0.000000 0.034401 0.999408 -0.000000 0.034402 0.999408 0.000000 0.034402 0.999408 0.000000 0.034400 0.999408 0.000000 0.034400 0.999408 0.000000 0.034401 0.999408 0.000000 0.034402 0.999408 0.000000 -0.055393 -0.998465 0.000000 -0.055182 -0.998476 0.000000 -0.054104 -0.998535 0.000000 -0.068140 -0.997676 0.000000 -0.083627 -0.996497 0.000000 -0.083632 -0.996497 0.000000 0.042185 -0.999110 0.000000 -0.049033 -0.998797 0.000000 -0.136341 -0.990662 0.000000 -0.135459 -0.990783 0.000000 -0.012302 -0.999924 0.000000 -0.042831 -0.999082 0.000000 -0.053208 -0.998583 0.000000 -0.061024 -0.998136 -0.000000 -0.069009 -0.997616 -0.000000 -0.054065 -0.998537 -0.000000 -0.049510 -0.998774 -0.000000 -0.052618 -0.998615 -0.000000 -0.006070 -0.999982 -0.000000 0.001149 -0.999999 -0.000000 -0.061546 -0.998104 -0.000000 -0.160446 -0.987045 -0.000000 -0.157562 -0.987509 -0.000000 -0.061139 -0.998129 -0.000000 -0.050355 -0.998731 0.000000 0.070249 -0.997529 0.000000 0.075474 -0.997148 0.000000 0.032257 -0.999480 0.000000 -0.089237 -0.996010 0.000000 -0.153134 -0.988205 0.000000 -0.071773 -0.997421 0.000000 -0.060312 -0.998180 0.000000 -0.060312 -0.998180 0.000000 -0.051004 -0.998698 0.000000 -0.054686 -0.998504 0.000000 -0.036335 -0.999340 -0.000000 -0.009714 -0.999953 -0.000000 -0.040866 -0.999165 0.000000 -0.045823 -0.998950 -0.000000 -0.049674 -0.998765 -0.000000 -0.051568 -0.998670 -0.000000 -0.045217 -0.998977 -0.000000 -0.044181 -0.999024 -0.000000 -0.040566 -0.999177 -0.000000 -0.045575 -0.998961 -0.000000 -0.051362 -0.998680 -0.000000 -0.044918 -0.998991 0.000000 -0.043845 -0.999038 0.000000 -0.066053 -0.997816 -0.000000 -0.071850 -0.997415 0.000000 -0.071335 -0.997452 0.000000 -0.070432 -0.997517 -0.000000 -0.074986 -0.997185 -0.000000 
						-0.077525 -0.996990 -0.000000 -0.080089 -0.996788 0.000000 -0.050084 -0.998745 -0.000000 -0.066301 -0.997800 0.000000 -0.071844 -0.997416 -0.000000 -0.071237 -0.997459 0.000000 -0.077360 -0.997003 0.000000 -0.079884 -0.996804 -0.000000 -0.064569 -0.997913 -0.000000 -0.189125 -0.981953 -0.000000 -0.010890 -0.999941 -0.000000 0.257937 -0.966162 -0.000000 0.362270 -0.638020 0.679478 0.363141 -0.639554 0.677569 0.200094 -0.752047 0.628003 0.200035 -0.751827 0.628285 0.479831 -0.288703 0.828500 0.494968 -0.297810 0.816281 0.432334 -0.126795 0.892754 0.463349 -0.135891 0.875695 -0.566882 -0.341078 0.749874 -0.632874 -0.380783 0.674148 -0.581100 -0.170424 0.795788 -0.494221 -0.144944 0.857168 -0.403263 -0.710216 0.577037 -0.420596 -0.740743 0.523831 -0.221310 -0.831791 0.509064 -0.224346 -0.843201 0.488549 -0.569624 -0.342728 -0.747038 -0.635077 -0.382109 -0.671320 -0.573400 -0.168166 -0.801831 -0.478014 -0.140192 -0.867092 -0.404047 -0.711597 -0.574783 -0.419622 -0.739028 -0.527025 -0.220537 -0.828882 -0.514120 -0.223293 -0.839243 -0.495794 0.361341 -0.636384 -0.681504 0.362446 -0.638331 -0.679093 0.201055 -0.755664 -0.623337 0.201027 -0.755558 -0.623475 0.482230 -0.290145 -0.826602 0.496371 -0.298653 -0.815121 0.442957 -0.129910 -0.887081 0.470335 -0.137940 -0.871641 -0.415642 -0.824141 -0.384750 -0.408275 -0.809533 -0.421863 -0.121807 -0.984682 -0.124759 -0.122461 -0.989971 -0.070429 0.120668 -0.975474 0.184089 0.121565 -0.982725 0.139547 0.355318 -0.840162 0.409729 0.350668 -0.829165 0.435336 -0.415885 -0.823695 0.385443 -0.408495 -0.809059 0.422559 -0.121801 -0.984634 0.125145 -0.122458 -0.989946 0.070784 0.120679 -0.975571 -0.183571 0.121572 -0.982787 -0.139104 0.354187 -0.841408 -0.408147 0.349602 -0.830516 -0.433615 0.336245 -0.168085 0.926654 0.337088 -0.168507 0.926270 0.042514 -0.004831 0.999084 0.044002 -0.005000 0.999019 
						-0.195045 -0.022163 0.980544 -0.192096 -0.021828 0.981133 -0.413969 -0.173087 0.893684 -0.418628 -0.175035 0.891131 0.333429 -0.164786 -0.928262 0.334251 -0.165191 -0.927895 0.042402 -0.004818 -0.999089 0.043838 -0.004981 -0.999026 -0.194799 -0.022135 -0.980593 -0.191818 -0.021796 -0.981188 -0.413901 -0.173129 -0.893707 -0.418560 -0.175077 -0.891154 -0.522112 -0.635105 -0.569246 -0.516365 -0.628115 -0.582098 -0.501709 -0.318591 0.804231 -0.504681 -0.320478 0.801618 0.437651 -0.707371 0.555056 0.434669 -0.702551 0.563458 0.446465 -0.369784 -0.814818 0.449068 -0.371940 -0.812403 -0.522260 -0.634113 0.570215 -0.516513 -0.627135 0.583023 -0.501695 -0.318783 -0.804164 -0.504654 -0.320663 -0.801561 0.448787 -0.378647 0.809454 0.451426 -0.380873 0.806939 0.436010 -0.710019 -0.552962 0.433113 -0.705302 -0.561215 
					</float_array>
					<technique_common>
						<accessor count="4316" offset="0" source="#meshId0-bitangents-array" stride="3">
							<param name="X" type="float" />
							<param name="Y" type="float" />
							<param name="Z" type="float" />
						</accessor>
					</technique_common>
				</source>
				<source id="meshId0-tex0" name="meshId0-tex0">
					<float_array id="meshId0-tex0-array" count="8632"> 
						0.382225 0.162744 0.361539 0.165415 0.351163 0.124866 0.371019 0.117300 0.191432 0.193539 0.250186 0.067170 0.278913 0.084377 0.265005 0.033305 0.303660 0.053554 0.297530 0.061187 0.261496 0.041243 0.352640 0.293943 0.335415 0.283137 0.352693 0.246406 0.371962 0.253048 0.218039 0.057772 0.223593 0.022455 0.222316 0.030768 0.247496 0.376134 0.240784 0.356757 0.277771 0.339651 0.288638 0.356885 0.184749 0.056411 0.181755 0.021577 0.182486 0.029787 0.110091 0.372637 0.118063 0.352801 0.158932 0.363861 0.156116 0.384736 0.152304 0.062884 0.141456 0.030188 0.144031 0.037897 0.012902 0.270068 0.032517 0.262391 0.051999 0.299782 0.034726 0.312413 0.122440 0.076642 0.104535 0.047576 0.108770 0.054436 0.010642 0.134760 0.030024 0.141065 0.021337 0.180902 0.000874 0.179134 0.096671 0.096848 0.072692 0.072744 0.078354 0.078432 0.093531 0.030406 0.104535 0.047576 0.072692 0.072744 0.058137 0.058571 0.076286 0.122412 0.047444 0.104427 0.054250 0.108675 0.226253 0.001378 0.223593 0.022455 0.181755 0.021577 0.179470 0.000874 0.062331 0.152017 0.030024 0.141065 0.037645 0.143660 0.331776 0.086899 0.349498 0.074252 0.055572 0.184154 0.021337 0.180902 
						0.029405 0.181690 0.361749 0.206753 0.382225 0.208718 0.056477 0.217150 0.021876 0.222143 0.030078 0.220977 0.309785 0.314708 0.324226 0.329012 0.065170 0.249174 0.032517 0.262391 0.040165 0.259309 0.200539 0.365050 0.202653 0.385679 0.081285 0.278318 0.051999 0.299782 0.058775 0.294773 0.080526 0.331887 0.067612 0.348600 0.104127 0.302486 0.080526 0.331887 0.085412 0.325804 0.021876 0.222143 0.001303 0.224980 0.132692 0.319527 0.118063 0.352801 0.121494 0.345104 0.047444 0.104427 0.030056 0.093926 0.164659 0.328911 0.158932 0.363861 0.160258 0.355635 0.141456 0.030188 0.134586 0.010816 0.197811 0.330381 0.200539 0.365050 0.199873 0.356876 0.230199 0.324076 0.240784 0.356757 0.238272 0.349050 0.260088 0.310492 0.277771 0.339651 0.273590 0.332769 0.285952 0.290430 0.309785 0.314708 0.304168 0.308980 0.306473 0.264956 0.335415 0.283137 0.328550 0.278827 0.320555 0.235383 0.352693 0.246406 0.345148 0.243813 0.303660 0.053554 0.316595 0.036766 0.327477 0.203239 0.361749 0.206753 0.353666 0.205895 0.326725 0.170161 0.361539 0.165415 0.353287 0.166518 0.265005 0.033305 0.272889 0.013048 0.318113 0.137984 0.351163 0.124866 0.343419 0.127918 
						0.301949 0.108669 0.331776 0.086899 0.324781 0.092035 0.144565 0.548507 0.144432 0.594611 0.108544 0.594486 0.108700 0.548407 0.685410 0.548641 0.685473 0.594961 0.649392 0.595023 0.649339 0.548669 0.288324 0.548701 0.288269 0.594976 0.252254 0.594905 0.252321 0.548678 0.829355 0.548404 0.829498 0.594584 0.793531 0.594699 0.793412 0.548494 0.037009 0.548137 0.036809 0.594195 0.000948 0.594031 0.001158 0.547966 0.180453 0.548586 0.180342 0.594722 0.721450 0.548608 0.721525 0.594887 0.324363 0.548718 0.324319 0.595036 0.865283 0.548292 0.865449 0.594456 0.072851 0.548284 0.072672 0.594347 0.613245 0.548693 0.613287 0.595073 0.577166 0.595111 0.577134 0.548713 0.216369 0.548643 0.216281 0.594820 0.360431 0.548731 0.360398 0.595083 0.901203 0.548156 0.901390 0.594315 0.757446 0.548562 0.757543 0.594799 0.396524 0.548740 0.396501 0.595118 0.937133 0.547995 0.937330 0.594162 0.685408 0.545821 0.685409 0.546996 0.649338 0.547023 0.649337 0.545848 0.288324 0.545883 0.288324 0.547057 0.252313 0.547037 0.252309 0.545865 0.829348 0.545594 0.829351 0.546765 0.793408 0.546854 0.793405 0.545683 0.432634 0.545919 0.432634 0.547096 0.396524 0.547093 
						0.396524 0.545916 0.037027 0.545346 0.037020 0.546511 0.001053 0.546303 0.000977 0.545114 0.577133 0.545889 0.577133 0.547066 0.541011 0.547080 0.541011 0.545902 0.180458 0.545779 0.180456 0.546948 0.144569 0.546870 0.144572 0.545701 0.721460 0.545791 0.721457 0.546965 0.324364 0.545899 0.324363 0.547074 0.865273 0.545485 0.865277 0.546655 0.468755 0.545918 0.468755 0.547095 0.072862 0.545483 0.072857 0.546651 0.613244 0.545870 0.613244 0.547046 0.216371 0.545833 0.216370 0.547004 0.360432 0.545909 0.360432 0.547085 0.901187 0.545359 0.901193 0.546526 0.504883 0.545912 0.504883 0.547090 0.757442 0.545748 0.757444 0.546921 0.108708 0.545603 0.108705 0.546771 0.937315 0.545137 0.937239 0.546329 0.685406 0.543362 0.649335 0.543387 0.288325 0.543426 0.252306 0.543411 0.829341 0.543143 0.793400 0.543231 0.432634 0.543457 0.396524 0.543455 0.037041 0.542902 0.000876 0.542631 0.577132 0.543426 0.541010 0.543439 0.180462 0.543330 0.144578 0.543254 0.721463 0.543335 0.324364 0.543440 0.865265 0.543037 0.468755 0.543454 0.072871 0.543040 0.613242 0.543408 0.216373 0.543383 0.360432 0.543449 0.901173 0.542910 0.504882 0.543449 0.757439 0.543295 
						0.108716 0.543158 0.937417 0.542649 0.288325 0.540932 0.252308 0.540921 0.829335 0.540656 0.793395 0.540743 0.432634 0.540957 0.396524 0.540956 0.037057 0.540423 0.000900 0.540104 0.577130 0.540926 0.541009 0.540938 0.180467 0.540846 0.144584 0.540771 0.721460 0.540842 0.685405 0.540866 0.324365 0.540945 0.865257 0.540552 0.468755 0.540954 0.072880 0.540560 0.613241 0.540909 0.216376 0.540897 0.360433 0.540951 0.901158 0.540425 0.504882 0.540948 0.757436 0.540806 0.108723 0.540677 0.649334 0.540889 0.937394 0.540116 0.829329 0.538308 0.793390 0.538394 0.432633 0.538597 0.396525 0.538597 0.037072 0.538083 0.001008 0.537724 0.577130 0.538567 0.541008 0.538578 0.180471 0.538501 0.144589 0.538428 0.721458 0.538489 0.685403 0.538510 0.324366 0.538589 0.288326 0.538578 0.865249 0.538206 0.468754 0.538594 0.072888 0.538220 0.613239 0.538550 0.216378 0.538550 0.360433 0.538594 0.901142 0.538080 0.504881 0.538588 0.757432 0.538456 0.108730 0.538334 0.649332 0.538532 0.252309 0.538571 0.937286 0.537731 0.432632 0.535585 0.396524 0.535587 0.037093 0.535094 0.001279 0.534720 0.577128 0.535554 0.541007 0.535565 0.180475 0.535507 0.144596 0.535436 
						0.721454 0.535486 0.685401 0.535502 0.324366 0.535582 0.288326 0.535574 0.865238 0.535212 0.829321 0.535312 0.468753 0.535581 0.072898 0.535232 0.613238 0.535539 0.216380 0.535554 0.360434 0.535585 0.901122 0.535085 0.504880 0.535575 0.757428 0.535456 0.108738 0.535344 0.649330 0.535523 0.252310 0.535571 0.793384 0.535396 0.937016 0.534720 0.472290 0.384960 0.507938 0.240331 0.541514 0.253065 0.571067 0.273464 0.594879 0.300343 0.611567 0.332139 0.620161 0.367005 0.620161 0.402915 0.611567 0.437781 0.594879 0.469577 0.571067 0.496456 0.541514 0.516855 0.507938 0.529589 0.472290 0.533917 0.436642 0.529589 0.403066 0.516855 0.373513 0.496456 0.349701 0.469577 0.333013 0.437781 0.324419 0.402915 0.324419 0.367005 0.333013 0.332139 0.349701 0.300343 0.373513 0.273464 0.403066 0.253065 0.436642 0.240331 0.472290 0.236003 0.297530 0.061187 0.281754 0.080844 0.251938 0.063648 0.261496 0.041243 0.218677 0.054345 0.222316 0.030768 0.184496 0.053161 0.182486 0.029787 0.151315 0.059901 0.144031 0.037897 0.120822 0.074021 0.108770 0.054436 0.094520 0.094682 0.078354 0.078432 0.073698 0.120795 0.054250 0.108675 0.059418 0.151029 0.037645 0.143660 
						0.052449 0.183871 0.029405 0.181690 0.053263 0.217663 0.030078 0.220977 0.062093 0.250554 0.040165 0.259309 0.078343 0.280776 0.058775 0.294773 0.101209 0.306117 0.085412 0.325804 0.130925 0.322942 0.121494 0.345104 0.163987 0.332254 0.160258 0.355635 0.198021 0.333594 0.199873 0.356876 0.231149 0.327052 0.238272 0.349050 0.261677 0.313124 0.273590 0.332769 0.288095 0.292618 0.304168 0.308980 0.309088 0.266597 0.328550 0.278827 0.323436 0.236375 0.345148 0.243813 0.330606 0.203554 0.353666 0.205895 0.329985 0.169686 0.353287 0.166518 0.321281 0.136622 0.343419 0.127918 0.305001 0.106204 0.324781 0.092035 0.685410 0.548641 0.685409 0.547187 0.721453 0.547156 0.721450 0.548608 0.649339 0.548669 0.649338 0.547214 0.613245 0.548693 0.613244 0.547237 0.577134 0.548713 0.577133 0.547256 0.541012 0.548728 0.541011 0.547271 0.504884 0.548738 0.504883 0.547281 0.468756 0.548743 0.468755 0.547286 0.432634 0.548744 0.432634 0.547287 0.396524 0.548740 0.396524 0.547284 0.360431 0.548731 0.360432 0.547276 0.324363 0.548718 0.324363 0.547264 0.288324 0.548701 0.288324 0.547248 0.252321 0.548678 0.252317 0.547227 0.216369 0.548643 0.216370 0.547194 
						0.180453 0.548586 0.180456 0.547138 0.144565 0.548507 0.144569 0.547060 0.108700 0.548407 0.108704 0.546961 0.072851 0.548284 0.072857 0.546839 0.037009 0.548137 0.037017 0.546695 0.001158 0.547966 0.001064 0.546506 0.901203 0.548156 0.901196 0.546711 0.937228 0.546532 0.937133 0.547995 0.865283 0.548292 0.865278 0.546844 0.829355 0.548404 0.829351 0.546955 0.793412 0.548494 0.793408 0.547044 0.757446 0.548562 0.757444 0.547111 0.281754 0.080844 0.280324 0.082623 0.251056 0.065422 0.251938 0.063648 0.218356 0.056072 0.218677 0.054345 0.184624 0.054799 0.184496 0.053161 0.151814 0.061405 0.151315 0.059901 0.121638 0.075343 0.120822 0.074021 0.095605 0.095774 0.094520 0.094682 0.075003 0.121610 0.073698 0.120795 0.060886 0.151527 0.059418 0.151029 0.054024 0.184014 0.052449 0.183871 0.054883 0.217405 0.053263 0.217663 0.063644 0.249859 0.062093 0.250554 0.079825 0.279539 0.078343 0.280776 0.102678 0.304289 0.101209 0.306117 0.131814 0.321222 0.130925 0.322942 0.164325 0.330569 0.163987 0.332254 0.197915 0.331974 0.198021 0.333594 0.230669 0.325552 0.231149 0.327052 0.260876 0.311797 0.261677 0.313124 0.287014 0.291515 0.288095 0.292618 
						0.307769 0.265769 0.309088 0.266597 0.321983 0.235875 0.323436 0.236375 0.329029 0.203395 0.330606 0.203554 0.328341 0.169925 0.329985 0.169686 0.319685 0.137308 0.321281 0.136622 0.303463 0.107445 0.305001 0.106204 0.685409 0.547187 0.685409 0.546996 0.721457 0.546965 0.721453 0.547156 0.649338 0.547214 0.649338 0.547023 0.613244 0.547237 0.613244 0.547046 0.577133 0.547256 0.577133 0.547066 0.541011 0.547271 0.541011 0.547080 0.504883 0.547281 0.504883 0.547090 0.468755 0.547286 0.468755 0.547095 0.432634 0.547287 0.432634 0.547096 0.396524 0.547284 0.396524 0.547093 0.360432 0.547276 0.360432 0.547085 0.324363 0.547264 0.324363 0.547074 0.288324 0.547248 0.288324 0.547057 0.252317 0.547227 0.252313 0.547037 0.216370 0.547194 0.216370 0.547004 0.180456 0.547138 0.180456 0.546948 0.144569 0.547060 0.144569 0.546870 0.108704 0.546961 0.108705 0.546771 0.072857 0.546839 0.072857 0.546651 0.037017 0.546695 0.037020 0.546511 0.001064 0.546506 0.001053 0.546303 0.901196 0.546711 0.901193 0.546526 0.937239 0.546329 0.937228 0.546532 0.865278 0.546844 0.865277 0.546655 0.829351 0.546955 0.829351 0.546765 0.793408 0.547044 0.793408 0.546854 
						0.757444 0.547111 0.757444 0.546921 0.303463 0.107445 0.301949 0.108669 0.278913 0.084377 0.280324 0.082623 0.319685 0.137308 0.318113 0.137984 0.328341 0.169925 0.326725 0.170161 0.329029 0.203395 0.327477 0.203239 0.321983 0.235875 0.320555 0.235383 0.307769 0.265769 0.306473 0.264956 0.287014 0.291515 0.285952 0.290430 0.260876 0.311797 0.260088 0.310492 0.230669 0.325552 0.230199 0.324076 0.197915 0.331974 0.197811 0.330381 0.164325 0.330569 0.164659 0.328911 0.131814 0.321222 0.132692 0.319527 0.102678 0.304289 0.104127 0.302486 0.079825 0.279539 0.081285 0.278318 0.063644 0.249859 0.065170 0.249174 0.054883 0.217405 0.056477 0.217150 0.054024 0.184014 0.055572 0.184154 0.060886 0.151527 0.062331 0.152017 0.075003 0.121610 0.076286 0.122412 0.095605 0.095774 0.096671 0.096848 0.121638 0.075343 0.122440 0.076642 0.151814 0.061405 0.152304 0.062884 0.184624 0.054799 0.184749 0.056411 0.218356 0.056072 0.218039 0.057772 0.251056 0.065422 0.250186 0.067170 0.541032 0.595137 0.541012 0.548728 0.504893 0.595151 0.504884 0.548738 0.468755 0.595152 0.468756 0.548743 0.432622 0.595141 0.432634 0.548744 0.866204 0.495298 0.869062 0.495298 
						0.869062 0.498853 0.866205 0.498853 0.863347 0.495298 0.863347 0.498854 0.860489 0.495298 0.860490 0.498854 0.903353 0.495297 0.906211 0.495297 0.906211 0.498853 0.903353 0.498853 0.900496 0.495297 0.900496 0.498853 0.897638 0.495297 0.897638 0.498853 0.894780 0.495297 0.894780 0.498853 0.891923 0.495297 0.891923 0.498853 0.889065 0.495297 0.889065 0.498853 0.886208 0.495297 0.886208 0.498853 0.883350 0.495297 0.883350 0.498853 0.880492 0.495297 0.880493 0.498853 0.877635 0.495298 0.877635 0.498853 0.874777 0.495298 0.874778 0.498853 0.871920 0.495298 0.871920 0.498853 0.877635 0.492249 0.877635 0.495298 0.874777 0.495298 0.874777 0.492249 0.894780 0.488620 0.894780 0.492249 0.891923 0.492249 0.891923 0.488620 0.866204 0.492249 0.866204 0.495298 0.863347 0.495298 0.863346 0.492249 0.897638 0.492249 0.897638 0.495297 0.894780 0.495297 0.894780 0.492249 0.883350 0.492249 0.883350 0.495297 0.880492 0.495297 0.880492 0.492249 0.903353 0.492249 0.903353 0.495297 0.900496 0.495297 0.900496 0.492249 0.889065 0.492249 0.889065 0.495297 0.886208 0.495297 0.886208 0.492249 0.871920 0.495298 0.871919 0.492249 0.860489 0.495298 0.860489 0.492249 
						0.891923 0.495297 0.891923 0.492249 0.869062 0.492249 0.869062 0.495298 0.906211 0.492249 0.906211 0.495297 0.880492 0.483344 0.880492 0.488620 0.877634 0.488620 0.877634 0.483344 0.869061 0.488620 0.869062 0.492249 0.866204 0.492249 0.866203 0.488620 0.871919 0.488620 0.871919 0.492249 0.889065 0.492249 0.889065 0.488620 0.863346 0.492249 0.863346 0.488621 0.886208 0.492249 0.886207 0.488620 0.860489 0.492249 0.860488 0.488621 0.883350 0.492249 0.883350 0.488620 0.906211 0.488620 0.906211 0.492249 0.903353 0.492249 0.903353 0.488620 0.880492 0.492249 0.880492 0.488620 0.900496 0.492249 0.900496 0.488620 0.877635 0.492249 0.877634 0.488620 0.897638 0.492249 0.897638 0.488620 0.874777 0.492249 0.874777 0.488620 0.863344 0.477723 0.863345 0.483345 0.860487 0.483345 0.860487 0.477723 0.900496 0.483344 0.900496 0.488620 0.897638 0.488620 0.897638 0.483344 0.874777 0.488620 0.874776 0.483344 0.894780 0.488620 0.894780 0.483344 0.871919 0.488620 0.871918 0.483344 0.891923 0.488620 0.891923 0.483344 0.869061 0.483344 0.869061 0.488620 0.866203 0.488620 0.866203 0.483344 0.889065 0.488620 0.889065 0.483344 0.863346 0.488621 0.886207 0.488620 
						0.886207 0.483344 0.860488 0.488621 0.883350 0.488620 0.883349 0.483344 0.906211 0.483344 0.906211 0.488620 0.903353 0.488620 0.903354 0.483344 0.894780 0.473399 0.894780 0.477722 0.891923 0.477722 0.891923 0.473400 0.886207 0.477723 0.883349 0.477723 0.906212 0.477723 0.903354 0.477722 0.880491 0.477723 0.900496 0.477722 0.877633 0.477723 0.897638 0.477722 0.874776 0.477723 0.871918 0.477723 0.869060 0.477723 0.866202 0.477723 0.889065 0.477722 0.880491 0.469988 0.880491 0.473400 0.877633 0.473400 0.877633 0.469988 0.869060 0.473400 0.866202 0.473400 0.871917 0.473400 0.889065 0.473400 0.863344 0.473400 0.886207 0.473400 0.860486 0.473400 0.883349 0.473400 0.906212 0.473400 0.903354 0.473400 0.900496 0.473400 0.897638 0.473400 0.874775 0.473400 0.886206 0.465620 0.886207 0.469988 0.883349 0.469988 0.883348 0.465620 0.900496 0.469988 0.897638 0.469988 0.874775 0.469988 0.894780 0.469988 0.871917 0.469988 0.891922 0.469988 0.869059 0.469988 0.866201 0.469988 0.889065 0.469988 0.863343 0.469989 0.860486 0.469989 0.906212 0.469988 0.903354 0.469988 0.869058 0.462499 0.869059 0.465620 0.866201 0.465620 0.866200 0.462499 0.906212 0.465619 
						0.903354 0.465619 0.880491 0.465620 0.900496 0.465619 0.877633 0.465620 0.897638 0.465619 0.874775 0.465620 0.894780 0.465619 0.871917 0.465620 0.891922 0.465619 0.889064 0.465619 0.863343 0.465620 0.860485 0.465620 0.900496 0.454646 0.900496 0.458487 0.897638 0.458487 0.897638 0.454646 0.871916 0.462499 0.891922 0.462499 0.889064 0.462499 0.863342 0.462500 0.886206 0.462499 0.860484 0.462500 0.883348 0.462499 0.906212 0.462499 0.903354 0.462499 0.880490 0.462499 0.900496 0.462499 0.877632 0.462499 0.897638 0.462499 0.874774 0.462499 0.894780 0.462499 0.886206 0.452403 0.886206 0.454647 0.883348 0.454647 0.883348 0.452403 0.877632 0.454647 0.877632 0.458487 0.874774 0.458487 0.874774 0.454647 0.894780 0.458487 0.894780 0.454646 0.871916 0.458487 0.871915 0.454647 0.891922 0.458487 0.891922 0.454646 0.869057 0.454647 0.869058 0.458487 0.866200 0.458488 0.866199 0.454647 0.889064 0.458487 0.889064 0.454647 0.863342 0.458488 0.863341 0.454647 0.886206 0.458487 0.886206 0.454647 0.860484 0.458488 0.860483 0.454647 0.883348 0.458487 0.883348 0.454647 0.906213 0.454646 0.906212 0.458487 0.903354 0.458487 0.903355 0.454646 0.880490 0.458487 
						0.880490 0.454647 0.869057 0.450996 0.869057 0.452403 0.866199 0.452403 0.866199 0.450996 0.906213 0.452402 0.906213 0.454646 0.903355 0.454646 0.903355 0.452402 0.880490 0.454647 0.880490 0.452403 0.900496 0.454646 0.900496 0.452402 0.877632 0.454647 0.877632 0.452403 0.897638 0.454646 0.897638 0.452403 0.874774 0.454647 0.874773 0.452403 0.894780 0.454646 0.894780 0.452402 0.871915 0.454647 0.871915 0.452403 0.891922 0.454646 0.891922 0.452403 0.869057 0.454647 0.866199 0.454647 0.889064 0.454647 0.889064 0.452403 0.863341 0.454647 0.863341 0.452403 0.860483 0.454647 0.860483 0.452403 0.900496 0.449313 0.900496 0.450995 0.897638 0.450995 0.897638 0.449313 0.871915 0.450996 0.891922 0.450995 0.889064 0.450995 0.863341 0.450996 0.886206 0.450996 0.860483 0.450996 0.883348 0.450996 0.906213 0.450996 0.903355 0.450995 0.880490 0.450996 0.877631 0.450996 0.874773 0.450996 0.894780 0.450995 0.886206 0.447764 0.886206 0.449313 0.883348 0.449313 0.883348 0.447764 0.877631 0.449313 0.874773 0.449313 0.894780 0.449313 0.871915 0.449313 0.891922 0.449313 0.869057 0.449313 0.866199 0.449313 0.889064 0.449313 0.863341 0.449313 0.860483 0.449313 
						0.906213 0.449313 0.903355 0.449313 0.880489 0.449313 0.871915 0.445949 0.871915 0.447764 0.869057 0.447764 0.869057 0.445949 0.906213 0.447764 0.903355 0.447764 0.880489 0.447764 0.900497 0.447764 0.877631 0.447764 0.897638 0.447764 0.874773 0.447764 0.894780 0.447764 0.891922 0.447764 0.866199 0.447765 0.889064 0.447764 0.863340 0.447765 0.860482 0.447765 0.877631 0.443105 0.877631 0.445949 0.874773 0.445949 0.874773 0.443105 0.891922 0.445949 0.889064 0.445949 0.866198 0.445949 0.863340 0.445949 0.886206 0.445949 0.860482 0.445949 0.883347 0.445949 0.906213 0.445949 0.903355 0.445949 0.880489 0.445949 0.900497 0.445949 0.897638 0.445949 0.894780 0.445949 0.906213 0.438661 0.906213 0.443105 0.903355 0.443105 0.903355 0.438661 0.897638 0.443105 0.894780 0.443105 0.871915 0.443106 0.891922 0.443105 0.869056 0.443106 0.866198 0.443106 0.889064 0.443105 0.863340 0.443106 0.886206 0.443105 0.860482 0.443106 0.883347 0.443105 0.880489 0.443105 0.900497 0.443105 0.880490 0.458487 0.877632 0.458487 0.903354 0.458487 0.900496 0.458487 0.883348 0.458487 0.906212 0.458487 0.886206 0.458487 0.863342 0.458488 0.860484 0.458488 0.889064 0.458487 
						0.866200 0.458488 0.891922 0.458487 0.871916 0.458487 0.869058 0.458487 0.894780 0.458487 0.874774 0.458487 0.897638 0.458487 0.877631 0.437543 0.877631 0.438661 0.874773 0.438661 0.874772 0.437543 0.883347 0.438661 0.880489 0.438661 0.900497 0.438661 0.877631 0.438661 0.897638 0.438661 0.874773 0.438661 0.894780 0.438661 0.871914 0.438661 0.891922 0.438661 0.869056 0.438661 0.866198 0.438661 0.889064 0.438661 0.863340 0.438661 0.886206 0.438661 0.860481 0.438661 0.906213 0.436499 0.906213 0.437543 0.903355 0.437543 0.903355 0.436499 0.897638 0.437543 0.897638 0.438661 0.894780 0.438661 0.894780 0.437543 0.871914 0.438661 0.871914 0.437543 0.891922 0.438661 0.891922 0.437543 0.869056 0.437543 0.869056 0.438661 0.866198 0.438661 0.866198 0.437543 0.889064 0.438661 0.889064 0.437543 0.863340 0.438661 0.863340 0.437543 0.886206 0.438661 0.886205 0.437543 0.860481 0.438661 0.860481 0.437543 0.883347 0.438661 0.883347 0.437543 0.906213 0.437543 0.906213 0.438661 0.903355 0.438661 0.903355 0.437543 0.880489 0.438661 0.880489 0.437543 0.900497 0.438661 0.900497 0.437543 0.891922 0.435757 0.891922 0.436499 0.889064 0.436499 0.889064 0.435757 
						0.883347 0.436499 0.883347 0.437543 0.880489 0.437543 0.880489 0.436499 0.900497 0.437543 0.900497 0.436499 0.877631 0.437543 0.877631 0.436499 0.897638 0.437543 0.897638 0.436499 0.874772 0.437543 0.874772 0.436499 0.894780 0.437543 0.894780 0.436499 0.871914 0.437543 0.871914 0.436499 0.891922 0.437543 0.869056 0.436499 0.869056 0.437543 0.866198 0.437543 0.866198 0.436499 0.889064 0.437543 0.863340 0.437543 0.863340 0.436499 0.886205 0.437543 0.886205 0.436499 0.860481 0.437543 0.860481 0.436499 0.877631 0.434590 0.877631 0.435757 0.874772 0.435757 0.874772 0.434590 0.866198 0.435757 0.863340 0.435757 0.886205 0.435757 0.860481 0.435757 0.883347 0.435757 0.906213 0.435757 0.903355 0.435757 0.880489 0.435757 0.900497 0.435757 0.897638 0.435757 0.894780 0.435757 0.871914 0.435757 0.869056 0.435757 0.883347 0.433519 0.883347 0.434590 0.880489 0.434590 0.880489 0.433519 0.897638 0.434590 0.894780 0.434590 0.871914 0.434590 0.891922 0.434590 0.869056 0.434590 0.866198 0.434590 0.889064 0.434590 0.863340 0.434590 0.886205 0.434590 0.860481 0.434590 0.906213 0.434590 0.903355 0.434590 0.900497 0.434590 0.866198 0.432045 0.866198 0.433519 
						0.863340 0.433519 0.863340 0.432045 0.903355 0.433519 0.900497 0.433519 0.877631 0.433519 0.897638 0.433519 0.874772 0.433519 0.894780 0.433519 0.871914 0.433519 0.891922 0.433519 0.869056 0.433519 0.889064 0.433519 0.886205 0.433519 0.860481 0.433519 0.906213 0.433519 0.897638 0.415232 0.897638 0.432045 0.894780 0.432045 0.894780 0.415232 0.889064 0.432045 0.886205 0.432045 0.860481 0.432045 0.883347 0.432045 0.906213 0.432045 0.903355 0.432045 0.880489 0.432045 0.900497 0.432045 0.877631 0.432045 0.897638 0.432045 0.874773 0.432045 0.894780 0.432045 0.871914 0.432045 0.891922 0.432045 0.869056 0.432045 0.880489 0.413612 0.880489 0.415232 0.877631 0.415232 0.877631 0.413612 0.874772 0.415232 0.874773 0.432045 0.871914 0.432045 0.871914 0.415232 0.891922 0.432045 0.891922 0.415232 0.869056 0.415232 0.869056 0.432045 0.866198 0.432045 0.866198 0.415232 0.889064 0.432045 0.889064 0.415232 0.863340 0.432045 0.863340 0.415232 0.886205 0.432045 0.886205 0.415232 0.860481 0.432045 0.860481 0.415233 0.883347 0.432045 0.883347 0.415232 0.906213 0.415232 0.906213 0.432045 0.903355 0.432045 0.903355 0.415232 0.880489 0.432045 0.880489 0.415232 
						0.900497 0.432045 0.900497 0.415232 0.877631 0.432045 0.877631 0.415232 0.863340 0.412284 0.863340 0.413612 0.860481 0.413612 0.860481 0.412284 0.900497 0.413612 0.900497 0.415232 0.897638 0.415232 0.897638 0.413612 0.874772 0.415232 0.874772 0.413612 0.894780 0.415232 0.894780 0.413612 0.871914 0.415232 0.871914 0.413612 0.891922 0.415232 0.891922 0.413612 0.869056 0.413612 0.869056 0.415232 0.866198 0.415232 0.866198 0.413612 0.889064 0.415232 0.889064 0.413612 0.863340 0.415232 0.886205 0.415232 0.886205 0.413612 0.860481 0.415233 0.883347 0.415232 0.883347 0.413612 0.906213 0.413612 0.906213 0.415232 0.903355 0.415232 0.903355 0.413612 0.894780 0.404133 0.894780 0.412284 0.891922 0.412284 0.891922 0.404133 0.886205 0.412284 0.883347 0.412284 0.906213 0.412283 0.903355 0.412284 0.880489 0.412284 0.900497 0.412284 0.877631 0.412284 0.897638 0.412284 0.874773 0.412284 0.871914 0.412284 0.869056 0.412284 0.866198 0.412284 0.889064 0.412284 0.880489 0.392064 0.880489 0.404133 0.877631 0.404133 0.877631 0.392064 0.869056 0.404133 0.866198 0.404133 0.871914 0.404133 0.889064 0.404133 0.863340 0.404133 0.886206 0.404133 0.860481 0.404133 
						0.883347 0.404133 0.906213 0.404133 0.903355 0.404133 0.900497 0.404133 0.897638 0.404133 0.874772 0.404133 0.863340 0.050293 0.863340 0.392065 0.860481 0.392065 0.860482 0.050293 0.900497 0.392065 0.897638 0.392065 0.874773 0.392065 0.894780 0.392065 0.871914 0.392065 0.891922 0.392065 0.869056 0.392065 0.866198 0.392064 0.889064 0.392064 0.886206 0.392064 0.883347 0.392064 0.906213 0.392065 0.903355 0.392065 0.900498 0.047860 0.900498 0.050300 0.897640 0.050300 0.897640 0.047859 0.886207 0.050294 0.883347 0.050294 0.906215 0.050300 0.903356 0.050300 0.880490 0.050294 0.900498 0.050300 0.877631 0.050294 0.897640 0.050300 0.874774 0.050292 0.894781 0.050300 0.871915 0.050301 0.891923 0.050299 0.869056 0.050297 0.866198 0.050288 0.889066 0.050286 0.886207 0.045021 0.886207 0.047853 0.883347 0.047853 0.883347 0.045021 0.877631 0.047853 0.877631 0.050294 0.874774 0.050292 0.874774 0.047852 0.894781 0.050300 0.894781 0.047859 0.871915 0.050301 0.871915 0.047860 0.891923 0.050299 0.891923 0.047859 0.869056 0.047857 0.869056 0.050297 0.866198 0.050288 0.866198 0.047847 0.889066 0.050286 0.889066 0.047846 0.863340 0.050293 0.863340 0.047853 
						0.886207 0.050294 0.860482 0.050293 0.860482 0.047853 0.883347 0.050294 0.906215 0.047859 0.906215 0.050300 0.903356 0.050300 0.903356 0.047860 0.880490 0.050294 0.880490 0.047853 0.869056 0.042546 0.869056 0.045024 0.866198 0.045015 0.866198 0.042536 0.906215 0.045027 0.903356 0.045027 0.880490 0.045021 0.900498 0.045027 0.877631 0.045021 0.897640 0.045027 0.874774 0.045019 0.894781 0.045027 0.871915 0.045028 0.891923 0.045026 0.889066 0.045013 0.863340 0.045020 0.860482 0.045020 0.900498 0.040512 0.900498 0.042549 0.897640 0.042549 0.897640 0.040512 0.871915 0.042550 0.891923 0.042548 0.889066 0.042535 0.863340 0.042542 0.886207 0.042543 0.860482 0.042542 0.883347 0.042543 0.906215 0.042549 0.903356 0.042549 0.880490 0.042543 0.877631 0.042543 0.874774 0.042541 0.894781 0.042549 0.886207 0.038258 0.886207 0.040506 0.883347 0.040506 0.883347 0.038258 0.877631 0.040506 0.874774 0.040504 0.894781 0.040512 0.871914 0.040513 0.891923 0.040511 0.869056 0.040509 0.866198 0.040499 0.889066 0.040498 0.863340 0.040505 0.860482 0.040505 0.906215 0.040512 0.903356 0.040512 0.880490 0.040506 0.871914 0.035526 0.871914 0.038265 0.869056 0.038262 
						0.869056 0.035522 0.906215 0.038264 0.903356 0.038264 0.880490 0.038258 0.900498 0.038264 0.877631 0.038258 0.897640 0.038264 0.874774 0.038256 0.894781 0.038264 0.891923 0.038264 0.866198 0.038252 0.889066 0.038250 0.863340 0.038257 0.860482 0.038257 0.877631 0.032378 0.877631 0.035519 0.874774 0.035517 0.874774 0.032376 0.891923 0.035524 0.889066 0.035511 0.866198 0.035513 0.863340 0.035518 0.886207 0.035519 0.860482 0.035518 0.883347 0.035519 0.906215 0.035525 0.903356 0.035525 0.880490 0.035519 0.900498 0.035525 0.897640 0.035525 0.894781 0.035525 0.906215 0.029539 0.906215 0.032384 0.903356 0.032384 0.903356 0.029539 0.897640 0.032384 0.894781 0.032384 0.871915 0.032385 0.891923 0.032383 0.869056 0.032381 0.866198 0.032371 0.889066 0.032370 0.863340 0.032377 0.886207 0.032378 0.860482 0.032377 0.883347 0.032378 0.880490 0.032378 0.900498 0.032384 0.891923 0.000891 0.891924 0.029538 0.889066 0.029525 0.889066 0.000877 0.883347 0.029533 0.880490 0.029533 0.900498 0.029539 0.877631 0.029533 0.897640 0.029539 0.874774 0.029531 0.894781 0.029539 0.871914 0.029540 0.891924 0.029538 0.869056 0.029536 0.866198 0.029526 0.889066 0.029525 
						0.863340 0.029532 0.886207 0.029533 0.860482 0.029532 0.866198 0.000878 0.866198 0.029526 0.863340 0.029532 0.863340 0.000884 0.886207 0.029533 0.886207 0.000885 0.860482 0.029532 0.860482 0.000884 0.883347 0.029533 0.883347 0.000885 0.906215 0.000892 0.906215 0.029539 0.903356 0.029539 0.903357 0.000892 0.880490 0.029533 0.880490 0.000885 0.900498 0.029539 0.900498 0.000892 0.877631 0.029533 0.877631 0.000885 0.897640 0.029539 0.897640 0.000892 0.874774 0.029531 0.874774 0.000883 0.894781 0.029539 0.894781 0.000892 0.871914 0.029540 0.871914 0.000893 0.869056 0.000889 0.869056 0.029536 0.944890 0.995272 0.947747 0.995272 0.947748 0.998827 0.944890 0.998827 0.942032 0.995272 0.942033 0.998827 0.939175 0.995272 0.939175 0.998827 0.982037 0.995271 0.984895 0.995271 0.984895 0.998826 0.982037 0.998826 0.979180 0.995271 0.979180 0.998826 0.976322 0.995271 0.976322 0.998826 0.973465 0.995271 0.973465 0.998826 0.970607 0.995271 0.970607 0.998826 0.967750 0.995271 0.967750 0.998826 0.964892 0.995271 0.964893 0.998826 0.962035 0.995271 0.962035 0.998827 0.959177 0.995271 0.959177 0.998827 0.956320 0.995271 0.956320 0.998827 0.953462 0.995271 
						0.953463 0.998827 0.950605 0.995271 0.950605 0.998827 0.956320 0.992223 0.956320 0.995271 0.953462 0.995271 0.953462 0.992223 0.973464 0.988594 0.973465 0.992222 0.970607 0.992222 0.970607 0.988594 0.944890 0.992223 0.944890 0.995272 0.942032 0.995272 0.942032 0.992223 0.976322 0.992223 0.976322 0.995271 0.973465 0.995271 0.973465 0.992222 0.962035 0.992223 0.962035 0.995271 0.959177 0.995271 0.959177 0.992223 0.982037 0.992223 0.982037 0.995271 0.979180 0.995271 0.979180 0.992222 0.967750 0.992223 0.967750 0.995271 0.964892 0.995271 0.964892 0.992223 0.950605 0.995271 0.950604 0.992223 0.939175 0.995272 0.939174 0.992223 0.970607 0.995271 0.970607 0.992222 0.947747 0.992223 0.947747 0.995272 0.984895 0.992223 0.984895 0.995271 0.959176 0.983319 0.959177 0.988594 0.956319 0.988594 0.956319 0.983319 0.947747 0.988595 0.947747 0.992223 0.944890 0.992223 0.944889 0.988595 0.950604 0.988594 0.950604 0.992223 0.967750 0.992223 0.967749 0.988594 0.942032 0.992223 0.942031 0.988595 0.964892 0.992223 0.964892 0.988594 0.939174 0.992223 0.939174 0.988595 0.962035 0.992223 0.962034 0.988594 0.984895 0.988594 0.984895 0.992223 0.982037 0.992223 
						0.982037 0.988594 0.959177 0.992223 0.959177 0.988594 0.979180 0.992222 0.979180 0.988594 0.956320 0.992223 0.956319 0.988594 0.976322 0.992223 0.976322 0.988594 0.953462 0.992223 0.953462 0.988594 0.942030 0.977698 0.942031 0.983319 0.939173 0.983319 0.939172 0.977698 0.979180 0.983318 0.979180 0.988594 0.976322 0.988594 0.976322 0.983318 0.953462 0.988594 0.953461 0.983319 0.973464 0.988594 0.973464 0.983318 0.950604 0.988594 0.950604 0.983319 0.970607 0.988594 0.970607 0.983318 0.947746 0.983319 0.947747 0.988595 0.944889 0.988595 0.944888 0.983319 0.967749 0.988594 0.967749 0.983318 0.942031 0.988595 0.964892 0.988594 0.964892 0.983318 0.939174 0.988595 0.962034 0.988594 0.962034 0.983318 0.984895 0.983318 0.984895 0.988594 0.982037 0.988594 0.982038 0.983318 0.973465 0.973374 0.973464 0.977697 0.970607 0.977697 0.970607 0.973374 0.964892 0.977697 0.962034 0.977697 0.984895 0.977697 0.982038 0.977697 0.959176 0.977697 0.979180 0.977697 0.956318 0.977697 0.976322 0.977697 0.953461 0.977697 0.950603 0.977697 0.947745 0.977698 0.944888 0.977698 0.967749 0.977697 0.959176 0.969963 0.959176 0.973375 0.956318 0.973375 0.956318 0.969963 
						0.947745 0.973375 0.944887 0.973375 0.950603 0.973375 0.967749 0.973374 0.942029 0.973375 0.964891 0.973375 0.939172 0.973375 0.962034 0.973375 0.984896 0.973374 0.982038 0.973374 0.979180 0.973374 0.976322 0.973374 0.953460 0.973375 0.964891 0.965595 0.964891 0.969963 0.962033 0.969963 0.962033 0.965595 0.979180 0.969963 0.976322 0.969962 0.953460 0.969963 0.973464 0.969962 0.950602 0.969963 0.970607 0.969963 0.947745 0.969963 0.944887 0.969963 0.967749 0.969963 0.942029 0.969963 0.939171 0.969963 0.984896 0.969963 0.982038 0.969963 0.947744 0.962475 0.947744 0.965595 0.944886 0.965595 0.944886 0.962475 0.984896 0.965595 0.982038 0.965595 0.959175 0.965595 0.979180 0.965595 0.956318 0.965595 0.976322 0.965595 0.953460 0.965595 0.973464 0.965595 0.950602 0.965595 0.970607 0.965595 0.967749 0.965595 0.942029 0.965595 0.939171 0.965595 0.979180 0.954622 0.979180 0.958462 0.976322 0.958462 0.976322 0.954622 0.950602 0.962475 0.970607 0.962474 0.967749 0.962474 0.942028 0.962475 0.964891 0.962474 0.939170 0.962475 0.962033 0.962474 0.984896 0.962474 0.982038 0.962474 0.959175 0.962474 0.979180 0.962474 0.956317 0.962474 0.976322 0.962474 
						0.953460 0.962474 0.973465 0.962474 0.964890 0.952378 0.964891 0.954622 0.962033 0.954622 0.962033 0.952378 0.956317 0.954622 0.956317 0.958463 0.953459 0.958463 0.953459 0.954622 0.973464 0.958462 0.973464 0.954622 0.950601 0.958463 0.950601 0.954622 0.970606 0.958462 0.970606 0.954622 0.947743 0.954622 0.947743 0.958463 0.944885 0.958463 0.944885 0.954622 0.967749 0.958462 0.967749 0.954622 0.942027 0.958463 0.942027 0.954622 0.964891 0.958462 0.964891 0.954622 0.939170 0.958463 0.939169 0.954623 0.962033 0.958463 0.962033 0.954622 0.984896 0.954622 0.984896 0.958462 0.982038 0.958462 0.982038 0.954622 0.959175 0.958463 0.959175 0.954622 0.947742 0.950972 0.947743 0.952379 0.944885 0.952379 0.944885 0.950972 0.984896 0.952378 0.984896 0.954622 0.982038 0.954622 0.982038 0.952378 0.959175 0.954622 0.959175 0.952378 0.979180 0.954622 0.979180 0.952378 0.956317 0.954622 0.956317 0.952378 0.976322 0.954622 0.976322 0.952378 0.953459 0.954622 0.953459 0.952378 0.973464 0.954622 0.973464 0.952378 0.950601 0.954622 0.950601 0.952379 0.970606 0.954622 0.970606 0.952378 0.947743 0.954622 0.944885 0.954622 0.967749 0.954622 0.967748 0.952378 
						0.942027 0.954622 0.942027 0.952379 0.939169 0.954623 0.939169 0.952379 0.979180 0.949289 0.979180 0.950971 0.976322 0.950971 0.976322 0.949289 0.950600 0.950972 0.970606 0.950971 0.967749 0.950971 0.942026 0.950972 0.964890 0.950971 0.939168 0.950972 0.962032 0.950971 0.984896 0.950971 0.982038 0.950971 0.959175 0.950971 0.956317 0.950971 0.953458 0.950971 0.973464 0.950971 0.964890 0.947740 0.964890 0.949289 0.962032 0.949289 0.962032 0.947740 0.956316 0.949289 0.953458 0.949289 0.973464 0.949289 0.950600 0.949289 0.970606 0.949289 0.947742 0.949289 0.944884 0.949289 0.967748 0.949289 0.942026 0.949289 0.939168 0.949289 0.984897 0.949289 0.982038 0.949289 0.959174 0.949289 0.950600 0.945925 0.950600 0.947740 0.947742 0.947741 0.947742 0.945925 0.984897 0.947740 0.982039 0.947740 0.959174 0.947740 0.979180 0.947740 0.956316 0.947740 0.976322 0.947740 0.953458 0.947740 0.973464 0.947740 0.970606 0.947740 0.944884 0.947741 0.967748 0.947740 0.942026 0.947741 0.939168 0.947741 0.956316 0.943082 0.956316 0.945925 0.953458 0.945925 0.953458 0.943082 0.970606 0.945925 0.967748 0.945925 0.944884 0.945925 0.942026 0.945925 0.964890 0.945925 
						0.939168 0.945925 0.962032 0.945925 0.984897 0.945925 0.982039 0.945925 0.959174 0.945925 0.979180 0.945925 0.976322 0.945925 0.973464 0.945925 0.984897 0.938637 0.984897 0.943081 0.982039 0.943081 0.982039 0.938637 0.976322 0.943081 0.973464 0.943081 0.950600 0.943082 0.970606 0.943081 0.947742 0.943082 0.944884 0.943082 0.967748 0.943082 0.942026 0.943082 0.964890 0.943082 0.939168 0.943082 0.962032 0.943082 0.959174 0.943082 0.979181 0.943081 0.959175 0.958463 0.956317 0.958463 0.982038 0.958462 0.979180 0.958462 0.962033 0.958463 0.984896 0.958462 0.964891 0.958462 0.942027 0.958463 0.939170 0.958463 0.967749 0.958462 0.944885 0.958463 0.970606 0.958462 0.950601 0.958463 0.947743 0.958463 0.973464 0.958462 0.953459 0.958463 0.976322 0.958462 0.956316 0.937519 0.956316 0.938637 0.953458 0.938637 0.953458 0.937519 0.962032 0.938637 0.959174 0.938637 0.979181 0.938637 0.956316 0.938637 0.976322 0.938637 0.953458 0.938637 0.973464 0.938637 0.950600 0.938637 0.970606 0.938637 0.947741 0.938638 0.944883 0.938638 0.967748 0.938637 0.942025 0.938638 0.964890 0.938637 0.939167 0.938637 0.984897 0.936475 0.984897 0.937519 0.982039 0.937519 
						0.982039 0.936475 0.976322 0.937519 0.976322 0.938637 0.973464 0.938637 0.973464 0.937519 0.950600 0.938637 0.950599 0.937519 0.970606 0.938637 0.970606 0.937519 0.947741 0.937519 0.947741 0.938638 0.944883 0.938638 0.944883 0.937520 0.967748 0.938637 0.967748 0.937519 0.942025 0.938638 0.942025 0.937520 0.964890 0.938637 0.964890 0.937519 0.939167 0.938637 0.939167 0.937520 0.962032 0.938637 0.962032 0.937519 0.984897 0.937519 0.984897 0.938637 0.982039 0.938637 0.982039 0.937519 0.959174 0.938637 0.959174 0.937519 0.979181 0.938637 0.979181 0.937519 0.970606 0.935733 0.970606 0.936475 0.967748 0.936475 0.967748 0.935733 0.962032 0.936475 0.962032 0.937519 0.959174 0.937519 0.959174 0.936475 0.979181 0.937519 0.979181 0.936475 0.956316 0.937519 0.956316 0.936475 0.976322 0.937519 0.976322 0.936475 0.953458 0.937519 0.953458 0.936475 0.973464 0.937519 0.973464 0.936475 0.950599 0.937519 0.950599 0.936475 0.970606 0.937519 0.947741 0.936475 0.947741 0.937519 0.944883 0.937520 0.944883 0.936476 0.967748 0.937519 0.942025 0.937520 0.942025 0.936476 0.964890 0.937519 0.964890 0.936475 0.939167 0.937520 0.939167 0.936475 0.956316 0.934566 
						0.956316 0.935733 0.953458 0.935733 0.953458 0.934566 0.944883 0.935734 0.942025 0.935734 0.964890 0.935733 0.939167 0.935734 0.962032 0.935733 0.984897 0.935733 0.982039 0.935733 0.959174 0.935733 0.979181 0.935733 0.976322 0.935733 0.973464 0.935733 0.950599 0.935734 0.947741 0.935734 0.962032 0.933496 0.962032 0.934566 0.959174 0.934566 0.959174 0.933496 0.976322 0.934566 0.973464 0.934566 0.950599 0.934566 0.970606 0.934566 0.947741 0.934566 0.944883 0.934566 0.967748 0.934566 0.942025 0.934566 0.964890 0.934566 0.939167 0.934566 0.984897 0.934566 0.982039 0.934566 0.979181 0.934566 0.944883 0.932022 0.944883 0.933496 0.942025 0.933496 0.942025 0.932022 0.982039 0.933495 0.979181 0.933495 0.956316 0.933496 0.976322 0.933495 0.953458 0.933496 0.973464 0.933495 0.950599 0.933496 0.970606 0.933495 0.947741 0.933496 0.967748 0.933496 0.964890 0.933496 0.939167 0.933496 0.984897 0.933496 0.976322 0.915210 0.976322 0.932022 0.973464 0.932022 0.973464 0.915210 0.967748 0.932022 0.964890 0.932022 0.939167 0.932022 0.962032 0.932022 0.984897 0.932022 0.982039 0.932022 0.959174 0.932022 0.979181 0.932022 0.956316 0.932022 0.976322 0.932022 
						0.953458 0.932022 0.973464 0.932022 0.950599 0.932022 0.970606 0.932022 0.947741 0.932022 0.959174 0.913589 0.959174 0.915210 0.956316 0.915210 0.956316 0.913589 0.953458 0.915210 0.953458 0.932022 0.950599 0.932022 0.950599 0.915210 0.970606 0.932022 0.970606 0.915210 0.947741 0.915210 0.947741 0.932022 0.944883 0.932022 0.944883 0.915210 0.967748 0.932022 0.967748 0.915210 0.942025 0.932022 0.942025 0.915210 0.964890 0.932022 0.964890 0.915210 0.939167 0.932022 0.939167 0.915210 0.962032 0.932022 0.962032 0.915210 0.984897 0.915210 0.984897 0.932022 0.982039 0.932022 0.982039 0.915210 0.959174 0.932022 0.959174 0.915210 0.979181 0.932022 0.979181 0.915210 0.956316 0.932022 0.956316 0.915210 0.942025 0.912262 0.942025 0.913590 0.939167 0.913590 0.939167 0.912262 0.979181 0.913589 0.979181 0.915210 0.976322 0.915210 0.976322 0.913589 0.953458 0.915210 0.953458 0.913589 0.973464 0.915210 0.973464 0.913589 0.950599 0.915210 0.950600 0.913589 0.970606 0.915210 0.970606 0.913589 0.947741 0.913590 0.947741 0.915210 0.944883 0.915210 0.944883 0.913590 0.967748 0.915210 0.967748 0.913589 0.942025 0.915210 0.964890 0.915210 0.964890 0.913589 
						0.939167 0.915210 0.962032 0.915210 0.962032 0.913589 0.984897 0.913589 0.984897 0.915210 0.982039 0.915210 0.982039 0.913589 0.973464 0.904111 0.973464 0.912261 0.970606 0.912261 0.970606 0.904111 0.964890 0.912261 0.962032 0.912261 0.984897 0.912261 0.982039 0.912261 0.959174 0.912261 0.979181 0.912261 0.956316 0.912261 0.976322 0.912261 0.953458 0.912261 0.950599 0.912261 0.947741 0.912261 0.944883 0.912261 0.967748 0.912261 0.959174 0.892043 0.959174 0.904111 0.956316 0.904111 0.956316 0.892043 0.947741 0.904111 0.944883 0.904111 0.950600 0.904111 0.967748 0.904111 0.942025 0.904111 0.964890 0.904111 0.939167 0.904111 0.962032 0.904111 0.984897 0.904111 0.982039 0.904111 0.979181 0.904111 0.976323 0.904111 0.953458 0.904111 0.942026 0.550287 0.942025 0.892043 0.939167 0.892043 0.939167 0.550287 0.979181 0.892043 0.976323 0.892043 0.953458 0.892043 0.973464 0.892043 0.950599 0.892044 0.970606 0.892043 0.947741 0.892043 0.944883 0.892043 0.967748 0.892043 0.964890 0.892043 0.962032 0.892043 0.984897 0.892043 0.982039 0.892043 0.979182 0.547854 0.979182 0.550294 0.976324 0.550294 0.976324 0.547854 0.964892 0.550288 0.962032 0.550288 
						0.984898 0.550294 0.982040 0.550294 0.959175 0.550288 0.979182 0.550294 0.956316 0.550288 0.976324 0.550294 0.953459 0.550286 0.973465 0.550294 0.950600 0.550295 0.970608 0.550293 0.947742 0.550291 0.944884 0.550282 0.967750 0.550280 0.964892 0.545015 0.964892 0.547848 0.962032 0.547848 0.962032 0.545015 0.956316 0.547848 0.956316 0.550288 0.953459 0.550286 0.953459 0.547846 0.973465 0.550294 0.973465 0.547854 0.950600 0.550295 0.950600 0.547855 0.970608 0.550293 0.970608 0.547853 0.947742 0.547851 0.947742 0.550291 0.944884 0.550282 0.944884 0.547842 0.967750 0.550280 0.967750 0.547840 0.942026 0.550287 0.942026 0.547847 0.964892 0.550288 0.939167 0.550287 0.939167 0.547847 0.962032 0.550288 0.984898 0.547854 0.984898 0.550294 0.982040 0.550294 0.982040 0.547854 0.959175 0.550288 0.959175 0.547848 0.947742 0.542541 0.947742 0.545019 0.944884 0.545009 0.944884 0.542531 0.984898 0.545021 0.982040 0.545022 0.959175 0.545015 0.979182 0.545021 0.956316 0.545015 0.976324 0.545022 0.953459 0.545014 0.973465 0.545021 0.950600 0.545022 0.970608 0.545021 0.967750 0.545007 0.942026 0.545015 0.939167 0.545015 0.979182 0.540507 0.979182 0.542543 
						0.976324 0.542543 0.976324 0.540507 0.950600 0.542544 0.970608 0.542543 0.967750 0.542529 0.942026 0.542536 0.964892 0.542537 0.939167 0.542536 0.962032 0.542537 0.984898 0.542543 0.982040 0.542543 0.959175 0.542537 0.956316 0.542537 0.953459 0.542535 0.973465 0.542543 0.964892 0.538253 0.964892 0.540500 0.962032 0.540500 0.962032 0.538253 0.956316 0.540500 0.953459 0.540498 0.973465 0.540507 0.950600 0.540507 0.970608 0.540506 0.947742 0.540504 0.944884 0.540494 0.967750 0.540492 0.942026 0.540499 0.939167 0.540499 0.984898 0.540506 0.982040 0.540507 0.959175 0.540500 0.950600 0.535521 0.950600 0.538260 0.947742 0.538257 0.947742 0.535517 0.984898 0.538259 0.982040 0.538259 0.959175 0.538253 0.979182 0.538259 0.956316 0.538253 0.976324 0.538259 0.953459 0.538251 0.973465 0.538259 0.970608 0.538258 0.944884 0.538247 0.967750 0.538245 0.942026 0.538252 0.939167 0.538252 0.956316 0.532373 0.956316 0.535514 0.953459 0.535512 0.953459 0.532371 0.970608 0.535519 0.967750 0.535506 0.944884 0.535508 0.942026 0.535513 0.964892 0.535514 0.939167 0.535513 0.962032 0.535514 0.984898 0.535520 0.982040 0.535520 0.959175 0.535514 0.979182 0.535520 
						0.976324 0.535520 0.973465 0.535520 0.984899 0.529534 0.984898 0.532379 0.982040 0.532379 0.982040 0.529534 0.976324 0.532379 0.973465 0.532379 0.950600 0.532380 0.970608 0.532378 0.947741 0.532376 0.944884 0.532366 0.967750 0.532365 0.942026 0.532372 0.964892 0.532373 0.939167 0.532372 0.962032 0.532373 0.959175 0.532373 0.979182 0.532379 0.970608 0.500888 0.970608 0.529534 0.967750 0.529520 0.967750 0.500873 0.962032 0.529528 0.959175 0.529528 0.979182 0.529534 0.956316 0.529528 0.976324 0.529534 0.953459 0.529526 0.973465 0.529534 0.950600 0.529535 0.970608 0.529534 0.947742 0.529532 0.944884 0.529522 0.967750 0.529520 0.942026 0.529527 0.964892 0.529528 0.939167 0.529527 0.944883 0.500875 0.944884 0.529522 0.942026 0.529527 0.942026 0.500881 0.964892 0.529528 0.964892 0.500882 0.939167 0.529527 0.939167 0.500881 0.962032 0.529528 0.962031 0.500882 0.984899 0.500889 0.984899 0.529534 0.982040 0.529534 0.982040 0.500889 0.959175 0.529528 0.959175 0.500882 0.979182 0.529534 0.979182 0.500889 0.956316 0.529528 0.956316 0.500882 0.976324 0.529534 0.976324 0.500889 0.953459 0.529526 0.953459 0.500880 0.973465 0.529534 0.973465 0.500889 
						0.950600 0.529535 0.950600 0.500890 0.947742 0.500886 0.947742 0.529532 0.818719 0.495297 0.821576 0.495297 0.821577 0.498852 0.818719 0.498852 0.815861 0.495297 0.815862 0.498853 0.813003 0.495297 0.813004 0.498853 0.855868 0.495296 0.858725 0.495296 0.858725 0.498852 0.855868 0.498852 0.853010 0.495296 0.853010 0.498852 0.850152 0.495296 0.850152 0.498852 0.847295 0.495296 0.847295 0.498852 0.844437 0.495296 0.844437 0.498852 0.841580 0.495296 0.841580 0.498852 0.838722 0.495296 0.838722 0.498852 0.835864 0.495296 0.835865 0.498852 0.833007 0.495296 0.833007 0.498852 0.830149 0.495296 0.830149 0.498852 0.827292 0.495297 0.827292 0.498852 0.824434 0.495297 0.824434 0.498852 0.830149 0.492248 0.830149 0.495296 0.827292 0.495297 0.827291 0.492248 0.847295 0.488619 0.847295 0.492248 0.844437 0.492247 0.844437 0.488619 0.818718 0.492248 0.818719 0.495297 0.815861 0.495297 0.815861 0.492248 0.850153 0.492247 0.850152 0.495296 0.847295 0.495296 0.847295 0.492248 0.835864 0.492248 0.835864 0.495296 0.833007 0.495296 0.833007 0.492248 0.855868 0.492248 0.855868 0.495296 0.853010 0.495296 0.853010 0.492248 0.841580 0.492248 0.841580 0.495296 
						0.838722 0.495296 0.838722 0.492248 0.824434 0.495297 0.824434 0.492248 0.813003 0.495297 0.813003 0.492248 0.844437 0.495296 0.844437 0.492247 0.821576 0.492248 0.821576 0.495297 0.858726 0.492248 0.858725 0.495296 0.833006 0.483343 0.833006 0.488619 0.830149 0.488619 0.830148 0.483343 0.821575 0.488620 0.821576 0.492248 0.818718 0.492248 0.818718 0.488620 0.824433 0.488619 0.824434 0.492248 0.841580 0.492248 0.841579 0.488619 0.815861 0.492248 0.815860 0.488620 0.838722 0.492248 0.838722 0.488619 0.813003 0.492248 0.813002 0.488620 0.835864 0.492248 0.835864 0.488619 0.858726 0.488619 0.858726 0.492248 0.855868 0.492248 0.855868 0.488619 0.833007 0.492248 0.833006 0.488619 0.853010 0.492248 0.853010 0.488619 0.830149 0.492248 0.830149 0.488619 0.850153 0.492247 0.850152 0.488619 0.827291 0.492248 0.827291 0.488619 0.815859 0.477722 0.815859 0.483344 0.813002 0.483344 0.813001 0.477722 0.853010 0.483343 0.853010 0.488619 0.850152 0.488619 0.850153 0.483343 0.827291 0.488619 0.827290 0.483343 0.847295 0.488619 0.847295 0.483343 0.824433 0.488619 0.824433 0.483343 0.844437 0.488619 0.844437 0.483343 0.821575 0.483343 0.821575 0.488620 
						0.818718 0.488620 0.818717 0.483344 0.841579 0.488619 0.841579 0.483343 0.815860 0.488620 0.838722 0.488619 0.838722 0.483343 0.813002 0.488620 0.835864 0.488619 0.835864 0.483343 0.858726 0.483343 0.858726 0.488619 0.855868 0.488619 0.855868 0.483343 0.847295 0.473398 0.847295 0.477721 0.844437 0.477721 0.844437 0.473399 0.838721 0.477722 0.835863 0.477722 0.858726 0.477722 0.855868 0.477721 0.833006 0.477722 0.853010 0.477721 0.830148 0.477722 0.850152 0.477721 0.827290 0.477722 0.824432 0.477722 0.821574 0.477722 0.818717 0.477722 0.841579 0.477721 0.833005 0.469987 0.833005 0.473399 0.830148 0.473399 0.830147 0.469987 0.821574 0.473399 0.818716 0.473399 0.824432 0.473399 0.841579 0.473399 0.815858 0.473399 0.838721 0.473399 0.813000 0.473400 0.835863 0.473399 0.858726 0.473399 0.855868 0.473399 0.853010 0.473398 0.850153 0.473398 0.827290 0.473399 0.838721 0.465619 0.838721 0.469987 0.835863 0.469987 0.835863 0.465619 0.853010 0.469987 0.850153 0.469987 0.827289 0.469987 0.847295 0.469987 0.824431 0.469987 0.844437 0.469987 0.821574 0.469987 0.818716 0.469987 0.841579 0.469987 0.815858 0.469988 0.813000 0.469988 0.858726 0.469987 
						0.855868 0.469987 0.821573 0.462498 0.821573 0.465619 0.818715 0.465619 0.818715 0.462498 0.858727 0.465618 0.855869 0.465618 0.833005 0.465619 0.853011 0.465618 0.830147 0.465619 0.850153 0.465618 0.827289 0.465619 0.847295 0.465618 0.824431 0.465619 0.844437 0.465618 0.841579 0.465618 0.815857 0.465619 0.812999 0.465619 0.853011 0.454645 0.853011 0.458486 0.850153 0.458486 0.850153 0.454645 0.824431 0.462498 0.844437 0.462498 0.841579 0.462498 0.815857 0.462499 0.838721 0.462498 0.812999 0.462499 0.835863 0.462498 0.858727 0.462498 0.855869 0.462498 0.833005 0.462498 0.853011 0.462498 0.830147 0.462498 0.850153 0.462498 0.827289 0.462498 0.847295 0.462498 0.838721 0.452401 0.838720 0.454645 0.835862 0.454645 0.835862 0.452401 0.830146 0.454645 0.830146 0.458486 0.827288 0.458486 0.827288 0.454646 0.847295 0.458486 0.847295 0.454645 0.824430 0.458486 0.824430 0.454646 0.844437 0.458486 0.844436 0.454645 0.821572 0.454646 0.821572 0.458486 0.818714 0.458486 0.818714 0.454646 0.841579 0.458486 0.841578 0.454645 0.815856 0.458487 0.815856 0.454646 0.838721 0.458486 0.838720 0.454645 0.812998 0.458487 0.812998 0.454646 0.835863 0.458486 
						0.835862 0.454645 0.858727 0.454645 0.858727 0.458486 0.855869 0.458486 0.855869 0.454645 0.833004 0.458486 0.833004 0.454645 0.821571 0.450995 0.821572 0.452402 0.818713 0.452402 0.818713 0.450995 0.858727 0.452401 0.858727 0.454645 0.855869 0.454645 0.855869 0.452401 0.833004 0.454645 0.833004 0.452401 0.853011 0.454645 0.853011 0.452401 0.830146 0.454645 0.830146 0.452402 0.850153 0.454645 0.850153 0.452401 0.827288 0.454646 0.827288 0.452402 0.847295 0.454645 0.847295 0.452401 0.824430 0.454646 0.824430 0.452402 0.844436 0.454645 0.844437 0.452401 0.821572 0.454646 0.818714 0.454646 0.841578 0.454645 0.841578 0.452401 0.815856 0.454646 0.815855 0.452402 0.812998 0.454646 0.812997 0.452402 0.853011 0.449312 0.853011 0.450994 0.850153 0.450994 0.850153 0.449312 0.824430 0.450995 0.844437 0.450994 0.841578 0.450994 0.815855 0.450995 0.838720 0.450995 0.812997 0.450995 0.835862 0.450994 0.858727 0.450994 0.855869 0.450994 0.833004 0.450995 0.830146 0.450995 0.827288 0.450995 0.847295 0.450994 0.838720 0.447763 0.838720 0.449312 0.835862 0.449312 0.835862 0.447763 0.830146 0.449312 0.827288 0.449312 0.847295 0.449312 0.824430 0.449312 
						0.844436 0.449312 0.821571 0.449312 0.818713 0.449312 0.841578 0.449312 0.815855 0.449312 0.812997 0.449312 0.858727 0.449312 0.855869 0.449312 0.833004 0.449312 0.824429 0.445948 0.824429 0.447763 0.821571 0.447763 0.821571 0.445948 0.858727 0.447763 0.855869 0.447763 0.833004 0.447763 0.853011 0.447763 0.830146 0.447763 0.850153 0.447763 0.827287 0.447763 0.847295 0.447763 0.844436 0.447763 0.818713 0.447763 0.841578 0.447763 0.815855 0.447764 0.812997 0.447764 0.830145 0.443104 0.830145 0.445948 0.827287 0.445948 0.827287 0.443104 0.844436 0.445948 0.841578 0.445948 0.818713 0.445948 0.815855 0.445948 0.838720 0.445948 0.812996 0.445948 0.835862 0.445948 0.858727 0.445948 0.855869 0.445948 0.833004 0.445948 0.853011 0.445948 0.850153 0.445948 0.847295 0.445948 0.858728 0.438660 0.858728 0.443104 0.855869 0.443104 0.855869 0.438660 0.850153 0.443104 0.847295 0.443104 0.824429 0.443104 0.844436 0.443104 0.821571 0.443104 0.818712 0.443104 0.841578 0.443104 0.815854 0.443105 0.838720 0.443104 0.812996 0.443105 0.835862 0.443104 0.833004 0.443104 0.853011 0.443104 0.833004 0.458486 0.830146 0.458486 0.855869 0.458486 0.853011 0.458486 
						0.835863 0.458486 0.858727 0.458486 0.838721 0.458486 0.815856 0.458487 0.812998 0.458487 0.841579 0.458486 0.818714 0.458486 0.844437 0.458486 0.824430 0.458486 0.821572 0.458486 0.847295 0.458486 0.827288 0.458486 0.850153 0.458486 0.830145 0.437542 0.830145 0.438660 0.827287 0.438660 0.827287 0.437542 0.835862 0.438660 0.833003 0.438660 0.853011 0.438660 0.830145 0.438660 0.850153 0.438660 0.827287 0.438660 0.847295 0.438660 0.824429 0.438660 0.844436 0.438660 0.821570 0.438660 0.818712 0.438660 0.841578 0.438660 0.815854 0.438660 0.838720 0.438660 0.812996 0.438660 0.858728 0.436497 0.858728 0.437542 0.855869 0.437542 0.855869 0.436497 0.850153 0.437542 0.850153 0.438660 0.847295 0.438660 0.847295 0.437542 0.824429 0.438660 0.824429 0.437542 0.844436 0.438660 0.844436 0.437542 0.821570 0.437542 0.821570 0.438660 0.818712 0.438660 0.818712 0.437542 0.841578 0.438660 0.841578 0.437542 0.815854 0.438660 0.815854 0.437542 0.838720 0.438660 0.838720 0.437542 0.812996 0.438660 0.812996 0.437542 0.835862 0.438660 0.835862 0.437542 0.858728 0.437542 0.858728 0.438660 0.855869 0.438660 0.855869 0.437542 0.833003 0.438660 0.833003 0.437542 
						0.853011 0.438660 0.853011 0.437542 0.844436 0.435756 0.844436 0.436497 0.841578 0.436498 0.841578 0.435756 0.835862 0.436497 0.835862 0.437542 0.833003 0.437542 0.833003 0.436497 0.853011 0.437542 0.853011 0.436497 0.830145 0.437542 0.830145 0.436498 0.850153 0.437542 0.850153 0.436497 0.827287 0.437542 0.827287 0.436497 0.847295 0.437542 0.847295 0.436497 0.824429 0.437542 0.824429 0.436498 0.844436 0.437542 0.821570 0.436498 0.821570 0.437542 0.818712 0.437542 0.818712 0.436498 0.841578 0.437542 0.815854 0.437542 0.815854 0.436498 0.838720 0.437542 0.838720 0.436498 0.812996 0.437542 0.812996 0.436498 0.830145 0.434589 0.830145 0.435756 0.827287 0.435756 0.827287 0.434589 0.818712 0.435756 0.815854 0.435756 0.838720 0.435756 0.812996 0.435756 0.835861 0.435756 0.858728 0.435756 0.855869 0.435756 0.833003 0.435756 0.853011 0.435756 0.850153 0.435756 0.847295 0.435756 0.824429 0.435756 0.821570 0.435756 0.835862 0.433518 0.835861 0.434589 0.833003 0.434588 0.833003 0.433518 0.850153 0.434588 0.847295 0.434588 0.824429 0.434589 0.844436 0.434588 0.821570 0.434589 0.818712 0.434589 0.841578 0.434588 0.815854 0.434589 0.838720 0.434589 
						0.812996 0.434589 0.858728 0.434588 0.855869 0.434588 0.853011 0.434588 0.818712 0.432044 0.818712 0.433518 0.815854 0.433518 0.815854 0.432044 0.855869 0.433518 0.853011 0.433518 0.830145 0.433518 0.850153 0.433518 0.827287 0.433518 0.847295 0.433518 0.824429 0.433518 0.844436 0.433518 0.821570 0.433518 0.841578 0.433518 0.838720 0.433518 0.812996 0.433518 0.858728 0.433518 0.850153 0.415231 0.850153 0.432044 0.847295 0.432044 0.847295 0.415231 0.841578 0.432044 0.838720 0.432044 0.812996 0.432044 0.835861 0.432044 0.858728 0.432044 0.855869 0.432044 0.833003 0.432044 0.853011 0.432044 0.830145 0.432044 0.850153 0.432044 0.827287 0.432044 0.847295 0.432044 0.824429 0.432044 0.844436 0.432044 0.821570 0.432044 0.833003 0.413611 0.833003 0.415231 0.830145 0.415231 0.830145 0.413611 0.827287 0.415231 0.827287 0.432044 0.824429 0.432044 0.824429 0.415231 0.844436 0.432044 0.844436 0.415231 0.821570 0.415231 0.821570 0.432044 0.818712 0.432044 0.818712 0.415231 0.841578 0.432044 0.841578 0.415231 0.815854 0.432044 0.815854 0.415231 0.838720 0.432044 0.838720 0.415231 0.812996 0.432044 0.812996 0.415231 0.835861 0.432044 0.835862 0.415231 
						0.858728 0.415231 0.858728 0.432044 0.855869 0.432044 0.855869 0.415231 0.833003 0.432044 0.833003 0.415231 0.853011 0.432044 0.853011 0.415231 0.830145 0.432044 0.830145 0.415231 0.815854 0.412283 0.815854 0.413611 0.812996 0.413611 0.812996 0.412283 0.853011 0.413610 0.853011 0.415231 0.850153 0.415231 0.850153 0.413610 0.827287 0.415231 0.827287 0.413611 0.847295 0.415231 0.847295 0.413610 0.824429 0.415231 0.824429 0.413611 0.844436 0.415231 0.844436 0.413610 0.821570 0.413611 0.821570 0.415231 0.818712 0.415231 0.818712 0.413611 0.841578 0.415231 0.841578 0.413611 0.815854 0.415231 0.838720 0.415231 0.838720 0.413611 0.812996 0.415231 0.835862 0.415231 0.835861 0.413611 0.858728 0.413610 0.858728 0.415231 0.855869 0.415231 0.855869 0.413610 0.847295 0.404132 0.847295 0.412282 0.844436 0.412282 0.844436 0.404132 0.838720 0.412282 0.835862 0.412283 0.858728 0.412283 0.855869 0.412282 0.833003 0.412282 0.853011 0.412282 0.830145 0.412282 0.850153 0.412282 0.827287 0.412283 0.824429 0.412283 0.821570 0.412283 0.818712 0.412283 0.841578 0.412282 0.833003 0.392064 0.833003 0.404132 0.830145 0.404132 0.830145 0.392064 0.821570 0.404132 
						0.818712 0.404132 0.824429 0.404132 0.841578 0.404132 0.815854 0.404132 0.838720 0.404132 0.812996 0.404132 0.835862 0.404132 0.858728 0.404132 0.855869 0.404132 0.853011 0.404132 0.850153 0.404132 0.827287 0.404132 0.815854 0.050291 0.815854 0.392064 0.812996 0.392064 0.812996 0.050291 0.853011 0.392064 0.850153 0.392064 0.827287 0.392063 0.847295 0.392064 0.824429 0.392064 0.844436 0.392064 0.821570 0.392064 0.818712 0.392063 0.841578 0.392063 0.838720 0.392064 0.835862 0.392064 0.858728 0.392064 0.855869 0.392064 0.853012 0.047858 0.853012 0.050298 0.850154 0.050298 0.850154 0.047858 0.838721 0.050292 0.835861 0.050292 0.858729 0.050298 0.855871 0.050298 0.833004 0.050292 0.853012 0.050298 0.830145 0.050292 0.850154 0.050298 0.827288 0.050290 0.847296 0.050298 0.824429 0.050299 0.844438 0.050297 0.821570 0.050295 0.818712 0.050286 0.841580 0.050284 0.838721 0.045019 0.838721 0.047852 0.835861 0.047852 0.835861 0.045019 0.830145 0.047852 0.830145 0.050292 0.827288 0.050290 0.827288 0.047850 0.847296 0.050298 0.847296 0.047858 0.824429 0.050299 0.824429 0.047858 0.844438 0.050297 0.844438 0.047857 0.821570 0.047855 0.821570 0.050295 
						0.818712 0.050286 0.818712 0.047845 0.841580 0.050284 0.841580 0.047844 0.815854 0.050291 0.815855 0.047851 0.838721 0.050292 0.812996 0.050291 0.812996 0.047851 0.835861 0.050292 0.858729 0.047858 0.858729 0.050298 0.855871 0.050298 0.855871 0.047858 0.833004 0.050292 0.833004 0.047852 0.821570 0.042544 0.821570 0.045022 0.818712 0.045013 0.818712 0.042535 0.858729 0.045025 0.855871 0.045025 0.833004 0.045019 0.853012 0.045025 0.830145 0.045019 0.850154 0.045025 0.827288 0.045017 0.847296 0.045025 0.824429 0.045026 0.844438 0.045024 0.841580 0.045011 0.815854 0.045018 0.812996 0.045018 0.853012 0.040510 0.853012 0.042547 0.850154 0.042547 0.850154 0.040510 0.824429 0.042548 0.844438 0.042546 0.841580 0.042533 0.815855 0.042540 0.838722 0.042541 0.812996 0.042540 0.835861 0.042541 0.858729 0.042547 0.855871 0.042547 0.833004 0.042541 0.830145 0.042541 0.827288 0.042539 0.847296 0.042547 0.838722 0.038256 0.838722 0.040504 0.835861 0.040504 0.835861 0.038256 0.830145 0.040504 0.827288 0.040502 0.847296 0.040510 0.824429 0.040511 0.844438 0.040509 0.821570 0.040507 0.818712 0.040497 0.841580 0.040496 0.815854 0.040503 0.812996 0.040503 
						0.858729 0.040510 0.855871 0.040510 0.833004 0.040504 0.824429 0.035524 0.824429 0.038263 0.821570 0.038260 0.821570 0.035521 0.858729 0.038263 0.855871 0.038263 0.833004 0.038256 0.853012 0.038263 0.830145 0.038256 0.850154 0.038263 0.827288 0.038254 0.847296 0.038263 0.844438 0.038262 0.818712 0.038250 0.841580 0.038248 0.815855 0.038255 0.812996 0.038255 0.830145 0.032376 0.830145 0.035517 0.827288 0.035515 0.827288 0.032374 0.844438 0.035522 0.841580 0.035509 0.818712 0.035511 0.815854 0.035516 0.838722 0.035517 0.812996 0.035516 0.835861 0.035517 0.858729 0.035523 0.855871 0.035523 0.833004 0.035517 0.853012 0.035523 0.850154 0.035523 0.847296 0.035523 0.858729 0.029537 0.858729 0.032382 0.855871 0.032382 0.855871 0.029537 0.850154 0.032382 0.847296 0.032382 0.824429 0.032383 0.844438 0.032381 0.821570 0.032379 0.818712 0.032369 0.841580 0.032368 0.815855 0.032375 0.838722 0.032376 0.812996 0.032375 0.835861 0.032376 0.833004 0.032376 0.853012 0.032382 0.844438 0.000889 0.844438 0.029536 0.841580 0.029523 0.841580 0.000875 0.835861 0.029531 0.833004 0.029531 0.853012 0.029537 0.830145 0.029531 0.850154 0.029537 0.827288 0.029529 
						0.847296 0.029537 0.824429 0.029538 0.844438 0.029536 0.821570 0.029535 0.818712 0.029524 0.841580 0.029523 0.815855 0.029530 0.838722 0.029531 0.812996 0.029530 0.818712 0.000876 0.818712 0.029524 0.815855 0.029530 0.815855 0.000882 0.838722 0.029531 0.838722 0.000883 0.812996 0.029530 0.812996 0.000882 0.835861 0.029531 0.835861 0.000883 0.858729 0.000890 0.858729 0.029537 0.855871 0.029537 0.855871 0.000890 0.833004 0.029531 0.833004 0.000883 0.853012 0.029537 0.853012 0.000890 0.830145 0.029531 0.830145 0.000883 0.850154 0.029537 0.850154 0.000890 0.827288 0.029529 0.827288 0.000881 0.847296 0.029537 0.847296 0.000890 0.824429 0.029538 0.824429 0.000891 0.821570 0.000887 0.821570 0.029535 0.913685 0.495297 0.916543 0.495296 0.916543 0.498852 0.913686 0.498852 0.910828 0.495297 0.910828 0.498852 0.907970 0.495297 0.907970 0.498852 0.950834 0.495296 0.953692 0.495296 0.953692 0.498851 0.950834 0.498851 0.947977 0.495296 0.947977 0.498851 0.945119 0.495296 0.945119 0.498851 0.942261 0.495296 0.942261 0.498851 0.939404 0.495296 0.939404 0.498851 0.936546 0.495296 0.936546 0.498851 0.933689 0.495296 0.933689 0.498851 0.930831 0.495296 
						0.930831 0.498852 0.927973 0.495296 0.927974 0.498852 0.925116 0.495296 0.925116 0.498852 0.922258 0.495296 0.922258 0.498852 0.919400 0.495296 0.919401 0.498852 0.925115 0.492248 0.925116 0.495296 0.922258 0.495296 0.922258 0.492248 0.942261 0.488618 0.942261 0.492247 0.939404 0.492247 0.939404 0.488618 0.913685 0.492248 0.913685 0.495297 0.910828 0.495297 0.910827 0.492248 0.945119 0.492247 0.945119 0.495296 0.942261 0.495296 0.942261 0.492247 0.930831 0.492247 0.930831 0.495296 0.927973 0.495296 0.927973 0.492247 0.950834 0.492247 0.950834 0.495296 0.947977 0.495296 0.947977 0.492247 0.936546 0.492247 0.936546 0.495296 0.933689 0.495296 0.933688 0.492247 0.919400 0.495296 0.919400 0.492248 0.907970 0.495297 0.907969 0.492248 0.939404 0.495296 0.939404 0.492247 0.916542 0.492248 0.916543 0.495296 0.953692 0.492247 0.953692 0.495296 0.927972 0.483343 0.927973 0.488619 0.925115 0.488619 0.925115 0.483343 0.916542 0.488619 0.916542 0.492248 0.913685 0.492248 0.913684 0.488619 0.919400 0.488619 0.919400 0.492248 0.936546 0.492247 0.936546 0.488619 0.910827 0.492248 0.910827 0.488619 0.933688 0.492247 0.933688 0.488619 0.907969 0.492248 
						0.907969 0.488619 0.930831 0.492247 0.930831 0.488619 0.953692 0.488618 0.953692 0.492247 0.950834 0.492247 0.950834 0.488619 0.927973 0.492247 0.927973 0.488619 0.947977 0.492247 0.947977 0.488618 0.925115 0.492248 0.925115 0.488619 0.945119 0.492247 0.945119 0.488618 0.922258 0.492248 0.922257 0.488619 0.910825 0.477722 0.910826 0.483343 0.907968 0.483343 0.907967 0.477722 0.947977 0.483342 0.947977 0.488618 0.945119 0.488618 0.945119 0.483342 0.922257 0.488619 0.922257 0.483343 0.942261 0.488618 0.942261 0.483342 0.919400 0.488619 0.919399 0.483343 0.939404 0.488618 0.939404 0.483342 0.916541 0.483343 0.916542 0.488619 0.913684 0.488619 0.913684 0.483343 0.936546 0.488619 0.936546 0.483342 0.910827 0.488619 0.933688 0.488619 0.933688 0.483342 0.907969 0.488619 0.930831 0.488619 0.930830 0.483343 0.953692 0.483342 0.953692 0.488618 0.950834 0.488619 0.950835 0.483342 0.942261 0.473398 0.942261 0.477721 0.939403 0.477721 0.939403 0.473398 0.933688 0.477721 0.930830 0.477721 0.953693 0.477721 0.950835 0.477721 0.927972 0.477721 0.947977 0.477721 0.925114 0.477721 0.945119 0.477721 0.922256 0.477721 0.919399 0.477722 0.916541 0.477722 
						0.913683 0.477722 0.936546 0.477721 0.927972 0.469986 0.927972 0.473399 0.925114 0.473399 0.925114 0.469987 0.916541 0.473399 0.913683 0.473399 0.919398 0.473399 0.936545 0.473398 0.910825 0.473399 0.933688 0.473398 0.907967 0.473399 0.930830 0.473398 0.953693 0.473398 0.950835 0.473398 0.947977 0.473398 0.945119 0.473398 0.922256 0.473399 0.933687 0.465618 0.933688 0.469986 0.930830 0.469986 0.930829 0.465618 0.947977 0.469986 0.945119 0.469986 0.922256 0.469987 0.942261 0.469986 0.919398 0.469987 0.939403 0.469986 0.916540 0.469987 0.913682 0.469987 0.936545 0.469986 0.910824 0.469987 0.907966 0.469987 0.953693 0.469986 0.950835 0.469986 0.916539 0.462498 0.916539 0.465619 0.913682 0.465619 0.913681 0.462498 0.953693 0.465618 0.950835 0.465618 0.927971 0.465618 0.947977 0.465618 0.925113 0.465618 0.945119 0.465618 0.922255 0.465618 0.942261 0.465618 0.919398 0.465619 0.939403 0.465618 0.936545 0.465618 0.910824 0.465619 0.907966 0.465619 0.947977 0.454645 0.947977 0.458485 0.945119 0.458485 0.945119 0.454645 0.919397 0.462498 0.939403 0.462497 0.936545 0.462497 0.910823 0.462498 0.933687 0.462497 0.907965 0.462498 0.930829 0.462498 
						0.953693 0.462497 0.950835 0.462497 0.927971 0.462498 0.947977 0.462497 0.925113 0.462498 0.945119 0.462497 0.922255 0.462498 0.942261 0.462497 0.933687 0.452401 0.933687 0.454645 0.930829 0.454645 0.930829 0.452401 0.925112 0.454645 0.925113 0.458486 0.922255 0.458486 0.922254 0.454645 0.942261 0.458485 0.942261 0.454645 0.919397 0.458486 0.919396 0.454645 0.939403 0.458485 0.939403 0.454645 0.916538 0.454645 0.916539 0.458486 0.913681 0.458486 0.913680 0.454645 0.936545 0.458486 0.936545 0.454645 0.910823 0.458486 0.910822 0.454645 0.933687 0.458486 0.933687 0.454645 0.907965 0.458486 0.907964 0.454645 0.930829 0.458486 0.930829 0.454645 0.953694 0.454645 0.953693 0.458485 0.950835 0.458485 0.950836 0.454645 0.927971 0.458486 0.927971 0.454645 0.916538 0.450994 0.916538 0.452401 0.913680 0.452401 0.913680 0.450994 0.953694 0.452401 0.953694 0.454645 0.950836 0.454645 0.950836 0.452401 0.927971 0.454645 0.927971 0.452401 0.947977 0.454645 0.947977 0.452401 0.925112 0.454645 0.925112 0.452401 0.945119 0.454645 0.945119 0.452401 0.922254 0.454645 0.922254 0.452401 0.942261 0.454645 0.942261 0.452401 0.919396 0.454645 0.919396 0.452401 
						0.939403 0.454645 0.939403 0.452401 0.916538 0.454645 0.913680 0.454645 0.936545 0.454645 0.936545 0.452401 0.910822 0.454645 0.910822 0.452401 0.907964 0.454645 0.907964 0.452401 0.947977 0.449311 0.947977 0.450994 0.945119 0.450994 0.945119 0.449312 0.919396 0.450994 0.939403 0.450994 0.936545 0.450994 0.910822 0.450994 0.933687 0.450994 0.907964 0.450994 0.930829 0.450994 0.953694 0.450994 0.950836 0.450994 0.927971 0.450994 0.925112 0.450994 0.922254 0.450994 0.942261 0.450994 0.933687 0.447763 0.933687 0.449312 0.930829 0.449312 0.930828 0.447763 0.925112 0.449312 0.922254 0.449312 0.942261 0.449311 0.919396 0.449312 0.939403 0.449312 0.916538 0.449312 0.913680 0.449312 0.936545 0.449312 0.910822 0.449312 0.907963 0.449312 0.953694 0.449312 0.950836 0.449312 0.927970 0.449312 0.919396 0.445948 0.919396 0.447763 0.916538 0.447763 0.916537 0.445948 0.953694 0.447763 0.950836 0.447763 0.927970 0.447763 0.947977 0.447763 0.925112 0.447763 0.945119 0.447763 0.922254 0.447763 0.942261 0.447763 0.939403 0.447763 0.913679 0.447763 0.936545 0.447763 0.910821 0.447763 0.907963 0.447763 0.925112 0.443104 0.925112 0.445948 0.922254 0.445948 
						0.922254 0.443104 0.939403 0.445947 0.936545 0.445948 0.913679 0.445948 0.910821 0.445948 0.933687 0.445948 0.907963 0.445948 0.930828 0.445948 0.953694 0.445947 0.950836 0.445947 0.927970 0.445948 0.947978 0.445947 0.945119 0.445947 0.942261 0.445947 0.953694 0.438659 0.953694 0.443104 0.950836 0.443104 0.950836 0.438659 0.945119 0.443104 0.942261 0.443104 0.919396 0.443104 0.939403 0.443104 0.916537 0.443104 0.913679 0.443104 0.936545 0.443104 0.910821 0.443104 0.933686 0.443104 0.907963 0.443104 0.930828 0.443104 0.927970 0.443104 0.947978 0.443104 0.927971 0.458486 0.925113 0.458486 0.950835 0.458485 0.947977 0.458485 0.930829 0.458486 0.953693 0.458485 0.933687 0.458486 0.910823 0.458486 0.907965 0.458486 0.936545 0.458486 0.913681 0.458486 0.939403 0.458485 0.919397 0.458486 0.916539 0.458486 0.942261 0.458485 0.922255 0.458486 0.945119 0.458485 0.925112 0.437541 0.925112 0.438659 0.922253 0.438660 0.922253 0.437541 0.930828 0.438660 0.927970 0.438659 0.947978 0.438659 0.925112 0.438659 0.945119 0.438659 0.922253 0.438660 0.942261 0.438659 0.919395 0.438660 0.939403 0.438659 0.916537 0.438660 0.913679 0.438660 0.936545 0.438659 
						0.910820 0.438660 0.933686 0.438660 0.907962 0.438660 0.953694 0.436497 0.953694 0.437541 0.950836 0.437541 0.950836 0.436497 0.945119 0.437541 0.945119 0.438659 0.942261 0.438659 0.942261 0.437541 0.919395 0.438660 0.919395 0.437541 0.939403 0.438659 0.939403 0.437541 0.916537 0.437542 0.916537 0.438660 0.913679 0.438660 0.913679 0.437542 0.936545 0.438659 0.936545 0.437541 0.910820 0.438660 0.910820 0.437542 0.933686 0.438660 0.933686 0.437541 0.907962 0.438660 0.907962 0.437542 0.930828 0.438660 0.930828 0.437541 0.953694 0.437541 0.953694 0.438659 0.950836 0.438659 0.950836 0.437541 0.927970 0.438659 0.927970 0.437541 0.947978 0.438659 0.947978 0.437541 0.939403 0.435755 0.939403 0.436497 0.936545 0.436497 0.936545 0.435755 0.930828 0.436497 0.930828 0.437541 0.927970 0.437541 0.927970 0.436497 0.947978 0.437541 0.947978 0.436497 0.925112 0.437541 0.925112 0.436497 0.945119 0.437541 0.945119 0.436497 0.922253 0.437541 0.922253 0.436497 0.942261 0.437541 0.942261 0.436497 0.919395 0.437541 0.919395 0.436497 0.939403 0.437541 0.916537 0.436497 0.916537 0.437542 0.913679 0.437542 0.913679 0.436497 0.936545 0.437541 0.910820 0.437542 
						0.910820 0.436497 0.933686 0.437541 0.933686 0.436497 0.907962 0.437542 0.907962 0.436497 0.925112 0.434588 0.925112 0.435755 0.922253 0.435755 0.922253 0.434588 0.913679 0.435756 0.910820 0.435756 0.933686 0.435755 0.907962 0.435756 0.930828 0.435755 0.953694 0.435755 0.950836 0.435755 0.927970 0.435755 0.947978 0.435755 0.945119 0.435755 0.942261 0.435755 0.919395 0.435755 0.916537 0.435756 0.930828 0.433517 0.930828 0.434588 0.927970 0.434588 0.927970 0.433517 0.945119 0.434588 0.942261 0.434588 0.919395 0.434588 0.939403 0.434588 0.916537 0.434588 0.913679 0.434588 0.936545 0.434588 0.910820 0.434588 0.933686 0.434588 0.907962 0.434588 0.953694 0.434588 0.950836 0.434588 0.947978 0.434588 0.913679 0.432044 0.913679 0.433518 0.910820 0.433518 0.910820 0.432044 0.950836 0.433517 0.947978 0.433517 0.925112 0.433517 0.945119 0.433517 0.922253 0.433517 0.942261 0.433517 0.919395 0.433517 0.939403 0.433517 0.916537 0.433518 0.936545 0.433517 0.933686 0.433517 0.907962 0.433518 0.953694 0.433517 0.945119 0.415230 0.945119 0.432043 0.942261 0.432043 0.942261 0.415230 0.936545 0.432044 0.933686 0.432044 0.907962 0.432044 0.930828 0.432044 
						0.953694 0.432043 0.950836 0.432043 0.927970 0.432044 0.947978 0.432043 0.925112 0.432044 0.945119 0.432043 0.922253 0.432044 0.942261 0.432043 0.919395 0.432044 0.939403 0.432043 0.916537 0.432044 0.927970 0.413610 0.927970 0.415231 0.925112 0.415231 0.925112 0.413610 0.922253 0.415231 0.922253 0.432044 0.919395 0.432044 0.919395 0.415231 0.939403 0.432043 0.939403 0.415231 0.916537 0.415231 0.916537 0.432044 0.913679 0.432044 0.913679 0.415231 0.936545 0.432044 0.936545 0.415231 0.910820 0.432044 0.910820 0.415231 0.933686 0.432044 0.933686 0.415231 0.907962 0.432044 0.907962 0.415231 0.930828 0.432044 0.930828 0.415231 0.953694 0.415231 0.953694 0.432043 0.950836 0.432043 0.950836 0.415231 0.927970 0.432044 0.927970 0.415231 0.947978 0.432043 0.947978 0.415231 0.925112 0.432044 0.925112 0.415231 0.910820 0.412282 0.910820 0.413610 0.907962 0.413610 0.907962 0.412282 0.947978 0.413610 0.947978 0.415231 0.945119 0.415230 0.945119 0.413610 0.922253 0.415231 0.922253 0.413610 0.942261 0.415230 0.942261 0.413610 0.919395 0.415231 0.919395 0.413610 0.939403 0.415231 0.939403 0.413610 0.916537 0.413610 0.916537 0.415231 0.913679 0.415231 
						0.913679 0.413610 0.936545 0.415231 0.936545 0.413610 0.910820 0.415231 0.933686 0.415231 0.933686 0.413610 0.907962 0.415231 0.930828 0.415231 0.930828 0.413610 0.953694 0.413610 0.953694 0.415231 0.950836 0.415231 0.950836 0.413610 0.942261 0.404131 0.942261 0.412282 0.939403 0.412282 0.939403 0.404131 0.933686 0.412282 0.930828 0.412282 0.953694 0.412282 0.950836 0.412282 0.927970 0.412282 0.947978 0.412282 0.925112 0.412282 0.945119 0.412282 0.922253 0.412282 0.919395 0.412282 0.916537 0.412282 0.913679 0.412282 0.936545 0.412282 0.927970 0.392063 0.927970 0.404131 0.925112 0.404131 0.925112 0.392063 0.916537 0.404131 0.913679 0.404131 0.919395 0.404131 0.936545 0.404131 0.910820 0.404131 0.933686 0.404131 0.907962 0.404131 0.930828 0.404131 0.953694 0.404131 0.950836 0.404131 0.947978 0.404131 0.945119 0.404131 0.922253 0.404131 0.910821 0.050290 0.910820 0.392063 0.907962 0.392063 0.907963 0.050290 0.947978 0.392063 0.945119 0.392063 0.922253 0.392063 0.942261 0.392063 0.919395 0.392063 0.939403 0.392063 0.916537 0.392063 0.913679 0.392063 0.936545 0.392062 0.933687 0.392063 0.930828 0.392063 0.953694 0.392063 0.950836 0.392063 
						0.947979 0.047857 0.947979 0.050297 0.945121 0.050297 0.945121 0.047857 0.933688 0.050291 0.930828 0.050291 0.953696 0.050297 0.950837 0.050297 0.927971 0.050291 0.947979 0.050297 0.925112 0.050291 0.945121 0.050297 0.922254 0.050289 0.942262 0.050297 0.919395 0.050298 0.939404 0.050296 0.916537 0.050294 0.913679 0.050285 0.936547 0.050283 0.933688 0.045018 0.933688 0.047851 0.930828 0.047851 0.930828 0.045018 0.925112 0.047851 0.925112 0.050291 0.922254 0.050289 0.922255 0.047849 0.942262 0.050297 0.942262 0.047857 0.919395 0.050298 0.919395 0.047858 0.939404 0.050296 0.939404 0.047856 0.916537 0.047854 0.916537 0.050294 0.913679 0.050285 0.913679 0.047845 0.936547 0.050283 0.936547 0.047843 0.910821 0.050290 0.910821 0.047850 0.933688 0.050291 0.907963 0.050290 0.907963 0.047850 0.930828 0.050291 0.953696 0.047857 0.953696 0.050297 0.950837 0.050297 0.950837 0.047857 0.927971 0.050291 0.927971 0.047851 0.916537 0.042544 0.916537 0.045022 0.913679 0.045012 0.913679 0.042534 0.953696 0.045024 0.950837 0.045024 0.927971 0.045018 0.947979 0.045024 0.925112 0.045018 0.945121 0.045024 0.922255 0.045017 0.942262 0.045024 0.919395 0.045025 
						0.939404 0.045023 0.936547 0.045010 0.910821 0.045017 0.907963 0.045017 0.947979 0.040509 0.947979 0.042546 0.945121 0.042546 0.945121 0.040509 0.919395 0.042547 0.939404 0.042545 0.936547 0.042532 0.910821 0.042539 0.933688 0.042540 0.907963 0.042539 0.930828 0.042540 0.953696 0.042546 0.950837 0.042546 0.927971 0.042540 0.925112 0.042540 0.922255 0.042538 0.942262 0.042546 0.933688 0.038256 0.933688 0.040503 0.930828 0.040503 0.930828 0.038256 0.925111 0.040503 0.922255 0.040501 0.942262 0.040509 0.919395 0.040510 0.939404 0.040508 0.916537 0.040506 0.913679 0.040497 0.936547 0.040495 0.910821 0.040502 0.907963 0.040502 0.953696 0.040509 0.950837 0.040509 0.927971 0.040503 0.919395 0.035523 0.919395 0.038263 0.916537 0.038259 0.916537 0.035520 0.953696 0.038262 0.950837 0.038262 0.927971 0.038256 0.947979 0.038262 0.925111 0.038256 0.945121 0.038262 0.922255 0.038254 0.942262 0.038262 0.939404 0.038261 0.913679 0.038249 0.936547 0.038248 0.910821 0.038255 0.907963 0.038255 0.925112 0.032375 0.925111 0.035516 0.922255 0.035514 0.922255 0.032373 0.939404 0.035522 0.936547 0.035508 0.913679 0.035510 0.910821 0.035515 0.933688 0.035516 
						0.907963 0.035515 0.930828 0.035516 0.953696 0.035523 0.950837 0.035523 0.927971 0.035516 0.947979 0.035523 0.945121 0.035523 0.942262 0.035523 0.953696 0.029537 0.953696 0.032381 0.950837 0.032381 0.950837 0.029537 0.945121 0.032381 0.942262 0.032381 0.919395 0.032382 0.939404 0.032380 0.916537 0.032379 0.913679 0.032369 0.936547 0.032367 0.910821 0.032374 0.933688 0.032375 0.907963 0.032374 0.930828 0.032375 0.927971 0.032375 0.947979 0.032381 0.939404 0.000889 0.939404 0.029536 0.936547 0.029522 0.936547 0.000874 0.930828 0.029530 0.927971 0.029530 0.947979 0.029537 0.925111 0.029530 0.945121 0.029537 0.922255 0.029528 0.942262 0.029537 0.919395 0.029537 0.939404 0.029536 0.916537 0.029534 0.913679 0.029524 0.936547 0.029522 0.910821 0.029529 0.933688 0.029530 0.907963 0.029529 0.913679 0.000876 0.913679 0.029524 0.910821 0.029529 0.910821 0.000881 0.933688 0.029530 0.933688 0.000883 0.907963 0.029529 0.907963 0.000881 0.930828 0.029530 0.930828 0.000883 0.953696 0.000890 0.953696 0.029537 0.950837 0.029537 0.950837 0.000890 0.927971 0.029530 0.927971 0.000883 0.947979 0.029537 0.947979 0.000890 0.925111 0.029530 0.925111 0.000883 
						0.945121 0.029537 0.945121 0.000890 0.922255 0.029528 0.922254 0.000881 0.942262 0.029537 0.942262 0.000890 0.919395 0.029537 0.919395 0.000890 0.916537 0.000886 0.916537 0.029534 0.708157 0.110750 0.708403 0.103623 0.715530 0.103868 0.739398 0.110517 0.761529 0.125701 0.776321 0.145578 0.811179 0.191000 0.808823 0.198769 0.802922 0.204419 0.795058 0.206434 0.746214 0.172986 0.727092 0.157483 0.713243 0.134836 0.708648 0.096496 0.715378 0.072816 0.730751 0.051175 0.750894 0.037024 0.796157 0.001427 0.803864 0.003979 0.809363 0.010021 0.811179 0.017934 0.779045 0.066437 0.762921 0.085250 0.739799 0.098877 0.606054 0.188320 0.637760 0.140809 0.653884 0.121996 0.677006 0.108369 0.701275 0.103378 0.701427 0.134430 0.686054 0.156070 0.665911 0.170222 0.621076 0.204826 0.613369 0.202274 0.607870 0.196233 0.645932 0.087013 0.640484 0.061668 0.655276 0.081545 0.655518 0.095145 0.677407 0.096729 0.665706 0.102153 0.655061 0.108444 0.644938 0.115898 0.770873 0.120233 0.761287 0.112101 0.751099 0.105093 0.761744 0.098802 0.771867 0.091347 0.725203 0.042015 0.716962 0.051266 0.709862 0.061226 0.703562 0.072410 0.689713 0.049763 0.703464 0.050802 
						0.670591 0.034260 0.695879 0.041006 0.691602 0.165231 0.699843 0.155980 0.706943 0.146020 0.713341 0.156444 0.720927 0.166240 0.605796 0.016383 0.608152 0.008614 0.614053 0.002965 0.621918 0.000949 0.501316 0.116769 0.494122 0.117137 0.493703 0.109953 0.498193 0.085517 0.511525 0.062044 0.530647 0.045304 0.580397 0.009073 0.587765 0.012220 0.593499 0.017105 0.597476 0.024192 0.562828 0.072955 0.547607 0.093718 0.525291 0.109561 0.501949 0.148010 0.494541 0.124322 0.525897 0.121298 0.549263 0.134567 0.565487 0.153071 0.597761 0.199761 0.594960 0.206671 0.590286 0.211903 0.583858 0.215818 0.538367 0.182826 0.517946 0.169216 0.438972 0.099714 0.422735 0.081210 0.390905 0.035458 0.393863 0.028536 0.398375 0.023160 0.404815 0.019400 0.449862 0.051448 0.470291 0.065052 0.486294 0.086261 0.486928 0.117506 0.462346 0.112979 0.440644 0.140563 0.425432 0.161327 0.431118 0.134988 0.440811 0.126692 0.462954 0.124717 0.451053 0.119466 0.440283 0.113275 0.430112 0.105877 0.557131 0.099296 0.547435 0.107590 0.537191 0.114814 0.547958 0.121007 0.558126 0.128408 0.512734 0.178432 0.504178 0.169568 0.496723 0.159839 0.490052 0.148755 0.476726 0.172224 
						0.490642 0.170595 0.483411 0.180822 0.457611 0.188966 0.475506 0.055828 0.484065 0.064698 0.491522 0.074429 0.497606 0.063672 0.504841 0.053443 0.395117 0.217025 0.390975 0.209936 0.408053 0.225049 0.400691 0.222065 0.395117 0.217025 0.389100 0.222840 0.383347 0.215801 0.390975 0.209936 0.400691 0.222065 0.395984 0.228698 0.408053 0.225049 0.403696 0.232950 0.590286 0.211903 0.595578 0.217415 0.589062 0.222494 0.583858 0.215818 0.594960 0.206671 0.601103 0.211080 0.597761 0.199761 0.605130 0.203887 0.398375 0.023160 0.393132 0.017709 0.399677 0.012695 0.404815 0.019400 0.393863 0.028536 0.387650 0.024084 0.390905 0.035458 0.383553 0.031260 0.593499 0.017105 0.599450 0.011337 0.605130 0.018402 0.597476 0.024192 0.587765 0.012220 0.592523 0.005517 0.580397 0.009073 0.584829 0.001190 0.425432 0.161327 0.417834 0.157902 0.423130 0.134231 0.431118 0.134988 0.430112 0.105877 0.422315 0.107154 0.415606 0.084665 0.422735 0.081210 0.562828 0.072955 0.570424 0.076386 0.565120 0.100057 0.557131 0.099296 0.558126 0.128408 0.565924 0.127135 0.572622 0.149629 0.565487 0.153071 0.538367 0.182826 0.535304 0.190020 0.512415 0.186239 0.512734 0.178432 
						0.483411 0.180822 0.485020 0.188715 0.461437 0.196409 0.457611 0.188966 0.449862 0.051448 0.452892 0.044229 0.475825 0.048012 0.475506 0.055828 0.504841 0.053443 0.503234 0.045547 0.526821 0.037859 0.530647 0.045304 0.390975 0.209936 0.384105 0.205018 0.413054 0.231872 0.408053 0.225049 0.384401 0.040002 0.390905 0.035458 0.404815 0.019400 0.409399 0.013013 0.597476 0.024192 0.604342 0.029120 0.575393 0.002248 0.580397 0.009073 0.583858 0.215818 0.579216 0.222161 0.604281 0.195235 0.597761 0.199761 
					</float_array>
					<technique_common>
						<accessor count="4316" offset="0" source="#meshId0-tex0-array" stride="2">
							<param name="S" type="float" />
							<param name="T" type="float" />
						</accessor>
					</technique_common>
				</source>
				<vertices id="meshId0-vertices">
					<input semantic="POSITION" source="#meshId0-positions" />
				</vertices>
				<polylist count="5976" material="defaultMaterial">
					<input offset="0" semantic="VERTEX" source="#meshId0-vertices" />
					<input offset="0" semantic="NORMAL" source="#meshId0-normals" />
					<input offset="0" semantic="TANGENT" source="#meshId0-tangents" />
					<input offset="0" semantic="BINORMAL" source="#meshId0-bitangents" />
					<input offset="0" semantic="TEXCOORD" source="#meshId0-tex0" set="0" />
					<vcount>
						3 3 3 3 3 3 3 3 3 3 3 3 3 3 3 3 3 3 3 3 3 3 3 3 3 3 3 3 3 3 3 3 3 3 3 3 3 3 3 3 3 3 3 3 3 3 3 3 3 3 3 3 3 3 3 3 3 3 3 3 3 3 3 3 
						3 3 3 3 3 3 3 3 3 3 3 3 3 3 3 3 3 3 3 3 3 3 3 3 3 3 3 3 3 3 3 3 3 3 3 3 3 3 3 3 3 3 3 3 3 3 3 3 3 3 3 3 3 3 3 3 3 3 3 3 3 3 3 3 
						3 3 3 3 3 3 3 3 3 3 3 3 3 3 3 3 3 3 3 3 3 3 3 3 3 3 3 3 3 3 3 3 3 3 3 3 3 3 3 3 3 3 3 3 3 3 3 3 3 3 3 3 3 3 3 3 3 3 3 3 3 3 3 3 
						3 3 3 3 3 3 3 3 3 3 3 3 3 3 3 3 3 3 3 3 3 3 3 3 3 3 3 3 3 3 3 3 3 3 3 3 3 3 3 3 3 3 3 3 3 3 3 3 3 3 3 3 3 3 3 3 3 3 3 3 3 3 3 3 
						3 3 3 3 3 3 3 3 3 3 3 3 3 3 3 3 3 3 3 3 3 3 3 3 3 3 3 3 3 3 3 3 3 3 3 3 3 3 3 3 3 3 3 3 3 3 3 3 3 3 3 3 3 3 3 3 3 3 3 3 3 3 3 3 
						3 3 3 3 3 3 3 3 3 3 3 3 3 3 3 3 3 3 3 3 3 3 3 3 3 3 3 3 3 3 3 3 3 3 3 3 3 3 3 3 3 3 3 3 3 3 3 3 3 3 3 3 3 3 3 3 3 3 3 3 3 3 3 3 
						3 3 3 3 3 3 3 3 3 3 3 3 3 3 3 3 3 3 3 3 3 3 3 3 3 3 3 3 3 3 3 3 3 3 3 3 3 3 3 3 3 3 3 3 3 3 3 3 3 3 3 3 3 3 3 3 3 3 3 3 3 3 3 3 
						3 3 3 3 3 3 3 3 3 3 3 3 3 3 3 3 3 3 3 3 3 3 3 3 3 3 3 3 3 3 3 3 3 3 3 3 3 3 3 3 3 3 3 3 3 3 3 3 3 3 3 3 3 3 3 3 3 3 3 3 3 3 3 3 
						3 3 3 3 3 3 3 3 3 3 3 3 3 3 3 3 3 3 3 3 3 3 3 3 3 3 3 3 3 3 3 3 3 3 3 3 3 3 3 3 3 3 3 3 3 3 3 3 3 3 3 3 3 3 3 3 3 3 3 3 3 3 3 3 
						3 3 3 3 3 3 3 3 3 3 3 3 3 3 3 3 3 3 3 3 3 3 3 3 3 3 3 3 3 3 3 3 3 3 3 3 3 3 3 3 3 3 3 3 3 3 3 3 3 3 3 3 3 3 3 3 3 3 3 3 3 3 3 3 
						3 3 3 3 3 3 3 3 3 3 3 3 3 3 3 3 3 3 3 3 3 3 3 3 3 3 3 3 3 3 3 3 3 3 3 3 3 3 3 3 3 3 3 3 3 3 3 3 3 3 3 3 3 3 3 3 3 3 3 3 3 3 3 3 
						3 3 3 3 3 3 3 3 3 3 3 3 3 3 3 3 3 3 3 3 3 3 3 3 3 3 3 3 3 3 3 3 3 3 3 3 3 3 3 3 3 3 3 3 3 3 3 3 3 3 3 3 3 3 3 3 3 3 3 3 3 3 3 3 
						3 3 3 3 3 3 3 3 3 3 3 3 3 3 3 3 3 3 3 3 3 3 3 3 3 3 3 3 3 3 3 3 3 3 3 3 3 3 3 3 3 3 3 3 3 3 3 3 3 3 3 3 3 3 3 3 3 3 3 3 3 3 3 3 
						3 3 3 3 3 3 3 3 3 3 3 3 3 3 3 3 3 3 3 3 3 3 3 3 3 3 3 3 3 3 3 3 3 3 3 3 3 3 3 3 3 3 3 3 3 3 3 3 3 3 3 3 3 3 3 3 3 3 3 3 3 3 3 3 
						3 3 3 3 3 3 3 3 3 3 3 3 3 3 3 3 3 3 3 3 3 3 3 3 3 3 3 3 3 3 3 3 3 3 3 3 3 3 3 3 3 3 3 3 3 3 3 3 3 3 3 3 3 3 3 3 3 3 3 3 3 3 3 3 
						3 3 3 3 3 3 3 3 3 3 3 3 3 3 3 3 3 3 3 3 3 3 3 3 3 3 3 3 3 3 3 3 3 3 3 3 3 3 3 3 3 3 3 3 3 3 3 3 3 3 3 3 3 3 3 3 3 3 3 3 3 3 3 3 
						3 3 3 3 3 3 3 3 3 3 3 3 3 3 3 3 3 3 3 3 3 3 3 3 3 3 3 3 3 3 3 3 3 3 3 3 3 3 3 3 3 3 3 3 3 3 3 3 3 3 3 3 3 3 3 3 3 3 3 3 3 3 3 3 
						3 3 3 3 3 3 3 3 3 3 3 3 3 3 3 3 3 3 3 3 3 3 3 3 3 3 3 3 3 3 3 3 3 3 3 3 3 3 3 3 3 3 3 3 3 3 3 3 3 3 3 3 3 3 3 3 3 3 3 3 3 3 3 3 
						3 3 3 3 3 3 3 3 3 3 3 3 3 3 3 3 3 3 3 3 3 3 3 3 3 3 3 3 3 3 3 3 3 3 3 3 3 3 3 3 3 3 3 3 3 3 3 3 3 3 3 3 3 3 3 3 3 3 3 3 3 3 3 3 
						3 3 3 3 3 3 3 3 3 3 3 3 3 3 3 3 3 3 3 3 3 3 3 3 3 3 3 3 3 3 3 3 3 3 3 3 3 3 3 3 3 3 3 3 3 3 3 3 3 3 3 3 3 3 3 3 3 3 3 3 3 3 3 3 
						3 3 3 3 3 3 3 3 3 3 3 3 3 3 3 3 3 3 3 3 3 3 3 3 3 3 3 3 3 3 3 3 3 3 3 3 3 3 3 3 3 3 3 3 3 3 3 3 3 3 3 3 3 3 3 3 3 3 3 3 3 3 3 3 
						3 3 3 3 3 3 3 3 3 3 3 3 3 3 3 3 3 3 3 3 3 3 3 3 3 3 3 3 3 3 3 3 3 3 3 3 3 3 3 3 3 3 3 3 3 3 3 3 3 3 3 3 3 3 3 3 3 3 3 3 3 3 3 3 
						3 3 3 3 3 3 3 3 3 3 3 3 3 3 3 3 3 3 3 3 3 3 3 3 3 3 3 3 3 3 3 3 3 3 3 3 3 3 3 3 3 3 3 3 3 3 3 3 3 3 3 3 3 3 3 3 3 3 3 3 3 3 3 3 
						3 3 3 3 3 3 3 3 3 3 3 3 3 3 3 3 3 3 3 3 3 3 3 3 3 3 3 3 3 3 3 3 3 3 3 3 3 3 3 3 3 3 3 3 3 3 3 3 3 3 3 3 3 3 3 3 3 3 3 3 3 3 3 3 
						3 3 3 3 3 3 3 3 3 3 3 3 3 3 3 3 3 3 3 3 3 3 3 3 3 3 3 3 3 3 3 3 3 3 3 3 3 3 3 3 3 3 3 3 3 3 3 3 3 3 3 3 3 3 3 3 3 3 3 3 3 3 3 3 
						3 3 3 3 3 3 3 3 3 3 3 3 3 3 3 3 3 3 3 3 3 3 3 3 3 3 3 3 3 3 3 3 3 3 3 3 3 3 3 3 3 3 3 3 3 3 3 3 3 3 3 3 3 3 3 3 3 3 3 3 3 3 3 3 
						3 3 3 3 3 3 3 3 3 3 3 3 3 3 3 3 3 3 3 3 3 3 3 3 3 3 3 3 3 3 3 3 3 3 3 3 3 3 3 3 3 3 3 3 3 3 3 3 3 3 3 3 3 3 3 3 3 3 3 3 3 3 3 3 
						3 3 3 3 3 3 3 3 3 3 3 3 3 3 3 3 3 3 3 3 3 3 3 3 3 3 3 3 3 3 3 3 3 3 3 3 3 3 3 3 3 3 3 3 3 3 3 3 3 3 3 3 3 3 3 3 3 3 3 3 3 3 3 3 
						3 3 3 3 3 3 3 3 3 3 3 3 3 3 3 3 3 3 3 3 3 3 3 3 3 3 3 3 3 3 3 3 3 3 3 3 3 3 3 3 3 3 3 3 3 3 3 3 3 3 3 3 3 3 3 3 3 3 3 3 3 3 3 3 
						3 3 3 3 3 3 3 3 3 3 3 3 3 3 3 3 3 3 3 3 3 3 3 3 3 3 3 3 3 3 3 3 3 3 3 3 3 3 3 3 3 3 3 3 3 3 3 3 3 3 3 3 3 3 3 3 3 3 3 3 3 3 3 3 
						3 3 3 3 3 3 3 3 3 3 3 3 3 3 3 3 3 3 3 3 3 3 3 3 3 3 3 3 3 3 3 3 3 3 3 3 3 3 3 3 3 3 3 3 3 3 3 3 3 3 3 3 3 3 3 3 3 3 3 3 3 3 3 3 
						3 3 3 3 3 3 3 3 3 3 3 3 3 3 3 3 3 3 3 3 3 3 3 3 3 3 3 3 3 3 3 3 3 3 3 3 3 3 3 3 3 3 3 3 3 3 3 3 3 3 3 3 3 3 3 3 3 3 3 3 3 3 3 3 
						3 3 3 3 3 3 3 3 3 3 3 3 3 3 3 3 3 3 3 3 3 3 3 3 3 3 3 3 3 3 3 3 3 3 3 3 3 3 3 3 3 3 3 3 3 3 3 3 3 3 3 3 3 3 3 3 3 3 3 3 3 3 3 3 
						3 3 3 3 3 3 3 3 3 3 3 3 3 3 3 3 3 3 3 3 3 3 3 3 3 3 3 3 3 3 3 3 3 3 3 3 3 3 3 3 3 3 3 3 3 3 3 3 3 3 3 3 3 3 3 3 3 3 3 3 3 3 3 3 
						3 3 3 3 3 3 3 3 3 3 3 3 3 3 3 3 3 3 3 3 3 3 3 3 3 3 3 3 3 3 3 3 3 3 3 3 3 3 3 3 3 3 3 3 3 3 3 3 3 3 3 3 3 3 3 3 3 3 3 3 3 3 3 3 
						3 3 3 3 3 3 3 3 3 3 3 3 3 3 3 3 3 3 3 3 3 3 3 3 3 3 3 3 3 3 3 3 3 3 3 3 3 3 3 3 3 3 3 3 3 3 3 3 3 3 3 3 3 3 3 3 3 3 3 3 3 3 3 3 
						3 3 3 3 3 3 3 3 3 3 3 3 3 3 3 3 3 3 3 3 3 3 3 3 3 3 3 3 3 3 3 3 3 3 3 3 3 3 3 3 3 3 3 3 3 3 3 3 3 3 3 3 3 3 3 3 3 3 3 3 3 3 3 3 
						3 3 3 3 3 3 3 3 3 3 3 3 3 3 3 3 3 3 3 3 3 3 3 3 3 3 3 3 3 3 3 3 3 3 3 3 3 3 3 3 3 3 3 3 3 3 3 3 3 3 3 3 3 3 3 3 3 3 3 3 3 3 3 3 
						3 3 3 3 3 3 3 3 3 3 3 3 3 3 3 3 3 3 3 3 3 3 3 3 3 3 3 3 3 3 3 3 3 3 3 3 3 3 3 3 3 3 3 3 3 3 3 3 3 3 3 3 3 3 3 3 3 3 3 3 3 3 3 3 
						3 3 3 3 3 3 3 3 3 3 3 3 3 3 3 3 3 3 3 3 3 3 3 3 3 3 3 3 3 3 3 3 3 3 3 3 3 3 3 3 3 3 3 3 3 3 3 3 3 3 3 3 3 3 3 3 3 3 3 3 3 3 3 3 
						3 3 3 3 3 3 3 3 3 3 3 3 3 3 3 3 3 3 3 3 3 3 3 3 3 3 3 3 3 3 3 3 3 3 3 3 3 3 3 3 3 3 3 3 3 3 3 3 3 3 3 3 3 3 3 3 3 3 3 3 3 3 3 3 
						3 3 3 3 3 3 3 3 3 3 3 3 3 3 3 3 3 3 3 3 3 3 3 3 3 3 3 3 3 3 3 3 3 3 3 3 3 3 3 3 3 3 3 3 3 3 3 3 3 3 3 3 3 3 3 3 3 3 3 3 3 3 3 3 
						3 3 3 3 3 3 3 3 3 3 3 3 3 3 3 3 3 3 3 3 3 3 3 3 3 3 3 3 3 3 3 3 3 3 3 3 3 3 3 3 3 3 3 3 3 3 3 3 3 3 3 3 3 3 3 3 3 3 3 3 3 3 3 3 
						3 3 3 3 3 3 3 3 3 3 3 3 3 3 3 3 3 3 3 3 3 3 3 3 3 3 3 3 3 3 3 3 3 3 3 3 3 3 3 3 3 3 3 3 3 3 3 3 3 3 3 3 3 3 3 3 3 3 3 3 3 3 3 3 
						3 3 3 3 3 3 3 3 3 3 3 3 3 3 3 3 3 3 3 3 3 3 3 3 3 3 3 3 3 3 3 3 3 3 3 3 3 3 3 3 3 3 3 3 3 3 3 3 3 3 3 3 3 3 3 3 3 3 3 3 3 3 3 3 
						3 3 3 3 3 3 3 3 3 3 3 3 3 3 3 3 3 3 3 3 3 3 3 3 3 3 3 3 3 3 3 3 3 3 3 3 3 3 3 3 3 3 3 3 3 3 3 3 3 3 3 3 3 3 3 3 3 3 3 3 3 3 3 3 
						3 3 3 3 3 3 3 3 3 3 3 3 3 3 3 3 3 3 3 3 3 3 3 3 3 3 3 3 3 3 3 3 3 3 3 3 3 3 3 3 3 3 3 3 3 3 3 3 3 3 3 3 3 3 3 3 3 3 3 3 3 3 3 3 
						3 3 3 3 3 3 3 3 3 3 3 3 3 3 3 3 3 3 3 3 3 3 3 3 3 3 3 3 3 3 3 3 3 3 3 3 3 3 3 3 3 3 3 3 3 3 3 3 3 3 3 3 3 3 3 3 3 3 3 3 3 3 3 3 
						3 3 3 3 3 3 3 3 3 3 3 3 3 3 3 3 3 3 3 3 3 3 3 3 3 3 3 3 3 3 3 3 3 3 3 3 3 3 3 3 3 3 3 3 3 3 3 3 3 3 3 3 3 3 3 3 3 3 3 3 3 3 3 3 
						3 3 3 3 3 3 3 3 3 3 3 3 3 3 3 3 3 3 3 3 3 3 3 3 3 3 3 3 3 3 3 3 3 3 3 3 3 3 3 3 3 3 3 3 3 3 3 3 3 3 3 3 3 3 3 3 3 3 3 3 3 3 3 3 
						3 3 3 3 3 3 3 3 3 3 3 3 3 3 3 3 3 3 3 3 3 3 3 3 3 3 3 3 3 3 3 3 3 3 3 3 3 3 3 3 3 3 3 3 3 3 3 3 3 3 3 3 3 3 3 3 3 3 3 3 3 3 3 3 
						3 3 3 3 3 3 3 3 3 3 3 3 3 3 3 3 3 3 3 3 3 3 3 3 3 3 3 3 3 3 3 3 3 3 3 3 3 3 3 3 3 3 3 3 3 3 3 3 3 3 3 3 3 3 3 3 3 3 3 3 3 3 3 3 
						3 3 3 3 3 3 3 3 3 3 3 3 3 3 3 3 3 3 3 3 3 3 3 3 3 3 3 3 3 3 3 3 3 3 3 3 3 3 3 3 3 3 3 3 3 3 3 3 3 3 3 3 3 3 3 3 3 3 3 3 3 3 3 3 
						3 3 3 3 3 3 3 3 3 3 3 3 3 3 3 3 3 3 3 3 3 3 3 3 3 3 3 3 3 3 3 3 3 3 3 3 3 3 3 3 3 3 3 3 3 3 3 3 3 3 3 3 3 3 3 3 3 3 3 3 3 3 3 3 
						3 3 3 3 3 3 3 3 3 3 3 3 3 3 3 3 3 3 3 3 3 3 3 3 3 3 3 3 3 3 3 3 3 3 3 3 3 3 3 3 3 3 3 3 3 3 3 3 3 3 3 3 3 3 3 3 3 3 3 3 3 3 3 3 
						3 3 3 3 3 3 3 3 3 3 3 3 3 3 3 3 3 3 3 3 3 3 3 3 3 3 3 3 3 3 3 3 3 3 3 3 3 3 3 3 3 3 3 3 3 3 3 3 3 3 3 3 3 3 3 3 3 3 3 3 3 3 3 3 
						3 3 3 3 3 3 3 3 3 3 3 3 3 3 3 3 3 3 3 3 3 3 3 3 3 3 3 3 3 3 3 3 3 3 3 3 3 3 3 3 3 3 3 3 3 3 3 3 3 3 3 3 3 3 3 3 3 3 3 3 3 3 3 3 
						3 3 3 3 3 3 3 3 3 3 3 3 3 3 3 3 3 3 3 3 3 3 3 3 3 3 3 3 3 3 3 3 3 3 3 3 3 3 3 3 3 3 3 3 3 3 3 3 3 3 3 3 3 3 3 3 3 3 3 3 3 3 3 3 
						3 3 3 3 3 3 3 3 3 3 3 3 3 3 3 3 3 3 3 3 3 3 3 3 3 3 3 3 3 3 3 3 3 3 3 3 3 3 3 3 3 3 3 3 3 3 3 3 3 3 3 3 3 3 3 3 3 3 3 3 3 3 3 3 
						3 3 3 3 3 3 3 3 3 3 3 3 3 3 3 3 3 3 3 3 3 3 3 3 3 3 3 3 3 3 3 3 3 3 3 3 3 3 3 3 3 3 3 3 3 3 3 3 3 3 3 3 3 3 3 3 3 3 3 3 3 3 3 3 
						3 3 3 3 3 3 3 3 3 3 3 3 3 3 3 3 3 3 3 3 3 3 3 3 3 3 3 3 3 3 3 3 3 3 3 3 3 3 3 3 3 3 3 3 3 3 3 3 3 3 3 3 3 3 3 3 3 3 3 3 3 3 3 3 
						3 3 3 3 3 3 3 3 3 3 3 3 3 3 3 3 3 3 3 3 3 3 3 3 3 3 3 3 3 3 3 3 3 3 3 3 3 3 3 3 3 3 3 3 3 3 3 3 3 3 3 3 3 3 3 3 3 3 3 3 3 3 3 3 
						3 3 3 3 3 3 3 3 3 3 3 3 3 3 3 3 3 3 3 3 3 3 3 3 3 3 3 3 3 3 3 3 3 3 3 3 3 3 3 3 3 3 3 3 3 3 3 3 3 3 3 3 3 3 3 3 3 3 3 3 3 3 3 3 
						3 3 3 3 3 3 3 3 3 3 3 3 3 3 3 3 3 3 3 3 3 3 3 3 3 3 3 3 3 3 3 3 3 3 3 3 3 3 3 3 3 3 3 3 3 3 3 3 3 3 3 3 3 3 3 3 3 3 3 3 3 3 3 3 
						3 3 3 3 3 3 3 3 3 3 3 3 3 3 3 3 3 3 3 3 3 3 3 3 3 3 3 3 3 3 3 3 3 3 3 3 3 3 3 3 3 3 3 3 3 3 3 3 3 3 3 3 3 3 3 3 3 3 3 3 3 3 3 3 
						3 3 3 3 3 3 3 3 3 3 3 3 3 3 3 3 3 3 3 3 3 3 3 3 3 3 3 3 3 3 3 3 3 3 3 3 3 3 3 3 3 3 3 3 3 3 3 3 3 3 3 3 3 3 3 3 3 3 3 3 3 3 3 3 
						3 3 3 3 3 3 3 3 3 3 3 3 3 3 3 3 3 3 3 3 3 3 3 3 3 3 3 3 3 3 3 3 3 3 3 3 3 3 3 3 3 3 3 3 3 3 3 3 3 3 3 3 3 3 3 3 3 3 3 3 3 3 3 3 
						3 3 3 3 3 3 3 3 3 3 3 3 3 3 3 3 3 3 3 3 3 3 3 3 3 3 3 3 3 3 3 3 3 3 3 3 3 3 3 3 3 3 3 3 3 3 3 3 3 3 3 3 3 3 3 3 3 3 3 3 3 3 3 3 
						3 3 3 3 3 3 3 3 3 3 3 3 3 3 3 3 3 3 3 3 3 3 3 3 3 3 3 3 3 3 3 3 3 3 3 3 3 3 3 3 3 3 3 3 3 3 3 3 3 3 3 3 3 3 3 3 3 3 3 3 3 3 3 3 
						3 3 3 3 3 3 3 3 3 3 3 3 3 3 3 3 3 3 3 3 3 3 3 3 3 3 3 3 3 3 3 3 3 3 3 3 3 3 3 3 3 3 3 3 3 3 3 3 3 3 3 3 3 3 3 3 3 3 3 3 3 3 3 3 
						3 3 3 3 3 3 3 3 3 3 3 3 3 3 3 3 3 3 3 3 3 3 3 3 3 3 3 3 3 3 3 3 3 3 3 3 3 3 3 3 3 3 3 3 3 3 3 3 3 3 3 3 3 3 3 3 3 3 3 3 3 3 3 3 
						3 3 3 3 3 3 3 3 3 3 3 3 3 3 3 3 3 3 3 3 3 3 3 3 3 3 3 3 3 3 3 3 3 3 3 3 3 3 3 3 3 3 3 3 3 3 3 3 3 3 3 3 3 3 3 3 3 3 3 3 3 3 3 3 
						3 3 3 3 3 3 3 3 3 3 3 3 3 3 3 3 3 3 3 3 3 3 3 3 3 3 3 3 3 3 3 3 3 3 3 3 3 3 3 3 3 3 3 3 3 3 3 3 3 3 3 3 3 3 3 3 3 3 3 3 3 3 3 3 
						3 3 3 3 3 3 3 3 3 3 3 3 3 3 3 3 3 3 3 3 3 3 3 3 3 3 3 3 3 3 3 3 3 3 3 3 3 3 3 3 3 3 3 3 3 3 3 3 3 3 3 3 3 3 3 3 3 3 3 3 3 3 3 3 
						3 3 3 3 3 3 3 3 3 3 3 3 3 3 3 3 3 3 3 3 3 3 3 3 3 3 3 3 3 3 3 3 3 3 3 3 3 3 3 3 3 3 3 3 3 3 3 3 3 3 3 3 3 3 3 3 3 3 3 3 3 3 3 3 
						3 3 3 3 3 3 3 3 3 3 3 3 3 3 3 3 3 3 3 3 3 3 3 3 3 3 3 3 3 3 3 3 3 3 3 3 3 3 3 3 3 3 3 3 3 3 3 3 3 3 3 3 3 3 3 3 3 3 3 3 3 3 3 3 
						3 3 3 3 3 3 3 3 3 3 3 3 3 3 3 3 3 3 3 3 3 3 3 3 3 3 3 3 3 3 3 3 3 3 3 3 3 3 3 3 3 3 3 3 3 3 3 3 3 3 3 3 3 3 3 3 3 3 3 3 3 3 3 3 
						3 3 3 3 3 3 3 3 3 3 3 3 3 3 3 3 3 3 3 3 3 3 3 3 3 3 3 3 3 3 3 3 3 3 3 3 3 3 3 3 3 3 3 3 3 3 3 3 3 3 3 3 3 3 3 3 3 3 3 3 3 3 3 3 
						3 3 3 3 3 3 3 3 3 3 3 3 3 3 3 3 3 3 3 3 3 3 3 3 3 3 3 3 3 3 3 3 3 3 3 3 3 3 3 3 3 3 3 3 3 3 3 3 3 3 3 3 3 3 3 3 3 3 3 3 3 3 3 3 
						3 3 3 3 3 3 3 3 3 3 3 3 3 3 3 3 3 3 3 3 3 3 3 3 3 3 3 3 3 3 3 3 3 3 3 3 3 3 3 3 3 3 3 3 3 3 3 3 3 3 3 3 3 3 3 3 3 3 3 3 3 3 3 3 
						3 3 3 3 3 3 3 3 3 3 3 3 3 3 3 3 3 3 3 3 3 3 3 3 3 3 3 3 3 3 3 3 3 3 3 3 3 3 3 3 3 3 3 3 3 3 3 3 3 3 3 3 3 3 3 3 3 3 3 3 3 3 3 3 
						3 3 3 3 3 3 3 3 3 3 3 3 3 3 3 3 3 3 3 3 3 3 3 3 3 3 3 3 3 3 3 3 3 3 3 3 3 3 3 3 3 3 3 3 3 3 3 3 3 3 3 3 3 3 3 3 3 3 3 3 3 3 3 3 
						3 3 3 3 3 3 3 3 3 3 3 3 3 3 3 3 3 3 3 3 3 3 3 3 3 3 3 3 3 3 3 3 3 3 3 3 3 3 3 3 3 3 3 3 3 3 3 3 3 3 3 3 3 3 3 3 3 3 3 3 3 3 3 3 
						3 3 3 3 3 3 3 3 3 3 3 3 3 3 3 3 3 3 3 3 3 3 3 3 3 3 3 3 3 3 3 3 3 3 3 3 3 3 3 3 3 3 3 3 3 3 3 3 3 3 3 3 3 3 3 3 3 3 3 3 3 3 3 3 
						3 3 3 3 3 3 3 3 3 3 3 3 3 3 3 3 3 3 3 3 3 3 3 3 3 3 3 3 3 3 3 3 3 3 3 3 3 3 3 3 3 3 3 3 3 3 3 3 3 3 3 3 3 3 3 3 3 3 3 3 3 3 3 3 
						3 3 3 3 3 3 3 3 3 3 3 3 3 3 3 3 3 3 3 3 3 3 3 3 3 3 3 3 3 3 3 3 3 3 3 3 3 3 3 3 3 3 3 3 3 3 3 3 3 3 3 3 3 3 3 3 3 3 3 3 3 3 3 3 
						3 3 3 3 3 3 3 3 3 3 3 3 3 3 3 3 3 3 3 3 3 3 3 3 3 3 3 3 3 3 3 3 3 3 3 3 3 3 3 3 3 3 3 3 3 3 3 3 3 3 3 3 3 3 3 3 3 3 3 3 3 3 3 3 
						3 3 3 3 3 3 3 3 3 3 3 3 3 3 3 3 3 3 3 3 3 3 3 3 3 3 3 3 3 3 3 3 3 3 3 3 3 3 3 3 3 3 3 3 3 3 3 3 3 3 3 3 3 3 3 3 3 3 3 3 3 3 3 3 
						3 3 3 3 3 3 3 3 3 3 3 3 3 3 3 3 3 3 3 3 3 3 3 3 3 3 3 3 3 3 3 3 3 3 3 3 3 3 3 3 3 3 3 3 3 3 3 3 3 3 3 3 3 3 3 3 3 3 3 3 3 3 3 3 
						3 3 3 3 3 3 3 3 3 3 3 3 3 3 3 3 3 3 3 3 3 3 3 3 3 3 3 3 3 3 3 3 3 3 3 3 3 3 3 3 3 3 3 3 3 3 3 3 3 3 3 3 3 3 3 3 3 3 3 3 3 3 3 3 
						3 3 3 3 3 3 3 3 3 3 3 3 3 3 3 3 3 3 3 3 3 3 3 3 3 3 3 3 3 3 3 3 3 3 3 3 3 3 3 3 3 3 3 3 3 3 3 3 3 3 3 3 3 3 3 3 3 3 3 3 3 3 3 3 
						3 3 3 3 3 3 3 3 3 3 3 3 3 3 3 3 3 3 3 3 3 3 3 3 3 3 3 3 3 3 3 3 3 3 3 3 3 3 3 3 3 3 3 3 3 3 3 3 3 3 3 3 3 3 3 3 3 3 3 3 3 3 3 3 
						3 3 3 3 3 3 3 3 3 3 3 3 3 3 3 3 3 3 3 3 3 3 3 3 3 3 3 3 3 3 3 3 3 3 3 3 3 3 3 3 3 3 3 3 3 3 3 3 3 3 3 3 3 3 3 3 3 3 3 3 3 3 3 3 
						3 3 3 3 3 3 3 3 3 3 3 3 3 3 3 3 3 3 3 3 3 3 3 3 
					</vcount>
					<p>
						0 1 2 2 3 0 4 5 6 7 8 9 9 10 7 11 12 13 13 14 11 4 15 5 16 7 10 10 17 16 18 19 20 20 21 18 4 22 15 23 16 17 17 24 23 25 26 27 27 28 25 4 29 22 30 23 24 24 31 30 32 33 34 34 35 32 4 36 29 37 30 31 31 38 37 39 40 41 41 42 39 4 43 36 44 37 38 38 45 44 46 47 48 48 49 46 4 50 43 51 44 45 45 52 51 53 54 55 55 56 53 4 57 50 58 51 52 52 59 58 3 2 60 60 61 3 4 62 57 63 58 59 59 64 63 14 13 65 65 66 14 4 67 62 68 63 64 64 69 68 21 20 70 70 71 21 4 72 67 73 68 69 69 74 73 28 27 75 75 76 28 4 77 72 78 73 74 74 79 78 35 34 80 80 81 35 4 82 77 83 78 79 
						79 84 83 42 41 85 85 86 42 4 87 82 88 83 84 84 89 88 49 48 90 90 91 49 4 92 87 93 88 89 89 94 93 56 55 95 95 96 56 4 97 92 98 93 94 94 99 98 66 65 1 1 0 66 4 100 97 101 98 99 99 102 101 71 70 12 12 11 71 4 103 100 104 101 102 102 105 104 76 75 19 19 18 76 4 106 103 107 104 105 105 108 107 81 80 26 26 25 81 4 109 106 110 107 108 108 111 110 86 85 33 33 32 86 4 112 109 113 110 111 111 114 113 61 60 115 115 116 61 4 117 112 118 113 114 114 119 118 91 90 40 40 39 91 4 120 117 121 118 119 119 122 121 116 115 123 123 124 116 4 125 120 126 121 122 122 127 126 96 95 47 47 46 96 4 128 125 129 126 127 127 130 129 124 123 54 54 53 124 4 6 128 
						8 129 130 130 9 8 131 132 133 133 134 131 135 136 137 137 138 135 139 140 141 141 142 139 143 144 145 145 146 143 147 148 149 149 150 147 151 152 132 132 131 151 153 154 136 136 135 153 155 156 140 140 139 155 157 158 144 144 143 157 159 160 148 148 147 159 161 162 163 163 164 161 165 166 152 152 151 165 167 168 156 156 155 167 169 170 158 158 157 169 171 172 154 154 153 171 134 133 160 160 159 134 138 137 162 162 161 138 142 141 166 166 165 142 146 145 172 172 171 146 173 174 168 168 167 173 175 176 170 170 169 175 177 178 179 179 180 177 181 182 183 183 184 181 185 186 187 187 188 185 189 190 191 191 192 189 193 194 195 195 196 193 197 198 199 199 200 197 201 202 203 203 204 201 205 206 178 178 177 205 207 208 182 182 181 207 209 210 186 186 185 209 
						211 212 190 190 189 211 213 214 194 194 193 213 215 216 198 198 197 215 217 218 202 202 201 217 219 220 208 208 207 219 221 222 210 210 209 221 223 224 212 212 211 223 225 226 206 206 205 225 227 228 214 214 213 227 180 179 216 216 215 180 184 183 218 218 217 184 188 187 226 226 225 188 192 191 220 220 219 192 229 230 222 222 221 229 200 199 224 224 223 200 204 203 228 228 227 204 231 177 180 180 232 231 233 181 184 184 234 233 235 185 188 188 236 235 237 189 192 192 238 237 239 193 196 196 240 239 241 197 200 200 242 241 243 201 204 204 244 243 245 205 177 177 231 245 246 207 181 181 233 246 247 209 185 185 235 247 248 211 189 189 237 248 249 213 193 193 239 249 250 215 197 197 241 250 251 217 201 201 243 251 252 219 207 207 246 252 253 221 209 209 247 253 
						254 223 211 211 248 254 255 225 205 205 245 255 256 227 213 213 249 256 232 180 215 215 250 232 234 184 217 217 251 234 236 188 225 225 255 236 238 192 219 219 252 238 257 229 221 221 253 257 242 200 223 223 254 242 244 204 227 227 256 244 258 233 234 234 259 258 260 235 236 236 261 260 262 237 238 238 263 262 264 239 240 240 265 264 266 241 242 242 267 266 268 243 244 244 269 268 270 245 231 231 271 270 272 246 233 233 258 272 273 247 235 235 260 273 274 248 237 237 262 274 275 249 239 239 264 275 276 250 241 241 266 276 277 251 243 243 268 277 278 252 246 246 272 278 279 253 247 247 273 279 280 254 248 248 274 280 281 255 245 245 270 281 282 256 249 249 275 282 283 232 250 250 276 283 259 234 251 251 277 259 261 236 255 255 281 261 263 238 252 252 278 263 
						284 257 253 253 279 284 267 242 254 254 280 267 269 244 256 256 282 269 271 231 232 232 283 271 285 260 261 261 286 285 287 262 263 263 288 287 289 264 265 265 290 289 291 266 267 267 292 291 293 268 269 269 294 293 295 270 271 271 296 295 297 272 258 258 298 297 299 273 260 260 285 299 300 274 262 262 287 300 301 275 264 264 289 301 302 276 266 266 291 302 303 277 268 268 293 303 304 278 272 272 297 304 305 279 273 273 299 305 306 280 274 274 300 306 307 281 270 270 295 307 308 282 275 275 301 308 309 283 276 276 302 309 310 259 277 277 303 310 286 261 281 281 307 286 288 263 278 278 304 288 311 284 279 279 305 311 292 267 280 280 306 292 294 269 282 282 308 294 296 271 283 283 309 296 298 258 259 259 310 298 312 287 288 288 313 312 314 289 290 290 315 314 
						316 291 292 292 317 316 318 293 294 294 319 318 320 295 296 296 321 320 322 297 298 298 323 322 324 299 285 285 325 324 326 300 287 287 312 326 327 301 289 289 314 327 328 302 291 291 316 328 329 303 293 293 318 329 330 304 297 297 322 330 331 305 299 299 324 331 332 306 300 300 326 332 333 307 295 295 320 333 334 308 301 301 327 334 335 309 302 302 328 335 336 310 303 303 329 336 337 286 307 307 333 337 313 288 304 304 330 313 338 311 305 305 331 338 317 292 306 306 332 317 319 294 308 308 334 319 321 296 309 309 335 321 323 298 310 310 336 323 325 285 286 286 337 325 339 340 341 339 341 342 339 342 343 339 343 344 339 344 345 339 345 346 339 346 347 339 347 348 339 348 349 339 349 350 339 350 351 339 351 352 339 352 353 339 353 354 339 354 355 339 355 356 
						339 356 357 339 357 358 339 358 359 339 359 360 339 360 361 339 361 362 339 362 363 339 363 364 339 364 365 366 367 368 368 369 366 369 368 370 370 371 369 371 370 372 372 373 371 373 372 374 374 375 373 375 374 376 376 377 375 377 376 378 378 379 377 379 378 380 380 381 379 381 380 382 382 383 381 383 382 384 384 385 383 385 384 386 386 387 385 387 386 388 388 389 387 389 388 390 390 391 389 391 390 392 392 393 391 393 392 394 394 395 393 395 394 396 396 397 395 397 396 398 398 399 397 399 398 400 400 401 399 401 400 402 402 403 401 403 402 404 404 405 403 405 404 406 406 407 405 407 406 408 408 409 407 409 408 410 410 411 409 411 410 412 412 413 411 413 412 414 414 415 413 415 414 416 416 417 415 417 416 367 367 366 417 418 419 420 420 421 418 422 423 419 
						419 418 422 424 425 423 423 422 424 426 427 425 425 424 426 428 429 427 427 426 428 430 431 429 429 428 430 432 433 431 431 430 432 434 435 433 433 432 434 436 437 435 435 434 436 438 439 437 437 436 438 440 441 439 439 438 440 442 443 441 441 440 442 444 445 443 443 442 444 446 447 445 445 444 446 448 449 447 447 446 448 450 451 449 449 448 450 452 453 451 451 450 452 454 455 453 453 452 454 456 457 455 455 454 456 458 459 457 457 456 458 460 461 462 462 463 460 464 465 461 461 460 464 466 467 465 465 464 466 468 469 467 467 466 468 470 471 469 469 468 470 421 420 471 471 470 421 472 473 474 474 475 472 475 474 476 476 477 475 477 476 478 478 479 477 479 478 480 480 481 479 481 480 482 482 483 481 483 482 484 484 485 483 485 484 486 486 487 485 487 486 488 
						488 489 487 489 488 490 490 491 489 491 490 492 492 493 491 493 492 494 494 495 493 495 494 496 496 497 495 497 496 498 498 499 497 499 498 500 500 501 499 501 500 502 502 503 501 503 502 504 504 505 503 505 504 506 506 507 505 507 506 508 508 509 507 509 508 510 510 511 509 511 510 512 512 513 511 513 512 514 514 515 513 515 514 516 516 517 515 517 516 518 518 519 517 519 518 520 520 521 519 521 520 522 522 523 521 523 522 473 473 472 523 524 525 526 526 527 524 528 529 525 525 524 528 530 531 529 529 528 530 532 533 531 531 530 532 534 535 533 533 532 534 536 537 535 535 534 536 538 539 537 537 536 538 540 541 539 539 538 540 542 543 541 541 540 542 544 545 543 543 542 544 546 547 545 545 544 546 548 549 547 547 546 548 550 551 549 549 548 550 552 553 551 
						551 550 552 554 555 553 553 552 554 556 557 555 555 554 556 558 559 557 557 556 558 560 561 559 559 558 560 562 563 561 561 560 562 564 565 563 563 562 564 566 567 568 568 569 566 570 571 567 567 566 570 572 573 571 571 570 572 574 575 573 573 572 574 576 577 575 575 574 576 527 526 577 577 576 527 578 579 580 580 581 578 582 583 579 579 578 582 584 585 583 583 582 584 586 587 585 585 584 586 588 589 587 587 586 588 590 591 589 589 588 590 592 593 591 591 590 592 594 595 593 593 592 594 596 597 595 595 594 596 598 599 597 597 596 598 600 601 599 599 598 600 602 603 601 601 600 602 604 605 603 603 602 604 606 607 605 605 604 606 608 609 607 607 606 608 610 611 609 609 608 610 612 613 611 611 610 612 614 615 613 613 612 614 616 617 615 615 614 616 618 619 617 
						617 616 618 620 621 619 619 618 620 622 623 621 621 620 622 624 625 623 623 622 624 626 627 625 625 624 626 628 629 627 627 626 628 581 580 629 629 628 581 163 630 631 631 164 163 630 632 633 633 631 630 632 634 635 635 633 632 634 636 637 637 635 634 636 174 173 173 637 636 638 639 640 640 641 638 642 638 641 641 643 642 644 642 643 643 645 644 646 647 648 648 649 646 650 646 649 649 651 650 652 650 651 651 653 652 654 652 653 653 655 654 656 654 655 655 657 656 658 656 657 657 659 658 660 658 659 659 661 660 662 660 661 661 663 662 664 662 663 663 665 664 666 664 665 665 667 666 668 666 667 667 669 668 670 668 669 669 671 670 639 670 671 671 640 639 672 673 674 674 675 672 676 677 678 678 679 676 680 681 682 682 683 680 684 685 686 686 687 684 688 689 690 
						690 691 688 692 693 694 694 695 692 696 697 698 698 699 696 675 674 700 700 701 675 683 682 702 702 703 683 687 686 704 704 705 687 706 707 681 681 680 706 691 690 673 673 672 691 695 694 685 685 684 695 699 698 689 689 688 699 701 700 707 707 706 701 708 709 693 693 692 708 705 704 697 697 696 705 710 711 712 712 713 710 714 715 716 716 717 714 718 719 715 715 714 718 679 678 720 720 721 679 717 716 722 722 723 717 721 720 724 724 725 721 723 722 726 726 727 723 725 724 728 728 729 725 730 731 732 732 733 730 729 728 734 734 735 729 733 732 736 736 737 733 735 734 738 738 739 735 737 736 740 740 741 737 739 738 742 742 743 739 741 740 677 677 676 741 743 742 719 719 718 743 744 745 746 746 747 744 748 749 750 750 751 748 713 712 752 752 753 713 751 750 754 
						754 755 751 753 752 756 756 757 753 755 754 758 758 759 755 760 761 762 762 763 760 757 756 761 761 760 757 759 758 764 764 765 759 763 762 766 766 745 763 765 764 767 767 768 765 745 766 769 769 746 745 768 767 770 770 771 768 772 773 774 774 775 772 771 770 711 711 710 771 775 774 749 749 748 775 776 777 778 778 779 776 780 768 771 771 781 780 782 772 775 775 783 782 781 771 710 710 784 781 783 775 748 748 785 783 784 710 713 713 786 784 785 748 751 751 787 785 786 713 753 753 788 786 787 751 755 755 777 787 788 753 757 757 789 788 777 755 759 759 778 777 790 760 763 763 791 790 789 757 760 760 790 789 778 759 765 765 792 778 791 763 745 745 744 791 792 765 768 768 780 792 793 794 795 795 796 793 797 790 791 791 798 797 799 789 790 790 797 799 779 778 792 
						792 800 779 798 791 744 744 801 798 800 792 780 780 802 800 801 744 747 747 803 801 802 780 781 781 804 802 805 782 783 783 806 805 804 781 784 784 794 804 806 783 785 785 807 806 794 784 786 786 795 794 807 785 787 787 808 807 795 786 788 788 809 795 808 787 777 777 776 808 809 788 789 789 799 809 810 811 812 812 813 810 814 807 808 808 815 814 796 795 809 809 816 796 815 808 776 776 817 815 816 809 799 799 818 816 817 776 779 779 819 817 820 797 798 798 821 820 818 799 797 797 820 818 819 779 800 800 822 819 821 798 801 801 823 821 822 800 802 802 811 822 823 801 803 803 824 823 811 802 804 804 812 811 825 805 806 806 826 825 812 804 794 794 793 812 826 806 807 807 814 826 827 828 829 829 830 827 831 825 826 826 832 831 813 812 793 793 833 813 832 826 814 
						814 834 832 833 793 796 796 835 833 834 814 815 815 836 834 835 796 816 816 837 835 836 815 817 817 838 836 837 816 818 818 839 837 838 817 819 819 840 838 828 820 821 821 829 828 839 818 820 820 828 839 840 819 822 822 841 840 829 821 823 823 842 829 841 822 811 811 810 841 842 823 824 824 843 842 844 845 846 846 847 844 848 839 828 828 827 848 849 840 841 841 850 849 830 829 842 842 851 830 850 841 810 810 852 850 851 842 843 843 853 851 852 810 813 813 854 852 855 831 832 832 856 855 854 813 833 833 857 854 856 832 834 834 858 856 857 833 835 835 859 857 858 834 836 836 860 858 859 835 837 837 861 859 860 836 838 838 862 860 861 837 839 839 848 861 862 838 840 840 849 862 863 864 865 865 866 863 867 868 869 869 870 867 847 846 871 871 872 847 870 869 873 
						873 874 870 872 871 875 875 876 872 877 878 879 879 880 877 874 873 878 878 877 874 876 875 881 881 882 876 880 879 883 883 884 880 882 881 885 885 886 882 884 883 887 887 888 884 886 885 889 889 890 886 891 892 893 893 894 891 890 889 895 895 896 890 894 893 845 845 844 894 896 895 868 868 867 896 897 898 899 899 900 897 901 902 903 903 904 901 866 865 905 905 906 866 904 903 907 907 908 904 906 905 909 909 910 906 908 907 911 911 912 908 910 909 913 913 914 910 912 911 915 915 916 912 914 913 917 917 918 914 916 915 919 919 920 916 898 921 922 922 899 898 918 917 921 921 898 918 920 919 923 923 924 920 899 922 925 925 926 899 924 923 864 864 863 924 926 925 927 927 928 926 929 930 931 931 932 929 933 918 898 898 897 933 934 920 924 924 935 934 900 899 926 
						926 936 900 935 924 863 863 937 935 936 926 928 928 938 936 937 863 866 866 939 937 940 901 904 904 941 940 939 866 906 906 942 939 941 904 908 908 930 941 942 906 910 910 943 942 930 908 912 912 931 930 943 910 914 914 944 943 931 912 916 916 945 931 944 914 918 918 933 944 945 916 920 920 934 945 946 947 948 948 949 946 950 943 944 944 951 950 932 931 945 945 952 932 951 944 933 933 953 951 952 945 934 934 954 952 955 897 900 900 956 955 953 933 897 897 955 953 954 934 935 935 957 954 956 900 936 936 958 956 957 935 937 937 947 957 958 936 938 938 959 958 947 937 939 939 948 947 960 940 941 941 961 960 948 939 942 942 962 948 961 941 930 930 929 961 962 942 943 943 950 962 963 964 965 965 966 963 967 960 961 961 968 967 949 948 962 962 969 949 968 961 929 
						929 970 968 969 962 950 950 971 969 970 929 932 932 972 970 971 950 951 951 973 971 972 932 952 952 974 972 973 951 953 953 964 973 974 952 954 954 975 974 965 955 956 956 976 965 964 953 955 955 965 964 975 954 957 957 977 975 976 956 958 958 978 976 977 957 947 947 946 977 978 958 959 959 979 978 980 981 982 982 983 980 984 975 977 977 985 984 986 976 978 978 987 986 985 977 946 946 988 985 987 978 979 979 989 987 988 946 949 949 990 988 991 967 968 968 992 991 990 949 969 969 993 990 992 968 970 970 994 992 993 969 971 971 981 993 994 970 972 972 995 994 981 971 973 973 982 981 995 972 974 974 996 995 982 973 964 964 963 982 996 974 975 975 984 996 966 965 976 976 986 966 997 998 999 999 1000 997 1001 995 996 996 1002 1001 983 982 963 963 1003 983 1002 996 984 
						984 1004 1002 1005 966 986 986 1006 1005 1003 963 966 966 1005 1003 1004 984 985 985 1007 1004 1006 986 987 987 1008 1006 1007 985 988 988 1009 1007 1008 987 989 989 1010 1008 1009 988 990 990 1011 1009 998 991 992 992 999 998 1011 990 993 993 1012 1011 999 992 994 994 1013 999 1012 993 981 981 980 1012 1013 994 995 995 1001 1013 1014 857 859 859 1015 1014 1016 856 858 858 1017 1016 1018 854 857 857 1014 1018 1019 855 856 856 1016 1019 1020 852 854 854 1018 1020 1021 851 853 853 1022 1021 1023 850 852 852 1020 1023 1024 830 851 851 1021 1024 1025 849 850 850 1023 1025 1026 848 827 827 1027 1026 1027 827 830 830 1024 1027 1028 862 849 849 1025 1028 1029 861 848 848 1026 1029 1030 860 862 862 1028 1030 1015 859 861 861 1029 1015 1017 858 860 860 1030 1017 1031 1032 1033 1033 1034 1031 1035 1011 1012 1012 1036 1035 1000 999 1013 1013 1037 1000 1036 1012 980 
						980 1038 1036 1037 1013 1001 1001 1039 1037 1038 980 983 983 1040 1038 1039 1001 1002 1002 1041 1039 1040 983 1003 1003 1042 1040 1041 1002 1004 1004 1043 1041 1044 1005 1006 1006 1045 1044 1042 1003 1005 1005 1044 1042 1043 1004 1007 1007 1046 1043 1045 1006 1008 1008 1047 1045 1046 1007 1009 1009 1048 1046 1047 1008 1010 1010 1049 1047 1048 1009 1011 1011 1035 1048 1050 1051 1052 1052 1053 1050 1054 1055 1056 1056 1057 1054 1034 1033 1058 1058 1059 1034 1057 1056 1060 1060 1061 1057 1062 1063 1064 1064 1065 1062 1059 1058 1063 1063 1062 1059 1061 1060 1066 1066 1067 1061 1065 1064 1068 1068 1069 1065 1067 1066 1070 1070 1071 1067 1069 1068 1072 1072 1073 1069 1071 1070 1074 1074 1075 1071 1076 1077 1078 1078 1079 1076 1075 1074 1080 1080 1081 1075 1079 1078 1082 1082 1083 1079 1081 1080 1032 1032 1031 1081 1083 1082 1055 1055 1054 1083 1084 1085 1086 1086 1087 1084 1088 1089 1090 1090 1091 1088 1053 1052 1092 1092 1093 1053 1091 1090 1094 
						1094 1095 1091 1093 1092 1096 1096 1097 1093 1095 1094 1098 1098 1099 1095 1097 1096 1100 1100 1101 1097 1099 1098 1102 1102 1103 1099 1101 1100 1104 1104 1085 1101 1105 1106 1107 1107 1108 1105 1103 1102 1106 1106 1105 1103 1085 1104 1109 1109 1086 1085 1108 1107 1110 1110 1111 1108 1086 1109 1112 1112 1113 1086 1111 1110 1114 1114 1115 1111 1113 1112 1089 1089 1088 1113 1116 1117 1118 1118 1119 1116 1120 1108 1111 1111 1121 1120 1087 1086 1113 1113 1122 1087 1121 1111 1115 1115 1123 1121 1122 1113 1088 1088 1124 1122 1125 1050 1053 1053 1126 1125 1124 1088 1091 1091 1127 1124 1126 1053 1093 1093 1128 1126 1127 1091 1095 1095 1117 1127 1128 1093 1097 1097 1129 1128 1117 1095 1099 1099 1118 1117 1129 1097 1101 1101 1130 1129 1118 1099 1103 1103 1131 1118 1130 1101 1085 1085 1084 1130 1132 1105 1108 1108 1120 1132 1131 1103 1105 1105 1132 1131 1133 1134 1135 1135 1136 1133 1137 1129 1130 1130 1138 1137 1119 1118 1131 1131 1139 1119 1138 1130 1084 
						1084 1140 1138 1141 1132 1120 1120 1142 1141 1139 1131 1132 1132 1141 1139 1140 1084 1087 1087 1143 1140 1142 1120 1121 1121 1144 1142 1143 1087 1122 1122 1145 1143 1144 1121 1123 1123 1146 1144 1145 1122 1124 1124 1134 1145 1147 1125 1126 1126 1148 1147 1134 1124 1127 1127 1135 1134 1148 1126 1128 1128 1149 1148 1135 1127 1117 1117 1116 1135 1149 1128 1129 1129 1137 1149 1150 1151 1152 1152 1153 1150 1154 1148 1149 1149 1155 1154 1136 1135 1116 1116 1156 1136 1155 1149 1137 1137 1157 1155 1156 1116 1119 1119 1158 1156 1157 1137 1138 1138 1159 1157 1158 1119 1139 1139 1160 1158 1159 1138 1140 1140 1161 1159 1162 1141 1142 1142 1151 1162 1160 1139 1141 1141 1162 1160 1161 1140 1143 1143 1163 1161 1151 1142 1144 1144 1152 1151 1163 1143 1145 1145 1164 1163 1152 1144 1146 1146 1165 1152 1164 1145 1134 1134 1133 1164 1166 1147 1148 1148 1154 1166 1167 1168 1169 1169 1170 1167 1171 1163 1164 1164 1172 1171 1153 1152 1165 1165 1173 1153 1172 1164 1133 
						1133 1174 1172 1175 1166 1154 1154 1176 1175 1174 1133 1136 1136 1177 1174 1176 1154 1155 1155 1178 1176 1177 1136 1156 1156 1179 1177 1178 1155 1157 1157 1180 1178 1179 1156 1158 1158 1181 1179 1180 1157 1159 1159 1182 1180 1181 1158 1160 1160 1183 1181 1182 1159 1161 1161 1184 1182 1185 1162 1151 1151 1150 1185 1183 1160 1162 1162 1185 1183 1184 1161 1163 1163 1171 1184 1186 1187 1188 1188 1189 1186 1190 1191 1192 1192 1193 1190 1170 1169 1194 1194 1195 1170 1196 1197 1198 1198 1199 1196 1193 1192 1197 1197 1196 1193 1195 1194 1200 1200 1201 1195 1199 1198 1202 1202 1203 1199 1201 1200 1204 1204 1205 1201 1203 1202 1206 1206 1207 1203 1205 1204 1208 1208 1209 1205 1210 1211 1212 1212 1213 1210 1209 1208 1214 1214 1215 1209 1213 1212 1216 1216 1217 1213 1215 1214 1218 1218 1219 1215 1217 1216 1168 1168 1167 1217 1219 1218 1191 1191 1190 1219 1220 1221 1222 1222 1223 1220 1224 1225 1226 1226 1227 1224 1189 1188 1228 1228 1229 1189 1227 1226 1230 
						1230 1231 1227 1229 1228 1232 1232 1233 1229 1231 1230 1234 1234 1235 1231 1236 1237 1238 1238 1239 1236 1233 1232 1237 1237 1236 1233 1235 1234 1240 1240 1241 1235 1239 1238 1242 1242 1221 1239 1241 1240 1243 1243 1244 1241 1221 1242 1245 1245 1222 1221 1244 1243 1246 1246 1247 1244 1248 1249 1250 1250 1251 1248 1247 1246 1187 1187 1186 1247 1251 1250 1225 1225 1224 1251 1252 1253 1254 1254 1255 1252 1256 1244 1247 1247 1257 1256 1258 1248 1251 1251 1259 1258 1257 1247 1186 1186 1260 1257 1259 1251 1224 1224 1261 1259 1260 1186 1189 1189 1262 1260 1261 1224 1227 1227 1263 1261 1262 1189 1229 1229 1264 1262 1263 1227 1231 1231 1253 1263 1264 1229 1233 1233 1265 1264 1253 1231 1235 1235 1254 1253 1266 1236 1239 1239 1267 1266 1265 1233 1236 1236 1266 1265 1254 1235 1241 1241 1268 1254 1267 1239 1221 1221 1220 1267 1268 1241 1244 1244 1256 1268 1269 1270 1271 1271 1272 1269 1273 1266 1267 1267 1274 1273 1275 1265 1266 1266 1273 1275 1255 1254 1268 
						1268 1276 1255 1274 1267 1220 1220 1277 1274 1276 1268 1256 1256 1278 1276 1277 1220 1223 1223 1279 1277 1278 1256 1257 1257 1280 1278 1281 1258 1259 1259 1282 1281 1280 1257 1260 1260 1270 1280 1282 1259 1261 1261 1283 1282 1270 1260 1262 1262 1271 1270 1283 1261 1263 1263 1284 1283 1271 1262 1264 1264 1285 1271 1284 1263 1253 1253 1252 1284 1285 1264 1265 1265 1275 1285 1286 1287 1288 1288 1289 1286 1290 1283 1284 1284 1291 1290 1272 1271 1285 1285 1292 1272 1291 1284 1252 1252 1293 1291 1292 1285 1275 1275 1294 1292 1293 1252 1255 1255 1295 1293 1296 1273 1274 1274 1297 1296 1294 1275 1273 1273 1296 1294 1295 1255 1276 1276 1298 1295 1297 1274 1277 1277 1287 1297 1298 1276 1278 1278 1299 1298 1287 1277 1279 1279 1288 1287 1299 1278 1280 1280 1300 1299 1301 1281 1282 1282 1302 1301 1300 1280 1270 1270 1269 1300 1302 1282 1283 1283 1290 1302 1303 1304 1305 1305 1306 1303 1307 1299 1300 1300 1308 1307 1309 1301 1302 1302 1310 1309 1308 1300 1269 
						1269 1311 1308 1310 1302 1290 1290 1312 1310 1311 1269 1272 1272 1313 1311 1312 1290 1291 1291 1314 1312 1313 1272 1292 1292 1315 1313 1314 1291 1293 1293 1316 1314 1315 1292 1294 1294 1317 1315 1316 1293 1295 1295 1318 1316 1319 1296 1297 1297 1320 1319 1317 1294 1296 1296 1319 1317 1318 1295 1298 1298 1321 1318 1320 1297 1287 1287 1286 1320 1321 1298 1299 1299 1307 1321 1322 1323 1324 1324 1325 1322 1326 1327 1328 1328 1329 1326 1306 1305 1330 1330 1331 1306 1329 1328 1332 1332 1333 1329 1331 1330 1334 1334 1335 1331 1336 1337 1338 1338 1339 1336 1333 1332 1337 1337 1336 1333 1335 1334 1340 1340 1341 1335 1339 1338 1342 1342 1343 1339 1341 1340 1344 1344 1323 1341 1343 1342 1345 1345 1346 1343 1323 1344 1347 1347 1324 1323 1348 1349 1350 1350 1351 1348 1324 1347 1352 1352 1353 1324 1351 1350 1304 1304 1303 1351 1353 1352 1327 1327 1326 1353 1354 1355 1356 1356 1357 1354 1358 1348 1351 1351 1359 1358 1325 1324 1353 1353 1360 1325 1359 1351 1303 
						1303 1361 1359 1360 1353 1326 1326 1362 1360 1361 1303 1306 1306 1363 1361 1362 1326 1329 1329 1364 1362 1363 1306 1331 1331 1365 1363 1364 1329 1333 1333 1366 1364 1365 1331 1335 1335 1367 1365 1355 1336 1339 1339 1356 1355 1366 1333 1336 1336 1355 1366 1367 1335 1341 1341 1368 1367 1356 1339 1343 1343 1369 1356 1368 1341 1323 1323 1322 1368 1369 1343 1346 1346 1370 1369 1371 1372 1373 1373 1374 1371 1375 1366 1355 1355 1354 1375 1376 1367 1368 1368 1377 1376 1357 1356 1369 1369 1378 1357 1377 1368 1322 1322 1379 1377 1378 1369 1370 1370 1380 1378 1379 1322 1325 1325 1381 1379 1382 1358 1359 1359 1383 1382 1381 1325 1360 1360 1384 1381 1383 1359 1361 1361 1372 1383 1384 1360 1362 1362 1385 1384 1372 1361 1363 1363 1373 1372 1385 1362 1364 1364 1386 1385 1373 1363 1365 1365 1387 1373 1386 1364 1366 1366 1375 1386 1387 1365 1367 1367 1376 1387 1388 1389 1390 1390 1391 1388 1392 1385 1386 1386 1393 1392 1374 1373 1387 1387 1394 1374 1393 1386 1375 
						1375 1395 1393 1394 1387 1376 1376 1396 1394 1397 1354 1357 1357 1398 1397 1395 1375 1354 1354 1397 1395 1396 1376 1377 1377 1399 1396 1398 1357 1378 1378 1400 1398 1399 1377 1379 1379 1389 1399 1400 1378 1380 1380 1401 1400 1389 1379 1381 1381 1390 1389 1402 1382 1383 1383 1403 1402 1390 1381 1384 1384 1404 1390 1403 1383 1372 1372 1371 1403 1404 1384 1385 1385 1392 1404 1405 1406 1407 1407 1408 1405 1409 1402 1403 1403 1410 1409 1391 1390 1404 1404 1411 1391 1410 1403 1371 1371 1412 1410 1411 1404 1392 1392 1413 1411 1412 1371 1374 1374 1414 1412 1413 1392 1393 1393 1415 1413 1414 1374 1394 1394 1416 1414 1415 1393 1395 1395 1406 1415 1416 1394 1396 1396 1417 1416 1407 1397 1398 1398 1418 1407 1406 1395 1397 1397 1407 1406 1417 1396 1399 1399 1419 1417 1418 1398 1400 1400 1420 1418 1419 1399 1389 1389 1388 1419 1420 1400 1401 1401 1421 1420 1422 1423 1424 1424 1425 1422 1426 1417 1419 1419 1427 1426 1428 1418 1420 1420 1429 1428 1427 1419 1388 
						1388 1430 1427 1429 1420 1421 1421 1431 1429 1430 1388 1391 1391 1432 1430 1433 1409 1410 1410 1434 1433 1432 1391 1411 1411 1435 1432 1434 1410 1412 1412 1436 1434 1435 1411 1413 1413 1423 1435 1436 1412 1414 1414 1437 1436 1423 1413 1415 1415 1424 1423 1437 1414 1416 1416 1438 1437 1424 1415 1406 1406 1405 1424 1438 1416 1417 1417 1426 1438 1408 1407 1418 1418 1428 1408 1439 1440 1441 1441 1442 1439 1443 1437 1438 1438 1444 1443 1425 1424 1405 1405 1445 1425 1444 1438 1426 1426 1446 1444 1447 1408 1428 1428 1448 1447 1445 1405 1408 1408 1447 1445 1446 1426 1427 1427 1449 1446 1448 1428 1429 1429 1450 1448 1449 1427 1430 1430 1451 1449 1450 1429 1431 1431 1452 1450 1451 1430 1432 1432 1453 1451 1440 1433 1434 1434 1441 1440 1453 1432 1435 1435 1454 1453 1441 1434 1436 1436 1455 1441 1454 1435 1423 1423 1422 1454 1455 1436 1437 1437 1443 1455 1456 1457 1458 1458 1459 1456 1460 1453 1454 1454 1461 1460 1442 1441 1455 1455 1462 1442 1461 1454 1422 
						1422 1463 1461 1462 1455 1443 1443 1464 1462 1463 1422 1425 1425 1465 1463 1464 1443 1444 1444 1466 1464 1465 1425 1445 1445 1467 1465 1466 1444 1446 1446 1468 1466 1469 1447 1448 1448 1470 1469 1467 1445 1447 1447 1469 1467 1468 1446 1449 1449 1471 1468 1470 1448 1450 1450 1472 1470 1471 1449 1451 1451 1473 1471 1472 1450 1452 1452 1474 1472 1473 1451 1453 1453 1460 1473 1475 1476 1477 1477 1478 1475 1459 1458 1479 1479 1480 1459 1478 1477 1481 1481 1482 1478 1480 1479 1483 1483 1484 1480 1485 1486 1487 1487 1488 1485 1484 1483 1489 1489 1490 1484 1488 1487 1491 1491 1492 1488 1490 1489 1493 1493 1494 1490 1492 1491 1495 1495 1496 1492 1494 1493 1497 1497 1498 1494 1496 1495 1499 1499 1500 1496 1498 1497 1501 1501 1502 1498 1500 1499 1457 1457 1456 1500 1503 1504 1476 1476 1475 1503 1502 1501 1504 1504 1503 1502 1505 1506 1507 1507 1508 1505 1509 1505 1508 1508 1510 1509 1511 1509 1510 1510 1512 1511 1513 1514 1515 1515 1516 1513 1517 1513 1516 
						1516 1518 1517 1519 1517 1518 1518 1520 1519 1521 1519 1520 1520 1522 1521 1523 1521 1522 1522 1524 1523 1525 1523 1524 1524 1526 1525 1527 1525 1526 1526 1528 1527 1529 1527 1528 1528 1530 1529 1531 1529 1530 1530 1532 1531 1533 1531 1532 1532 1534 1533 1535 1533 1534 1534 1536 1535 1537 1535 1536 1536 1538 1537 1506 1537 1538 1538 1507 1506 1539 1540 1541 1541 1542 1539 1543 1544 1545 1545 1546 1543 1547 1548 1549 1549 1550 1547 1551 1552 1553 1553 1554 1551 1555 1556 1557 1557 1558 1555 1559 1560 1561 1561 1562 1559 1563 1564 1565 1565 1566 1563 1542 1541 1567 1567 1568 1542 1550 1549 1569 1569 1570 1550 1554 1553 1571 1571 1572 1554 1573 1574 1548 1548 1547 1573 1558 1557 1540 1540 1539 1558 1562 1561 1552 1552 1551 1562 1566 1565 1556 1556 1555 1566 1568 1567 1574 1574 1573 1568 1575 1576 1560 1560 1559 1575 1572 1571 1564 1564 1563 1572 1577 1578 1579 1579 1580 1577 1581 1582 1583 1583 1584 1581 1585 1586 1582 1582 1581 1585 1546 1545 1587 
						1587 1588 1546 1584 1583 1589 1589 1590 1584 1588 1587 1591 1591 1592 1588 1590 1589 1593 1593 1594 1590 1592 1591 1595 1595 1596 1592 1597 1598 1599 1599 1600 1597 1596 1595 1601 1601 1602 1596 1600 1599 1603 1603 1604 1600 1602 1601 1605 1605 1606 1602 1604 1603 1607 1607 1608 1604 1606 1605 1609 1609 1610 1606 1608 1607 1544 1544 1543 1608 1610 1609 1586 1586 1585 1610 1611 1612 1613 1613 1614 1611 1615 1616 1617 1617 1618 1615 1580 1579 1619 1619 1620 1580 1618 1617 1621 1621 1622 1618 1620 1619 1623 1623 1624 1620 1622 1621 1625 1625 1626 1622 1627 1628 1629 1629 1630 1627 1624 1623 1628 1628 1627 1624 1626 1625 1631 1631 1632 1626 1630 1629 1633 1633 1612 1630 1632 1631 1634 1634 1635 1632 1612 1633 1636 1636 1613 1612 1635 1634 1637 1637 1638 1635 1639 1640 1641 1641 1642 1639 1638 1637 1578 1578 1577 1638 1642 1641 1616 1616 1615 1642 1643 1644 1645 1645 1646 1643 1647 1635 1638 1638 1648 1647 1649 1639 1642 1642 1650 1649 1648 1638 1577 
						1577 1651 1648 1650 1642 1615 1615 1652 1650 1651 1577 1580 1580 1653 1651 1652 1615 1618 1618 1654 1652 1653 1580 1620 1620 1655 1653 1654 1618 1622 1622 1644 1654 1655 1620 1624 1624 1656 1655 1644 1622 1626 1626 1645 1644 1657 1627 1630 1630 1658 1657 1656 1624 1627 1627 1657 1656 1645 1626 1632 1632 1659 1645 1658 1630 1612 1612 1611 1658 1659 1632 1635 1635 1647 1659 1660 1661 1662 1662 1663 1660 1664 1657 1658 1658 1665 1664 1666 1656 1657 1657 1664 1666 1646 1645 1659 1659 1667 1646 1665 1658 1611 1611 1668 1665 1667 1659 1647 1647 1669 1667 1668 1611 1614 1614 1670 1668 1669 1647 1648 1648 1671 1669 1672 1649 1650 1650 1673 1672 1671 1648 1651 1651 1661 1671 1673 1650 1652 1652 1674 1673 1661 1651 1653 1653 1662 1661 1674 1652 1654 1654 1675 1674 1662 1653 1655 1655 1676 1662 1675 1654 1644 1644 1643 1675 1676 1655 1656 1656 1666 1676 1677 1678 1679 1679 1680 1677 1681 1674 1675 1675 1682 1681 1663 1662 1676 1676 1683 1663 1682 1675 1643 
						1643 1684 1682 1683 1676 1666 1666 1685 1683 1684 1643 1646 1646 1686 1684 1687 1664 1665 1665 1688 1687 1685 1666 1664 1664 1687 1685 1686 1646 1667 1667 1689 1686 1688 1665 1668 1668 1690 1688 1689 1667 1669 1669 1678 1689 1690 1668 1670 1670 1691 1690 1678 1669 1671 1671 1679 1678 1692 1672 1673 1673 1693 1692 1679 1671 1661 1661 1660 1679 1693 1673 1674 1674 1681 1693 1694 1695 1696 1696 1697 1694 1698 1692 1693 1693 1699 1698 1680 1679 1660 1660 1700 1680 1699 1693 1681 1681 1701 1699 1700 1660 1663 1663 1702 1700 1701 1681 1682 1682 1703 1701 1702 1663 1683 1683 1704 1702 1703 1682 1684 1684 1705 1703 1704 1683 1685 1685 1706 1704 1705 1684 1686 1686 1707 1705 1695 1687 1688 1688 1696 1695 1706 1685 1687 1687 1695 1706 1707 1686 1689 1689 1708 1707 1696 1688 1690 1690 1709 1696 1708 1689 1678 1678 1677 1708 1709 1690 1691 1691 1710 1709 1711 1712 1713 1713 1714 1711 1715 1706 1695 1695 1694 1715 1716 1707 1708 1708 1717 1716 1697 1696 1709 
						1709 1718 1697 1717 1708 1677 1677 1719 1717 1718 1709 1710 1710 1720 1718 1719 1677 1680 1680 1721 1719 1722 1698 1699 1699 1723 1722 1721 1680 1700 1700 1724 1721 1723 1699 1701 1701 1725 1723 1724 1700 1702 1702 1726 1724 1725 1701 1703 1703 1727 1725 1726 1702 1704 1704 1728 1726 1727 1703 1705 1705 1729 1727 1728 1704 1706 1706 1715 1728 1729 1705 1707 1707 1716 1729 1730 1731 1732 1732 1733 1730 1734 1735 1736 1736 1737 1734 1714 1713 1738 1738 1739 1714 1737 1736 1740 1740 1741 1737 1739 1738 1742 1742 1743 1739 1744 1745 1746 1746 1747 1744 1741 1740 1745 1745 1744 1741 1743 1742 1748 1748 1749 1743 1747 1746 1750 1750 1751 1747 1749 1748 1752 1752 1753 1749 1751 1750 1754 1754 1755 1751 1753 1752 1756 1756 1757 1753 1758 1759 1760 1760 1761 1758 1757 1756 1762 1762 1763 1757 1761 1760 1712 1712 1711 1761 1763 1762 1735 1735 1734 1763 1764 1765 1766 1766 1767 1764 1768 1769 1770 1770 1771 1768 1733 1732 1772 1772 1773 1733 1771 1770 1774 
						1774 1775 1771 1773 1772 1776 1776 1777 1773 1775 1774 1778 1778 1779 1775 1777 1776 1780 1780 1781 1777 1779 1778 1782 1782 1783 1779 1781 1780 1784 1784 1785 1781 1783 1782 1786 1786 1787 1783 1765 1788 1789 1789 1766 1765 1785 1784 1788 1788 1765 1785 1787 1786 1790 1790 1791 1787 1766 1789 1792 1792 1793 1766 1791 1790 1731 1731 1730 1791 1793 1792 1794 1794 1795 1793 1796 1797 1798 1798 1799 1796 1800 1785 1765 1765 1764 1800 1801 1787 1791 1791 1802 1801 1767 1766 1793 1793 1803 1767 1802 1791 1730 1730 1804 1802 1803 1793 1795 1795 1805 1803 1804 1730 1733 1733 1806 1804 1807 1768 1771 1771 1808 1807 1806 1733 1773 1773 1809 1806 1808 1771 1775 1775 1797 1808 1809 1773 1777 1777 1810 1809 1797 1775 1779 1779 1798 1797 1810 1777 1781 1781 1811 1810 1798 1779 1783 1783 1812 1798 1811 1781 1785 1785 1800 1811 1812 1783 1787 1787 1801 1812 1813 1814 1815 1815 1816 1813 1817 1810 1811 1811 1818 1817 1799 1798 1812 1812 1819 1799 1818 1811 1800 
						1800 1820 1818 1819 1812 1801 1801 1821 1819 1822 1764 1767 1767 1823 1822 1820 1800 1764 1764 1822 1820 1821 1801 1802 1802 1824 1821 1823 1767 1803 1803 1825 1823 1824 1802 1804 1804 1814 1824 1825 1803 1805 1805 1826 1825 1814 1804 1806 1806 1815 1814 1827 1807 1808 1808 1828 1827 1815 1806 1809 1809 1829 1815 1828 1808 1797 1797 1796 1828 1829 1809 1810 1810 1817 1829 1830 1831 1832 1832 1833 1830 1834 1827 1828 1828 1835 1834 1816 1815 1829 1829 1836 1816 1835 1828 1796 1796 1837 1835 1836 1829 1817 1817 1838 1836 1837 1796 1799 1799 1839 1837 1838 1817 1818 1818 1840 1838 1839 1799 1819 1819 1841 1839 1840 1818 1820 1820 1831 1840 1841 1819 1821 1821 1842 1841 1832 1822 1823 1823 1843 1832 1831 1820 1822 1822 1832 1831 1842 1821 1824 1824 1844 1842 1843 1823 1825 1825 1845 1843 1844 1824 1814 1814 1813 1844 1845 1825 1826 1826 1846 1845 1847 1848 1849 1849 1850 1847 1851 1842 1844 1844 1852 1851 1853 1843 1845 1845 1854 1853 1852 1844 1813 
						1813 1855 1852 1854 1845 1846 1846 1856 1854 1855 1813 1816 1816 1857 1855 1858 1834 1835 1835 1859 1858 1857 1816 1836 1836 1860 1857 1859 1835 1837 1837 1861 1859 1860 1836 1838 1838 1848 1860 1861 1837 1839 1839 1862 1861 1848 1838 1840 1840 1849 1848 1862 1839 1841 1841 1863 1862 1849 1840 1831 1831 1830 1849 1863 1841 1842 1842 1851 1863 1833 1832 1843 1843 1853 1833 1864 1865 1866 1866 1867 1864 1868 1862 1863 1863 1869 1868 1850 1849 1830 1830 1870 1850 1869 1863 1851 1851 1871 1869 1872 1833 1853 1853 1873 1872 1870 1830 1833 1833 1872 1870 1871 1851 1852 1852 1874 1871 1873 1853 1854 1854 1875 1873 1874 1852 1855 1855 1876 1874 1875 1854 1856 1856 1877 1875 1876 1855 1857 1857 1878 1876 1865 1858 1859 1859 1866 1865 1878 1857 1860 1860 1879 1878 1866 1859 1861 1861 1880 1866 1879 1860 1848 1848 1847 1879 1880 1861 1862 1862 1868 1880 1881 1724 1726 1726 1882 1881 1883 1723 1725 1725 1884 1883 1885 1721 1724 1724 1881 1885 1886 1722 1723 
						1723 1883 1886 1887 1719 1721 1721 1885 1887 1888 1718 1720 1720 1889 1888 1890 1717 1719 1719 1887 1890 1891 1697 1718 1718 1888 1891 1892 1716 1717 1717 1890 1892 1893 1715 1694 1694 1894 1893 1894 1694 1697 1697 1891 1894 1895 1729 1716 1716 1892 1895 1896 1728 1715 1715 1893 1896 1897 1727 1729 1729 1895 1897 1882 1726 1728 1728 1896 1882 1884 1725 1727 1727 1897 1884 1898 1899 1900 1900 1901 1898 1902 1878 1879 1879 1903 1902 1867 1866 1880 1880 1904 1867 1903 1879 1847 1847 1905 1903 1904 1880 1868 1868 1906 1904 1905 1847 1850 1850 1907 1905 1906 1868 1869 1869 1908 1906 1907 1850 1870 1870 1909 1907 1908 1869 1871 1871 1910 1908 1911 1872 1873 1873 1912 1911 1909 1870 1872 1872 1911 1909 1910 1871 1874 1874 1913 1910 1912 1873 1875 1875 1914 1912 1913 1874 1876 1876 1915 1913 1914 1875 1877 1877 1916 1914 1915 1876 1878 1878 1902 1915 1917 1918 1919 1919 1920 1917 1921 1922 1923 1923 1924 1921 1901 1900 1925 1925 1926 1901 1924 1923 1927 
						1927 1928 1924 1929 1930 1931 1931 1932 1929 1926 1925 1930 1930 1929 1926 1928 1927 1933 1933 1934 1928 1932 1931 1935 1935 1936 1932 1934 1933 1937 1937 1938 1934 1936 1935 1939 1939 1940 1936 1938 1937 1941 1941 1942 1938 1943 1944 1945 1945 1946 1943 1942 1941 1947 1947 1948 1942 1946 1945 1949 1949 1950 1946 1948 1947 1899 1899 1898 1948 1950 1949 1922 1922 1921 1950 1951 1952 1953 1953 1954 1951 1955 1956 1957 1957 1958 1955 1920 1919 1959 1959 1960 1920 1958 1957 1961 1961 1962 1958 1960 1959 1963 1963 1964 1960 1962 1961 1965 1965 1966 1962 1964 1963 1967 1967 1968 1964 1966 1965 1969 1969 1970 1966 1968 1967 1971 1971 1952 1968 1972 1973 1974 1974 1975 1972 1970 1969 1973 1973 1972 1970 1952 1971 1976 1976 1953 1952 1975 1974 1977 1977 1978 1975 1953 1976 1979 1979 1980 1953 1978 1977 1981 1981 1982 1978 1980 1979 1956 1956 1955 1980 1983 1984 1985 1985 1986 1983 1987 1975 1978 1978 1988 1987 1954 1953 1980 1980 1989 1954 1988 1978 1982 
						1982 1990 1988 1989 1980 1955 1955 1991 1989 1992 1917 1920 1920 1993 1992 1991 1955 1958 1958 1994 1991 1993 1920 1960 1960 1995 1993 1994 1958 1962 1962 1984 1994 1995 1960 1964 1964 1996 1995 1984 1962 1966 1966 1985 1984 1996 1964 1968 1968 1997 1996 1985 1966 1970 1970 1998 1985 1997 1968 1952 1952 1951 1997 1999 1972 1975 1975 1987 1999 1998 1970 1972 1972 1999 1998 2000 2001 2002 2002 2003 2000 2004 1996 1997 1997 2005 2004 1986 1985 1998 1998 2006 1986 2005 1997 1951 1951 2007 2005 2008 1999 1987 1987 2009 2008 2006 1998 1999 1999 2008 2006 2007 1951 1954 1954 2010 2007 2009 1987 1988 1988 2011 2009 2010 1954 1989 1989 2012 2010 2011 1988 1990 1990 2013 2011 2012 1989 1991 1991 2001 2012 2014 1992 1993 1993 2015 2014 2001 1991 1994 1994 2002 2001 2015 1993 1995 1995 2016 2015 2002 1994 1984 1984 1983 2002 2016 1995 1996 1996 2004 2016 2017 2018 2019 2019 2020 2017 2021 2015 2016 2016 2022 2021 2003 2002 1983 1983 2023 2003 2022 2016 2004 
						2004 2024 2022 2023 1983 1986 1986 2025 2023 2024 2004 2005 2005 2026 2024 2025 1986 2006 2006 2027 2025 2026 2005 2007 2007 2028 2026 2029 2008 2009 2009 2018 2029 2027 2006 2008 2008 2029 2027 2028 2007 2010 2010 2030 2028 2018 2009 2011 2011 2019 2018 2030 2010 2012 2012 2031 2030 2019 2011 2013 2013 2032 2019 2031 2012 2001 2001 2000 2031 2033 2014 2015 2015 2021 2033 2034 2035 2036 2036 2037 2034 2038 2030 2031 2031 2039 2038 2020 2019 2032 2032 2040 2020 2039 2031 2000 2000 2041 2039 2042 2033 2021 2021 2043 2042 2041 2000 2003 2003 2044 2041 2043 2021 2022 2022 2045 2043 2044 2003 2023 2023 2046 2044 2045 2022 2024 2024 2047 2045 2046 2023 2025 2025 2048 2046 2047 2024 2026 2026 2049 2047 2048 2025 2027 2027 2050 2048 2049 2026 2028 2028 2051 2049 2052 2029 2018 2018 2017 2052 2050 2027 2029 2029 2052 2050 2051 2028 2030 2030 2038 2051 2053 2054 2055 2055 2056 2053 2057 2058 2059 2059 2060 2057 2037 2036 2061 2061 2062 2037 2063 2064 2065 
						2065 2066 2063 2060 2059 2064 2064 2063 2060 2062 2061 2067 2067 2068 2062 2066 2065 2069 2069 2070 2066 2068 2067 2071 2071 2072 2068 2070 2069 2073 2073 2074 2070 2072 2071 2075 2075 2076 2072 2077 2078 2079 2079 2080 2077 2076 2075 2081 2081 2082 2076 2080 2079 2083 2083 2084 2080 2082 2081 2085 2085 2086 2082 2084 2083 2035 2035 2034 2084 2086 2085 2058 2058 2057 2086 2087 2088 2089 2089 2090 2087 2091 2092 2093 2093 2094 2091 2056 2055 2095 2095 2096 2056 2094 2093 2097 2097 2098 2094 2096 2095 2099 2099 2100 2096 2098 2097 2101 2101 2102 2098 2103 2104 2105 2105 2106 2103 2100 2099 2104 2104 2103 2100 2102 2101 2107 2107 2108 2102 2106 2105 2109 2109 2088 2106 2108 2107 2110 2110 2111 2108 2088 2109 2112 2112 2089 2088 2111 2110 2113 2113 2114 2111 2115 2116 2117 2117 2118 2115 2114 2113 2054 2054 2053 2114 2118 2117 2092 2092 2091 2118 2119 2120 2121 2121 2122 2119 2123 2111 2114 2114 2124 2123 2125 2115 2118 2118 2126 2125 2124 2114 2053 
						2053 2127 2124 2126 2118 2091 2091 2128 2126 2127 2053 2056 2056 2129 2127 2128 2091 2094 2094 2130 2128 2129 2056 2096 2096 2131 2129 2130 2094 2098 2098 2120 2130 2131 2096 2100 2100 2132 2131 2120 2098 2102 2102 2121 2120 2133 2103 2106 2106 2134 2133 2132 2100 2103 2103 2133 2132 2121 2102 2108 2108 2135 2121 2134 2106 2088 2088 2087 2134 2135 2108 2111 2111 2123 2135 2136 2137 2138 2138 2139 2136 2140 2133 2134 2134 2141 2140 2142 2132 2133 2133 2140 2142 2122 2121 2135 2135 2143 2122 2141 2134 2087 2087 2144 2141 2143 2135 2123 2123 2145 2143 2144 2087 2090 2090 2146 2144 2145 2123 2124 2124 2147 2145 2148 2125 2126 2126 2149 2148 2147 2124 2127 2127 2137 2147 2149 2126 2128 2128 2150 2149 2137 2127 2129 2129 2138 2137 2150 2128 2130 2130 2151 2150 2138 2129 2131 2131 2152 2138 2151 2130 2120 2120 2119 2151 2152 2131 2132 2132 2142 2152 2153 2154 2155 2155 2156 2153 2157 2150 2151 2151 2158 2157 2139 2138 2152 2152 2159 2139 2158 2151 2119 
						2119 2160 2158 2159 2152 2142 2142 2161 2159 2160 2119 2122 2122 2162 2160 2163 2140 2141 2141 2164 2163 2161 2142 2140 2140 2163 2161 2162 2122 2143 2143 2165 2162 2164 2141 2144 2144 2154 2164 2165 2143 2145 2145 2166 2165 2154 2144 2146 2146 2155 2154 2166 2145 2147 2147 2167 2166 2168 2148 2149 2149 2169 2168 2167 2147 2137 2137 2136 2167 2169 2149 2150 2150 2157 2169 2170 2171 2172 2172 2173 2170 2174 2166 2167 2167 2175 2174 2176 2168 2169 2169 2177 2176 2175 2167 2136 2136 2178 2175 2177 2169 2157 2157 2179 2177 2178 2136 2139 2139 2180 2178 2179 2157 2158 2158 2181 2179 2180 2139 2159 2159 2182 2180 2181 2158 2160 2160 2183 2181 2182 2159 2161 2161 2184 2182 2183 2160 2162 2162 2185 2183 2186 2163 2164 2164 2187 2186 2184 2161 2163 2163 2186 2184 2185 2162 2165 2165 2188 2185 2187 2164 2154 2154 2153 2187 2188 2165 2166 2166 2174 2188 2189 2190 2191 2191 2192 2189 2193 2194 2195 2195 2196 2193 2173 2172 2197 2197 2198 2173 2196 2195 2199 
						2199 2200 2196 2198 2197 2201 2201 2202 2198 2203 2204 2205 2205 2206 2203 2200 2199 2204 2204 2203 2200 2202 2201 2207 2207 2208 2202 2206 2205 2209 2209 2210 2206 2208 2207 2211 2211 2190 2208 2210 2209 2212 2212 2213 2210 2190 2211 2214 2214 2191 2190 2215 2216 2217 2217 2218 2215 2191 2214 2219 2219 2220 2191 2218 2217 2171 2171 2170 2218 2220 2219 2194 2194 2193 2220 2221 2222 2223 2223 2224 2221 2225 2215 2218 2218 2226 2225 2192 2191 2220 2220 2227 2192 2226 2218 2170 2170 2228 2226 2227 2220 2193 2193 2229 2227 2228 2170 2173 2173 2230 2228 2229 2193 2196 2196 2231 2229 2230 2173 2198 2198 2232 2230 2231 2196 2200 2200 2233 2231 2232 2198 2202 2202 2234 2232 2222 2203 2206 2206 2223 2222 2233 2200 2203 2203 2222 2233 2234 2202 2208 2208 2235 2234 2223 2206 2210 2210 2236 2223 2235 2208 2190 2190 2189 2235 2236 2210 2213 2213 2237 2236 2238 2239 2240 2240 2241 2238 2242 2233 2222 2222 2221 2242 2243 2234 2235 2235 2244 2243 2224 2223 2236 
						2236 2245 2224 2244 2235 2189 2189 2246 2244 2245 2236 2237 2237 2247 2245 2246 2189 2192 2192 2248 2246 2249 2225 2226 2226 2250 2249 2248 2192 2227 2227 2251 2248 2250 2226 2228 2228 2239 2250 2251 2227 2229 2229 2252 2251 2239 2228 2230 2230 2240 2239 2252 2229 2231 2231 2253 2252 2240 2230 2232 2232 2254 2240 2253 2231 2233 2233 2242 2253 2254 2232 2234 2234 2243 2254 2255 2256 2257 2257 2258 2255 2259 2252 2253 2253 2260 2259 2241 2240 2254 2254 2261 2241 2260 2253 2242 2242 2262 2260 2261 2254 2243 2243 2263 2261 2264 2221 2224 2224 2265 2264 2262 2242 2221 2221 2264 2262 2263 2243 2244 2244 2266 2263 2265 2224 2245 2245 2267 2265 2266 2244 2246 2246 2256 2266 2267 2245 2247 2247 2268 2267 2256 2246 2248 2248 2257 2256 2269 2249 2250 2250 2270 2269 2257 2248 2251 2251 2271 2257 2270 2250 2239 2239 2238 2270 2271 2251 2252 2252 2259 2271 2272 2273 2274 2274 2275 2272 2276 2269 2270 2270 2277 2276 2258 2257 2271 2271 2278 2258 2277 2270 2238 
						2238 2279 2277 2278 2271 2259 2259 2280 2278 2279 2238 2241 2241 2281 2279 2280 2259 2260 2260 2282 2280 2281 2241 2261 2261 2283 2281 2282 2260 2262 2262 2273 2282 2283 2261 2263 2263 2284 2283 2274 2264 2265 2265 2285 2274 2273 2262 2264 2264 2274 2273 2284 2263 2266 2266 2286 2284 2285 2265 2267 2267 2287 2285 2286 2266 2256 2256 2255 2286 2287 2267 2268 2268 2288 2287 2289 2290 2291 2291 2292 2289 2293 2284 2286 2286 2294 2293 2295 2285 2287 2287 2296 2295 2294 2286 2255 2255 2297 2294 2296 2287 2288 2288 2298 2296 2297 2255 2258 2258 2299 2297 2300 2276 2277 2277 2301 2300 2299 2258 2278 2278 2302 2299 2301 2277 2279 2279 2303 2301 2302 2278 2280 2280 2290 2302 2303 2279 2281 2281 2304 2303 2290 2280 2282 2282 2291 2290 2304 2281 2283 2283 2305 2304 2291 2282 2273 2273 2272 2291 2305 2283 2284 2284 2293 2305 2275 2274 2285 2285 2295 2275 2306 2307 2308 2308 2309 2306 2310 2304 2305 2305 2311 2310 2292 2291 2272 2272 2312 2292 2311 2305 2293 
						2293 2313 2311 2314 2275 2295 2295 2315 2314 2312 2272 2275 2275 2314 2312 2313 2293 2294 2294 2316 2313 2315 2295 2296 2296 2317 2315 2316 2294 2297 2297 2318 2316 2317 2296 2298 2298 2319 2317 2318 2297 2299 2299 2320 2318 2307 2300 2301 2301 2308 2307 2320 2299 2302 2302 2321 2320 2308 2301 2303 2303 2322 2308 2321 2302 2290 2290 2289 2321 2322 2303 2304 2304 2310 2322 2323 2324 2325 2325 2326 2323 2327 2320 2321 2321 2328 2327 2309 2308 2322 2322 2329 2309 2328 2321 2289 2289 2330 2328 2329 2322 2310 2310 2331 2329 2330 2289 2292 2292 2332 2330 2331 2310 2311 2311 2333 2331 2332 2292 2312 2312 2334 2332 2333 2311 2313 2313 2335 2333 2336 2314 2315 2315 2337 2336 2334 2312 2314 2314 2336 2334 2335 2313 2316 2316 2338 2335 2337 2315 2317 2317 2339 2337 2338 2316 2318 2318 2340 2338 2339 2317 2319 2319 2341 2339 2340 2318 2320 2320 2327 2340 2342 2343 2344 2344 2345 2342 2326 2325 2346 2346 2347 2326 2345 2344 2348 2348 2349 2345 2347 2346 2350 
						2350 2351 2347 2352 2353 2354 2354 2355 2352 2351 2350 2356 2356 2357 2351 2355 2354 2358 2358 2359 2355 2357 2356 2360 2360 2361 2357 2359 2358 2362 2362 2363 2359 2361 2360 2364 2364 2365 2361 2363 2362 2366 2366 2367 2363 2365 2364 2368 2368 2369 2365 2367 2366 2324 2324 2323 2367 2370 2371 2343 2343 2342 2370 2369 2368 2371 2371 2370 2369 2372 2373 2374 2374 2375 2372 2376 2372 2375 2375 2377 2376 2378 2376 2377 2377 2379 2378 2380 2381 2382 2382 2383 2380 2384 2380 2383 2383 2385 2384 2386 2384 2385 2385 2387 2386 2388 2386 2387 2387 2389 2388 2390 2388 2389 2389 2391 2390 2392 2390 2391 2391 2393 2392 2394 2392 2393 2393 2395 2394 2396 2394 2395 2395 2397 2396 2398 2396 2397 2397 2399 2398 2400 2398 2399 2399 2401 2400 2402 2400 2401 2401 2403 2402 2404 2402 2403 2403 2405 2404 2373 2404 2405 2405 2374 2373 2406 2407 2408 2408 2409 2406 2410 2411 2412 2412 2413 2410 2414 2415 2416 2416 2417 2414 2418 2419 2420 2420 2421 2418 2422 2423 2424 
						2424 2425 2422 2426 2427 2428 2428 2429 2426 2430 2431 2432 2432 2433 2430 2409 2408 2434 2434 2435 2409 2417 2416 2436 2436 2437 2417 2421 2420 2438 2438 2439 2421 2440 2441 2415 2415 2414 2440 2425 2424 2407 2407 2406 2425 2429 2428 2419 2419 2418 2429 2433 2432 2423 2423 2422 2433 2435 2434 2441 2441 2440 2435 2442 2443 2427 2427 2426 2442 2439 2438 2431 2431 2430 2439 2444 2445 2446 2446 2447 2444 2448 2449 2450 2450 2451 2448 2452 2453 2449 2449 2448 2452 2413 2412 2454 2454 2455 2413 2451 2450 2456 2456 2457 2451 2455 2454 2458 2458 2459 2455 2457 2456 2460 2460 2461 2457 2459 2458 2462 2462 2463 2459 2464 2465 2466 2466 2467 2464 2463 2462 2468 2468 2469 2463 2467 2466 2470 2470 2471 2467 2469 2468 2472 2472 2473 2469 2471 2470 2474 2474 2475 2471 2473 2472 2476 2476 2477 2473 2475 2474 2411 2411 2410 2475 2477 2476 2453 2453 2452 2477 2478 2479 2480 2480 2481 2478 2482 2483 2484 2484 2485 2482 2447 2446 2486 2486 2487 2447 2485 2484 2488 
						2488 2489 2485 2487 2486 2490 2490 2491 2487 2489 2488 2492 2492 2493 2489 2494 2495 2496 2496 2497 2494 2491 2490 2495 2495 2494 2491 2493 2492 2498 2498 2499 2493 2497 2496 2500 2500 2479 2497 2499 2498 2501 2501 2502 2499 2479 2500 2503 2503 2480 2479 2502 2501 2504 2504 2505 2502 2506 2507 2508 2508 2509 2506 2505 2504 2445 2445 2444 2505 2509 2508 2483 2483 2482 2509 2510 2511 2512 2512 2513 2510 2514 2502 2505 2505 2515 2514 2516 2506 2509 2509 2517 2516 2515 2505 2444 2444 2518 2515 2517 2509 2482 2482 2519 2517 2518 2444 2447 2447 2520 2518 2519 2482 2485 2485 2521 2519 2520 2447 2487 2487 2522 2520 2521 2485 2489 2489 2511 2521 2522 2487 2491 2491 2523 2522 2511 2489 2493 2493 2512 2511 2524 2494 2497 2497 2525 2524 2523 2491 2494 2494 2524 2523 2512 2493 2499 2499 2526 2512 2525 2497 2479 2479 2478 2525 2526 2499 2502 2502 2514 2526 2527 2528 2529 2529 2530 2527 2531 2524 2525 2525 2532 2531 2533 2523 2524 2524 2531 2533 2513 2512 2526 
						2526 2534 2513 2532 2525 2478 2478 2535 2532 2534 2526 2514 2514 2536 2534 2535 2478 2481 2481 2537 2535 2536 2514 2515 2515 2538 2536 2539 2516 2517 2517 2540 2539 2538 2515 2518 2518 2528 2538 2540 2517 2519 2519 2541 2540 2528 2518 2520 2520 2529 2528 2541 2519 2521 2521 2542 2541 2529 2520 2522 2522 2543 2529 2542 2521 2511 2511 2510 2542 2543 2522 2523 2523 2533 2543 2544 2545 2546 2546 2547 2544 2548 2541 2542 2542 2549 2548 2530 2529 2543 2543 2550 2530 2549 2542 2510 2510 2551 2549 2550 2543 2533 2533 2552 2550 2551 2510 2513 2513 2553 2551 2554 2531 2532 2532 2555 2554 2552 2533 2531 2531 2554 2552 2553 2513 2534 2534 2556 2553 2555 2532 2535 2535 2557 2555 2556 2534 2536 2536 2545 2556 2557 2535 2537 2537 2558 2557 2545 2536 2538 2538 2546 2545 2559 2539 2540 2540 2560 2559 2546 2538 2528 2528 2527 2546 2560 2540 2541 2541 2548 2560 2561 2562 2563 2563 2564 2561 2565 2559 2560 2560 2566 2565 2547 2546 2527 2527 2567 2547 2566 2560 2548 
						2548 2568 2566 2567 2527 2530 2530 2569 2567 2568 2548 2549 2549 2570 2568 2569 2530 2550 2550 2571 2569 2570 2549 2551 2551 2572 2570 2571 2550 2552 2552 2573 2571 2572 2551 2553 2553 2574 2572 2562 2554 2555 2555 2563 2562 2573 2552 2554 2554 2562 2573 2574 2553 2556 2556 2575 2574 2563 2555 2557 2557 2576 2563 2575 2556 2545 2545 2544 2575 2576 2557 2558 2558 2577 2576 2578 2579 2580 2580 2581 2578 2582 2573 2562 2562 2561 2582 2583 2574 2575 2575 2584 2583 2564 2563 2576 2576 2585 2564 2584 2575 2544 2544 2586 2584 2585 2576 2577 2577 2587 2585 2586 2544 2547 2547 2588 2586 2589 2565 2566 2566 2590 2589 2588 2547 2567 2567 2591 2588 2590 2566 2568 2568 2592 2590 2591 2567 2569 2569 2593 2591 2592 2568 2570 2570 2594 2592 2593 2569 2571 2571 2595 2593 2594 2570 2572 2572 2596 2594 2595 2571 2573 2573 2582 2595 2596 2572 2574 2574 2583 2596 2597 2598 2599 2599 2600 2597 2601 2602 2603 2603 2604 2601 2581 2580 2605 2605 2606 2581 2604 2603 2607 
						2607 2608 2604 2606 2605 2609 2609 2610 2606 2611 2612 2613 2613 2614 2611 2608 2607 2612 2612 2611 2608 2610 2609 2615 2615 2616 2610 2614 2613 2617 2617 2618 2614 2616 2615 2619 2619 2620 2616 2618 2617 2621 2621 2622 2618 2620 2619 2623 2623 2624 2620 2625 2626 2627 2627 2628 2625 2624 2623 2629 2629 2630 2624 2628 2627 2579 2579 2578 2628 2630 2629 2602 2602 2601 2630 2631 2632 2633 2633 2634 2631 2635 2636 2637 2637 2638 2635 2600 2599 2639 2639 2640 2600 2638 2637 2641 2641 2642 2638 2640 2639 2643 2643 2644 2640 2642 2641 2645 2645 2646 2642 2644 2643 2647 2647 2648 2644 2646 2645 2649 2649 2650 2646 2648 2647 2651 2651 2652 2648 2650 2649 2653 2653 2654 2650 2632 2655 2656 2656 2633 2632 2652 2651 2655 2655 2632 2652 2654 2653 2657 2657 2658 2654 2633 2656 2659 2659 2660 2633 2658 2657 2598 2598 2597 2658 2660 2659 2661 2661 2662 2660 2663 2664 2665 2665 2666 2663 2667 2652 2632 2632 2631 2667 2668 2654 2658 2658 2669 2668 2634 2633 2660 
						2660 2670 2634 2669 2658 2597 2597 2671 2669 2670 2660 2662 2662 2672 2670 2671 2597 2600 2600 2673 2671 2674 2635 2638 2638 2675 2674 2673 2600 2640 2640 2676 2673 2675 2638 2642 2642 2664 2675 2676 2640 2644 2644 2677 2676 2664 2642 2646 2646 2665 2664 2677 2644 2648 2648 2678 2677 2665 2646 2650 2650 2679 2665 2678 2648 2652 2652 2667 2678 2679 2650 2654 2654 2668 2679 2680 2681 2682 2682 2683 2680 2684 2677 2678 2678 2685 2684 2666 2665 2679 2679 2686 2666 2685 2678 2667 2667 2687 2685 2686 2679 2668 2668 2688 2686 2689 2631 2634 2634 2690 2689 2687 2667 2631 2631 2689 2687 2688 2668 2669 2669 2691 2688 2690 2634 2670 2670 2692 2690 2691 2669 2671 2671 2681 2691 2692 2670 2672 2672 2693 2692 2681 2671 2673 2673 2682 2681 2694 2674 2675 2675 2695 2694 2682 2673 2676 2676 2696 2682 2695 2675 2664 2664 2663 2695 2696 2676 2677 2677 2684 2696 2697 2698 2699 2699 2700 2697 2701 2694 2695 2695 2702 2701 2683 2682 2696 2696 2703 2683 2702 2695 2663 
						2663 2704 2702 2703 2696 2684 2684 2705 2703 2704 2663 2666 2666 2706 2704 2705 2684 2685 2685 2707 2705 2706 2666 2686 2686 2708 2706 2707 2685 2687 2687 2698 2707 2708 2686 2688 2688 2709 2708 2699 2689 2690 2690 2710 2699 2698 2687 2689 2689 2699 2698 2709 2688 2691 2691 2711 2709 2710 2690 2692 2692 2712 2710 2711 2691 2681 2681 2680 2711 2712 2692 2693 2693 2713 2712 2714 2715 2716 2716 2717 2714 2718 2709 2711 2711 2719 2718 2720 2710 2712 2712 2721 2720 2719 2711 2680 2680 2722 2719 2721 2712 2713 2713 2723 2721 2722 2680 2683 2683 2724 2722 2725 2701 2702 2702 2726 2725 2724 2683 2703 2703 2727 2724 2726 2702 2704 2704 2728 2726 2727 2703 2705 2705 2715 2727 2728 2704 2706 2706 2729 2728 2715 2705 2707 2707 2716 2715 2729 2706 2708 2708 2730 2729 2716 2707 2698 2698 2697 2716 2730 2708 2709 2709 2718 2730 2700 2699 2710 2710 2720 2700 2731 2732 2733 2733 2734 2731 2735 2729 2730 2730 2736 2735 2717 2716 2697 2697 2737 2717 2736 2730 2718 
						2718 2738 2736 2739 2700 2720 2720 2740 2739 2737 2697 2700 2700 2739 2737 2738 2718 2719 2719 2741 2738 2740 2720 2721 2721 2742 2740 2741 2719 2722 2722 2743 2741 2742 2721 2723 2723 2744 2742 2743 2722 2724 2724 2745 2743 2732 2725 2726 2726 2733 2732 2745 2724 2727 2727 2746 2745 2733 2726 2728 2728 2747 2733 2746 2727 2715 2715 2714 2746 2747 2728 2729 2729 2735 2747 2748 2591 2593 2593 2749 2748 2750 2590 2592 2592 2751 2750 2752 2588 2591 2591 2748 2752 2753 2589 2590 2590 2750 2753 2754 2586 2588 2588 2752 2754 2755 2585 2587 2587 2756 2755 2757 2584 2586 2586 2754 2757 2758 2564 2585 2585 2755 2758 2759 2583 2584 2584 2757 2759 2760 2582 2561 2561 2761 2760 2761 2561 2564 2564 2758 2761 2762 2596 2583 2583 2759 2762 2763 2595 2582 2582 2760 2763 2764 2594 2596 2596 2762 2764 2749 2593 2595 2595 2763 2749 2751 2592 2594 2594 2764 2751 2765 2766 2767 2767 2768 2765 2769 2745 2746 2746 2770 2769 2734 2733 2747 2747 2771 2734 2770 2746 2714 
						2714 2772 2770 2771 2747 2735 2735 2773 2771 2772 2714 2717 2717 2774 2772 2773 2735 2736 2736 2775 2773 2774 2717 2737 2737 2776 2774 2775 2736 2738 2738 2777 2775 2778 2739 2740 2740 2779 2778 2776 2737 2739 2739 2778 2776 2777 2738 2741 2741 2780 2777 2779 2740 2742 2742 2781 2779 2780 2741 2743 2743 2782 2780 2781 2742 2744 2744 2783 2781 2782 2743 2745 2745 2769 2782 2784 2785 2786 2786 2787 2784 2788 2789 2790 2790 2791 2788 2768 2767 2792 2792 2793 2768 2791 2790 2794 2794 2795 2791 2796 2797 2798 2798 2799 2796 2793 2792 2797 2797 2796 2793 2795 2794 2800 2800 2801 2795 2799 2798 2802 2802 2803 2799 2801 2800 2804 2804 2805 2801 2803 2802 2806 2806 2807 2803 2805 2804 2808 2808 2809 2805 2810 2811 2812 2812 2813 2810 2809 2808 2814 2814 2815 2809 2813 2812 2816 2816 2817 2813 2815 2814 2766 2766 2765 2815 2817 2816 2789 2789 2788 2817 2818 2819 2820 2820 2821 2818 2822 2823 2824 2824 2825 2822 2787 2786 2826 2826 2827 2787 2825 2824 2828 
						2828 2829 2825 2827 2826 2830 2830 2831 2827 2829 2828 2832 2832 2833 2829 2831 2830 2834 2834 2835 2831 2833 2832 2836 2836 2837 2833 2835 2834 2838 2838 2819 2835 2839 2840 2841 2841 2842 2839 2837 2836 2840 2840 2839 2837 2819 2838 2843 2843 2820 2819 2842 2841 2844 2844 2845 2842 2820 2843 2846 2846 2847 2820 2845 2844 2848 2848 2849 2845 2847 2846 2823 2823 2822 2847 2850 2851 2852 2852 2853 2850 2854 2842 2845 2845 2855 2854 2821 2820 2847 2847 2856 2821 2855 2845 2849 2849 2857 2855 2856 2847 2822 2822 2858 2856 2859 2784 2787 2787 2860 2859 2858 2822 2825 2825 2861 2858 2860 2787 2827 2827 2862 2860 2861 2825 2829 2829 2851 2861 2862 2827 2831 2831 2863 2862 2851 2829 2833 2833 2852 2851 2863 2831 2835 2835 2864 2863 2852 2833 2837 2837 2865 2852 2864 2835 2819 2819 2818 2864 2866 2839 2842 2842 2854 2866 2865 2837 2839 2839 2866 2865 2867 2868 2869 2869 2870 2867 2871 2863 2864 2864 2872 2871 2853 2852 2865 2865 2873 2853 2872 2864 2818 
						2818 2874 2872 2875 2866 2854 2854 2876 2875 2873 2865 2866 2866 2875 2873 2874 2818 2821 2821 2877 2874 2876 2854 2855 2855 2878 2876 2877 2821 2856 2856 2879 2877 2878 2855 2857 2857 2880 2878 2879 2856 2858 2858 2868 2879 2881 2859 2860 2860 2882 2881 2868 2858 2861 2861 2869 2868 2882 2860 2862 2862 2883 2882 2869 2861 2851 2851 2850 2869 2883 2862 2863 2863 2871 2883 2884 2885 2886 2886 2887 2884 2888 2882 2883 2883 2889 2888 2870 2869 2850 2850 2890 2870 2889 2883 2871 2871 2891 2889 2890 2850 2853 2853 2892 2890 2891 2871 2872 2872 2893 2891 2892 2853 2873 2873 2894 2892 2893 2872 2874 2874 2895 2893 2896 2875 2876 2876 2885 2896 2894 2873 2875 2875 2896 2894 2895 2874 2877 2877 2897 2895 2885 2876 2878 2878 2886 2885 2897 2877 2879 2879 2898 2897 2886 2878 2880 2880 2899 2886 2898 2879 2868 2868 2867 2898 2900 2881 2882 2882 2888 2900 2901 2902 2903 2903 2904 2901 2905 2897 2898 2898 2906 2905 2887 2886 2899 2899 2907 2887 2906 2898 2867 
						2867 2908 2906 2909 2900 2888 2888 2910 2909 2908 2867 2870 2870 2911 2908 2910 2888 2889 2889 2912 2910 2911 2870 2890 2890 2913 2911 2912 2889 2891 2891 2914 2912 2913 2890 2892 2892 2915 2913 2914 2891 2893 2893 2916 2914 2915 2892 2894 2894 2917 2915 2916 2893 2895 2895 2918 2916 2919 2896 2885 2885 2884 2919 2917 2894 2896 2896 2919 2917 2918 2895 2897 2897 2905 2918 2920 2921 2922 2922 2923 2920 2924 2925 2926 2926 2927 2924 2904 2903 2928 2928 2929 2904 2930 2931 2932 2932 2933 2930 2927 2926 2931 2931 2930 2927 2929 2928 2934 2934 2935 2929 2933 2932 2936 2936 2937 2933 2935 2934 2938 2938 2939 2935 2937 2936 2940 2940 2941 2937 2939 2938 2942 2942 2943 2939 2944 2945 2946 2946 2947 2944 2943 2942 2948 2948 2949 2943 2947 2946 2950 2950 2951 2947 2949 2948 2952 2952 2953 2949 2951 2950 2902 2902 2901 2951 2953 2952 2925 2925 2924 2953 2954 2955 2956 2956 2957 2954 2958 2959 2960 2960 2961 2958 2923 2922 2962 2962 2963 2923 2961 2960 2964 
						2964 2965 2961 2963 2962 2966 2966 2967 2963 2965 2964 2968 2968 2969 2965 2970 2971 2972 2972 2973 2970 2967 2966 2971 2971 2970 2967 2969 2968 2974 2974 2975 2969 2973 2972 2976 2976 2955 2973 2975 2974 2977 2977 2978 2975 2955 2976 2979 2979 2956 2955 2978 2977 2980 2980 2981 2978 2982 2983 2984 2984 2985 2982 2981 2980 2921 2921 2920 2981 2985 2984 2959 2959 2958 2985 2986 2987 2988 2988 2989 2986 2990 2978 2981 2981 2991 2990 2992 2982 2985 2985 2993 2992 2991 2981 2920 2920 2994 2991 2993 2985 2958 2958 2995 2993 2994 2920 2923 2923 2996 2994 2995 2958 2961 2961 2997 2995 2996 2923 2963 2963 2998 2996 2997 2961 2965 2965 2987 2997 2998 2963 2967 2967 2999 2998 2987 2965 2969 2969 2988 2987 3000 2970 2973 2973 3001 3000 2999 2967 2970 2970 3000 2999 2988 2969 2975 2975 3002 2988 3001 2973 2955 2955 2954 3001 3002 2975 2978 2978 2990 3002 3003 3004 3005 3005 3006 3003 3007 3000 3001 3001 3008 3007 3009 2999 3000 3000 3007 3009 2989 2988 3002 
						3002 3010 2989 3008 3001 2954 2954 3011 3008 3010 3002 2990 2990 3012 3010 3011 2954 2957 2957 3013 3011 3012 2990 2991 2991 3014 3012 3015 2992 2993 2993 3016 3015 3014 2991 2994 2994 3004 3014 3016 2993 2995 2995 3017 3016 3004 2994 2996 2996 3005 3004 3017 2995 2997 2997 3018 3017 3005 2996 2998 2998 3019 3005 3018 2997 2987 2987 2986 3018 3019 2998 2999 2999 3009 3019 3020 3021 3022 3022 3023 3020 3024 3017 3018 3018 3025 3024 3006 3005 3019 3019 3026 3006 3025 3018 2986 2986 3027 3025 3026 3019 3009 3009 3028 3026 3027 2986 2989 2989 3029 3027 3030 3007 3008 3008 3031 3030 3028 3009 3007 3007 3030 3028 3029 2989 3010 3010 3032 3029 3031 3008 3011 3011 3021 3031 3032 3010 3012 3012 3033 3032 3021 3011 3013 3013 3022 3021 3033 3012 3014 3014 3034 3033 3035 3015 3016 3016 3036 3035 3034 3014 3004 3004 3003 3034 3036 3016 3017 3017 3024 3036 3037 3038 3039 3039 3040 3037 3041 3033 3034 3034 3042 3041 3043 3035 3036 3036 3044 3043 3042 3034 3003 
						3003 3045 3042 3044 3036 3024 3024 3046 3044 3045 3003 3006 3006 3047 3045 3046 3024 3025 3025 3048 3046 3047 3006 3026 3026 3049 3047 3048 3025 3027 3027 3050 3048 3049 3026 3028 3028 3051 3049 3050 3027 3029 3029 3052 3050 3053 3030 3031 3031 3054 3053 3051 3028 3030 3030 3053 3051 3052 3029 3032 3032 3055 3052 3054 3031 3021 3021 3020 3054 3055 3032 3033 3033 3041 3055 3056 3057 3058 3058 3059 3056 3060 3061 3062 3062 3063 3060 3040 3039 3064 3064 3065 3040 3063 3062 3066 3066 3067 3063 3065 3064 3068 3068 3069 3065 3070 3071 3072 3072 3073 3070 3067 3066 3071 3071 3070 3067 3069 3068 3074 3074 3075 3069 3073 3072 3076 3076 3077 3073 3075 3074 3078 3078 3057 3075 3077 3076 3079 3079 3080 3077 3057 3078 3081 3081 3058 3057 3082 3083 3084 3084 3085 3082 3058 3081 3086 3086 3087 3058 3085 3084 3038 3038 3037 3085 3087 3086 3061 3061 3060 3087 3088 3089 3090 3090 3091 3088 3092 3082 3085 3085 3093 3092 3059 3058 3087 3087 3094 3059 3093 3085 3037 
						3037 3095 3093 3094 3087 3060 3060 3096 3094 3095 3037 3040 3040 3097 3095 3096 3060 3063 3063 3098 3096 3097 3040 3065 3065 3099 3097 3098 3063 3067 3067 3100 3098 3099 3065 3069 3069 3101 3099 3089 3070 3073 3073 3090 3089 3100 3067 3070 3070 3089 3100 3101 3069 3075 3075 3102 3101 3090 3073 3077 3077 3103 3090 3102 3075 3057 3057 3056 3102 3103 3077 3080 3080 3104 3103 3105 3106 3107 3107 3108 3105 3109 3100 3089 3089 3088 3109 3110 3101 3102 3102 3111 3110 3091 3090 3103 3103 3112 3091 3111 3102 3056 3056 3113 3111 3112 3103 3104 3104 3114 3112 3113 3056 3059 3059 3115 3113 3116 3092 3093 3093 3117 3116 3115 3059 3094 3094 3118 3115 3117 3093 3095 3095 3106 3117 3118 3094 3096 3096 3119 3118 3106 3095 3097 3097 3107 3106 3119 3096 3098 3098 3120 3119 3107 3097 3099 3099 3121 3107 3120 3098 3100 3100 3109 3120 3121 3099 3101 3101 3110 3121 3122 3123 3124 3124 3125 3122 3126 3119 3120 3120 3127 3126 3108 3107 3121 3121 3128 3108 3127 3120 3109 
						3109 3129 3127 3128 3121 3110 3110 3130 3128 3131 3088 3091 3091 3132 3131 3129 3109 3088 3088 3131 3129 3130 3110 3111 3111 3133 3130 3132 3091 3112 3112 3134 3132 3133 3111 3113 3113 3123 3133 3134 3112 3114 3114 3135 3134 3123 3113 3115 3115 3124 3123 3136 3116 3117 3117 3137 3136 3124 3115 3118 3118 3138 3124 3137 3117 3106 3106 3105 3137 3138 3118 3119 3119 3126 3138 3139 3140 3141 3141 3142 3139 3143 3136 3137 3137 3144 3143 3125 3124 3138 3138 3145 3125 3144 3137 3105 3105 3146 3144 3145 3138 3126 3126 3147 3145 3146 3105 3108 3108 3148 3146 3147 3126 3127 3127 3149 3147 3148 3108 3128 3128 3150 3148 3149 3127 3129 3129 3140 3149 3150 3128 3130 3130 3151 3150 3141 3131 3132 3132 3152 3141 3140 3129 3131 3131 3141 3140 3151 3130 3133 3133 3153 3151 3152 3132 3134 3134 3154 3152 3153 3133 3123 3123 3122 3153 3154 3134 3135 3135 3155 3154 3156 3157 3158 3158 3159 3156 3160 3151 3153 3153 3161 3160 3162 3152 3154 3154 3163 3162 3161 3153 3122 
						3122 3164 3161 3163 3154 3155 3155 3165 3163 3164 3122 3125 3125 3166 3164 3167 3143 3144 3144 3168 3167 3166 3125 3145 3145 3169 3166 3168 3144 3146 3146 3170 3168 3169 3145 3147 3147 3157 3169 3170 3146 3148 3148 3171 3170 3157 3147 3149 3149 3158 3157 3171 3148 3150 3150 3172 3171 3158 3149 3140 3140 3139 3158 3172 3150 3151 3151 3160 3172 3142 3141 3152 3152 3162 3142 3173 3174 3175 3175 3176 3173 3177 3171 3172 3172 3178 3177 3159 3158 3139 3139 3179 3159 3178 3172 3160 3160 3180 3178 3181 3142 3162 3162 3182 3181 3179 3139 3142 3142 3181 3179 3180 3160 3161 3161 3183 3180 3182 3162 3163 3163 3184 3182 3183 3161 3164 3164 3185 3183 3184 3163 3165 3165 3186 3184 3185 3164 3166 3166 3187 3185 3174 3167 3168 3168 3175 3174 3187 3166 3169 3169 3188 3187 3175 3168 3170 3170 3189 3175 3188 3169 3157 3157 3156 3188 3189 3170 3171 3171 3177 3189 3190 3191 3192 3192 3193 3190 3194 3187 3188 3188 3195 3194 3176 3175 3189 3189 3196 3176 3195 3188 3156 
						3156 3197 3195 3196 3189 3177 3177 3198 3196 3197 3156 3159 3159 3199 3197 3198 3177 3178 3178 3200 3198 3199 3159 3179 3179 3201 3199 3200 3178 3180 3180 3202 3200 3203 3181 3182 3182 3204 3203 3201 3179 3181 3181 3203 3201 3202 3180 3183 3183 3205 3202 3204 3182 3184 3184 3206 3204 3205 3183 3185 3185 3207 3205 3206 3184 3186 3186 3208 3206 3207 3185 3187 3187 3194 3207 3209 3210 3211 3211 3212 3209 3193 3192 3213 3213 3214 3193 3212 3211 3215 3215 3216 3212 3214 3213 3217 3217 3218 3214 3219 3220 3221 3221 3222 3219 3218 3217 3223 3223 3224 3218 3222 3221 3225 3225 3226 3222 3224 3223 3227 3227 3228 3224 3226 3225 3229 3229 3230 3226 3228 3227 3231 3231 3232 3228 3230 3229 3233 3233 3234 3230 3232 3231 3235 3235 3236 3232 3234 3233 3191 3191 3190 3234 3237 3238 3210 3210 3209 3237 3236 3235 3238 3238 3237 3236 3239 3240 3241 3241 3242 3239 3243 3239 3242 3242 3244 3243 3245 3243 3244 3244 3246 3245 3247 3248 3249 3249 3250 3247 3251 3247 3250 
						3250 3252 3251 3253 3251 3252 3252 3254 3253 3255 3253 3254 3254 3256 3255 3257 3255 3256 3256 3258 3257 3259 3257 3258 3258 3260 3259 3261 3259 3260 3260 3262 3261 3263 3261 3262 3262 3264 3263 3265 3263 3264 3264 3266 3265 3267 3265 3266 3266 3268 3267 3269 3267 3268 3268 3270 3269 3271 3269 3270 3270 3272 3271 3240 3271 3272 3272 3241 3240 3273 3274 3275 3275 3276 3273 3277 3278 3279 3279 3280 3277 3281 3282 3283 3283 3284 3281 3285 3286 3287 3287 3288 3285 3289 3290 3291 3291 3292 3289 3293 3294 3295 3295 3296 3293 3297 3298 3299 3299 3300 3297 3276 3275 3301 3301 3302 3276 3284 3283 3303 3303 3304 3284 3288 3287 3305 3305 3306 3288 3307 3308 3282 3282 3281 3307 3292 3291 3274 3274 3273 3292 3296 3295 3286 3286 3285 3296 3300 3299 3290 3290 3289 3300 3302 3301 3308 3308 3307 3302 3309 3310 3294 3294 3293 3309 3306 3305 3298 3298 3297 3306 3311 3312 3313 3313 3314 3311 3315 3316 3317 3317 3318 3315 3319 3320 3316 3316 3315 3319 3280 3279 3321 
						3321 3322 3280 3318 3317 3323 3323 3324 3318 3322 3321 3325 3325 3326 3322 3324 3323 3327 3327 3328 3324 3326 3325 3329 3329 3330 3326 3331 3332 3333 3333 3334 3331 3330 3329 3335 3335 3336 3330 3334 3333 3337 3337 3338 3334 3336 3335 3339 3339 3340 3336 3338 3337 3341 3341 3342 3338 3340 3339 3343 3343 3344 3340 3342 3341 3278 3278 3277 3342 3344 3343 3320 3320 3319 3344 3345 3346 3347 3347 3348 3345 3349 3350 3351 3351 3352 3349 3314 3313 3353 3353 3354 3314 3352 3351 3355 3355 3356 3352 3354 3353 3357 3357 3358 3354 3356 3355 3359 3359 3360 3356 3361 3362 3363 3363 3364 3361 3358 3357 3362 3362 3361 3358 3360 3359 3365 3365 3366 3360 3364 3363 3367 3367 3346 3364 3366 3365 3368 3368 3369 3366 3346 3367 3370 3370 3347 3346 3369 3368 3371 3371 3372 3369 3373 3374 3375 3375 3376 3373 3372 3371 3312 3312 3311 3372 3376 3375 3350 3350 3349 3376 3377 3378 3379 3379 3380 3377 3381 3369 3372 3372 3382 3381 3383 3373 3376 3376 3384 3383 3382 3372 3311 
						3311 3385 3382 3384 3376 3349 3349 3386 3384 3385 3311 3314 3314 3387 3385 3386 3349 3352 3352 3388 3386 3387 3314 3354 3354 3389 3387 3388 3352 3356 3356 3378 3388 3389 3354 3358 3358 3390 3389 3378 3356 3360 3360 3379 3378 3391 3361 3364 3364 3392 3391 3390 3358 3361 3361 3391 3390 3379 3360 3366 3366 3393 3379 3392 3364 3346 3346 3345 3392 3393 3366 3369 3369 3381 3393 3394 3395 3396 3396 3397 3394 3398 3391 3392 3392 3399 3398 3400 3390 3391 3391 3398 3400 3380 3379 3393 3393 3401 3380 3399 3392 3345 3345 3402 3399 3401 3393 3381 3381 3403 3401 3402 3345 3348 3348 3404 3402 3403 3381 3382 3382 3405 3403 3406 3383 3384 3384 3407 3406 3405 3382 3385 3385 3395 3405 3407 3384 3386 3386 3408 3407 3395 3385 3387 3387 3396 3395 3408 3386 3388 3388 3409 3408 3396 3387 3389 3389 3410 3396 3409 3388 3378 3378 3377 3409 3410 3389 3390 3390 3400 3410 3411 3412 3413 3413 3414 3411 3415 3408 3409 3409 3416 3415 3397 3396 3410 3410 3417 3397 3416 3409 3377 
						3377 3418 3416 3417 3410 3400 3400 3419 3417 3418 3377 3380 3380 3420 3418 3421 3398 3399 3399 3422 3421 3419 3400 3398 3398 3421 3419 3420 3380 3401 3401 3423 3420 3422 3399 3402 3402 3424 3422 3423 3401 3403 3403 3412 3423 3424 3402 3404 3404 3425 3424 3412 3403 3405 3405 3413 3412 3426 3406 3407 3407 3427 3426 3413 3405 3395 3395 3394 3413 3427 3407 3408 3408 3415 3427 3428 3429 3430 3430 3431 3428 3432 3426 3427 3427 3433 3432 3414 3413 3394 3394 3434 3414 3433 3427 3415 3415 3435 3433 3434 3394 3397 3397 3436 3434 3435 3415 3416 3416 3437 3435 3436 3397 3417 3417 3438 3436 3437 3416 3418 3418 3439 3437 3438 3417 3419 3419 3440 3438 3439 3418 3420 3420 3441 3439 3429 3421 3422 3422 3430 3429 3440 3419 3421 3421 3429 3440 3441 3420 3423 3423 3442 3441 3430 3422 3424 3424 3443 3430 3442 3423 3412 3412 3411 3442 3443 3424 3425 3425 3444 3443 3445 3446 3447 3447 3448 3445 3449 3440 3429 3429 3428 3449 3450 3441 3442 3442 3451 3450 3431 3430 3443 
						3443 3452 3431 3451 3442 3411 3411 3453 3451 3452 3443 3444 3444 3454 3452 3453 3411 3414 3414 3455 3453 3456 3432 3433 3433 3457 3456 3455 3414 3434 3434 3458 3455 3457 3433 3435 3435 3459 3457 3458 3434 3436 3436 3460 3458 3459 3435 3437 3437 3461 3459 3460 3436 3438 3438 3462 3460 3461 3437 3439 3439 3463 3461 3462 3438 3440 3440 3449 3462 3463 3439 3441 3441 3450 3463 3464 3465 3466 3466 3467 3464 3468 3469 3470 3470 3471 3468 3448 3447 3472 3472 3473 3448 3471 3470 3474 3474 3475 3471 3473 3472 3476 3476 3477 3473 3478 3479 3480 3480 3481 3478 3475 3474 3479 3479 3478 3475 3477 3476 3482 3482 3483 3477 3481 3480 3484 3484 3485 3481 3483 3482 3486 3486 3487 3483 3485 3484 3488 3488 3489 3485 3487 3486 3490 3490 3491 3487 3492 3493 3494 3494 3495 3492 3491 3490 3496 3496 3497 3491 3495 3494 3446 3446 3445 3495 3497 3496 3469 3469 3468 3497 3498 3499 3500 3500 3501 3498 3502 3503 3504 3504 3505 3502 3467 3466 3506 3506 3507 3467 3505 3504 3508 
						3508 3509 3505 3507 3506 3510 3510 3511 3507 3509 3508 3512 3512 3513 3509 3511 3510 3514 3514 3515 3511 3513 3512 3516 3516 3517 3513 3515 3514 3518 3518 3519 3515 3517 3516 3520 3520 3521 3517 3499 3522 3523 3523 3500 3499 3519 3518 3522 3522 3499 3519 3521 3520 3524 3524 3525 3521 3500 3523 3526 3526 3527 3500 3525 3524 3465 3465 3464 3525 3527 3526 3528 3528 3529 3527 3530 3531 3532 3532 3533 3530 3534 3519 3499 3499 3498 3534 3535 3521 3525 3525 3536 3535 3501 3500 3527 3527 3537 3501 3536 3525 3464 3464 3538 3536 3537 3527 3529 3529 3539 3537 3538 3464 3467 3467 3540 3538 3541 3502 3505 3505 3542 3541 3540 3467 3507 3507 3543 3540 3542 3505 3509 3509 3531 3542 3543 3507 3511 3511 3544 3543 3531 3509 3513 3513 3532 3531 3544 3511 3515 3515 3545 3544 3532 3513 3517 3517 3546 3532 3545 3515 3519 3519 3534 3545 3546 3517 3521 3521 3535 3546 3547 3548 3549 3549 3550 3547 3551 3544 3545 3545 3552 3551 3533 3532 3546 3546 3553 3533 3552 3545 3534 
						3534 3554 3552 3553 3546 3535 3535 3555 3553 3556 3498 3501 3501 3557 3556 3554 3534 3498 3498 3556 3554 3555 3535 3536 3536 3558 3555 3557 3501 3537 3537 3559 3557 3558 3536 3538 3538 3548 3558 3559 3537 3539 3539 3560 3559 3548 3538 3540 3540 3549 3548 3561 3541 3542 3542 3562 3561 3549 3540 3543 3543 3563 3549 3562 3542 3531 3531 3530 3562 3563 3543 3544 3544 3551 3563 3564 3565 3566 3566 3567 3564 3568 3561 3562 3562 3569 3568 3550 3549 3563 3563 3570 3550 3569 3562 3530 3530 3571 3569 3570 3563 3551 3551 3572 3570 3571 3530 3533 3533 3573 3571 3572 3551 3552 3552 3574 3572 3573 3533 3553 3553 3575 3573 3574 3552 3554 3554 3565 3574 3575 3553 3555 3555 3576 3575 3566 3556 3557 3557 3577 3566 3565 3554 3556 3556 3566 3565 3576 3555 3558 3558 3578 3576 3577 3557 3559 3559 3579 3577 3578 3558 3548 3548 3547 3578 3579 3559 3560 3560 3580 3579 3581 3582 3583 3583 3584 3581 3585 3576 3578 3578 3586 3585 3587 3577 3579 3579 3588 3587 3586 3578 3547 
						3547 3589 3586 3588 3579 3580 3580 3590 3588 3589 3547 3550 3550 3591 3589 3592 3568 3569 3569 3593 3592 3591 3550 3570 3570 3594 3591 3593 3569 3571 3571 3595 3593 3594 3570 3572 3572 3582 3594 3595 3571 3573 3573 3596 3595 3582 3572 3574 3574 3583 3582 3596 3573 3575 3575 3597 3596 3583 3574 3565 3565 3564 3583 3597 3575 3576 3576 3585 3597 3567 3566 3577 3577 3587 3567 3598 3599 3600 3600 3601 3598 3602 3596 3597 3597 3603 3602 3584 3583 3564 3564 3604 3584 3603 3597 3585 3585 3605 3603 3606 3567 3587 3587 3607 3606 3604 3564 3567 3567 3606 3604 3605 3585 3586 3586 3608 3605 3607 3587 3588 3588 3609 3607 3608 3586 3589 3589 3610 3608 3609 3588 3590 3590 3611 3609 3610 3589 3591 3591 3612 3610 3599 3592 3593 3593 3600 3599 3612 3591 3594 3594 3613 3612 3600 3593 3595 3595 3614 3600 3613 3594 3582 3582 3581 3613 3614 3595 3596 3596 3602 3614 3615 3458 3460 3460 3616 3615 3617 3457 3459 3459 3618 3617 3619 3455 3458 3458 3615 3619 3620 3456 3457 
						3457 3617 3620 3621 3453 3455 3455 3619 3621 3622 3452 3454 3454 3623 3622 3624 3451 3453 3453 3621 3624 3625 3431 3452 3452 3622 3625 3626 3450 3451 3451 3624 3626 3627 3449 3428 3428 3628 3627 3628 3428 3431 3431 3625 3628 3629 3463 3450 3450 3626 3629 3630 3462 3449 3449 3627 3630 3631 3461 3463 3463 3629 3631 3616 3460 3462 3462 3630 3616 3618 3459 3461 3461 3631 3618 3632 3633 3634 3634 3635 3632 3636 3612 3613 3613 3637 3636 3601 3600 3614 3614 3638 3601 3637 3613 3581 3581 3639 3637 3638 3614 3602 3602 3640 3638 3639 3581 3584 3584 3641 3639 3640 3602 3603 3603 3642 3640 3641 3584 3604 3604 3643 3641 3642 3603 3605 3605 3644 3642 3645 3606 3607 3607 3646 3645 3643 3604 3606 3606 3645 3643 3644 3605 3608 3608 3647 3644 3646 3607 3609 3609 3648 3646 3647 3608 3610 3610 3649 3647 3648 3609 3611 3611 3650 3648 3649 3610 3612 3612 3636 3649 3651 3652 3653 3653 3654 3651 3655 3656 3657 3657 3658 3655 3635 3634 3659 3659 3660 3635 3658 3657 3661 
						3661 3662 3658 3663 3664 3665 3665 3666 3663 3660 3659 3664 3664 3663 3660 3662 3661 3667 3667 3668 3662 3666 3665 3669 3669 3670 3666 3668 3667 3671 3671 3672 3668 3670 3669 3673 3673 3674 3670 3672 3671 3675 3675 3676 3672 3677 3678 3679 3679 3680 3677 3676 3675 3681 3681 3682 3676 3680 3679 3683 3683 3684 3680 3682 3681 3633 3633 3632 3682 3684 3683 3656 3656 3655 3684 3685 3686 3687 3687 3688 3685 3689 3690 3691 3691 3692 3689 3654 3653 3693 3693 3694 3654 3692 3691 3695 3695 3696 3692 3694 3693 3697 3697 3698 3694 3696 3695 3699 3699 3700 3696 3698 3697 3701 3701 3702 3698 3700 3699 3703 3703 3704 3700 3702 3701 3705 3705 3686 3702 3706 3707 3708 3708 3709 3706 3704 3703 3707 3707 3706 3704 3686 3705 3710 3710 3687 3686 3709 3708 3711 3711 3712 3709 3687 3710 3713 3713 3714 3687 3712 3711 3715 3715 3716 3712 3714 3713 3690 3690 3689 3714 3717 3718 3719 3719 3720 3717 3721 3709 3712 3712 3722 3721 3688 3687 3714 3714 3723 3688 3722 3712 3716 
						3716 3724 3722 3723 3714 3689 3689 3725 3723 3726 3651 3654 3654 3727 3726 3725 3689 3692 3692 3728 3725 3727 3654 3694 3694 3729 3727 3728 3692 3696 3696 3718 3728 3729 3694 3698 3698 3730 3729 3718 3696 3700 3700 3719 3718 3730 3698 3702 3702 3731 3730 3719 3700 3704 3704 3732 3719 3731 3702 3686 3686 3685 3731 3733 3706 3709 3709 3721 3733 3732 3704 3706 3706 3733 3732 3734 3735 3736 3736 3737 3734 3738 3730 3731 3731 3739 3738 3720 3719 3732 3732 3740 3720 3739 3731 3685 3685 3741 3739 3742 3733 3721 3721 3743 3742 3740 3732 3733 3733 3742 3740 3741 3685 3688 3688 3744 3741 3743 3721 3722 3722 3745 3743 3744 3688 3723 3723 3746 3744 3745 3722 3724 3724 3747 3745 3746 3723 3725 3725 3735 3746 3748 3726 3727 3727 3749 3748 3735 3725 3728 3728 3736 3735 3749 3727 3729 3729 3750 3749 3736 3728 3718 3718 3717 3736 3750 3729 3730 3730 3738 3750 3751 3752 3753 3753 3754 3751 3755 3749 3750 3750 3756 3755 3737 3736 3717 3717 3757 3737 3756 3750 3738 
						3738 3758 3756 3757 3717 3720 3720 3759 3757 3758 3738 3739 3739 3760 3758 3759 3720 3740 3740 3761 3759 3760 3739 3741 3741 3762 3760 3763 3742 3743 3743 3752 3763 3761 3740 3742 3742 3763 3761 3762 3741 3744 3744 3764 3762 3752 3743 3745 3745 3753 3752 3764 3744 3746 3746 3765 3764 3753 3745 3747 3747 3766 3753 3765 3746 3735 3735 3734 3765 3767 3748 3749 3749 3755 3767 3768 3769 3770 3770 3771 3768 3772 3764 3765 3765 3773 3772 3754 3753 3766 3766 3774 3754 3773 3765 3734 3734 3775 3773 3776 3767 3755 3755 3777 3776 3775 3734 3737 3737 3778 3775 3777 3755 3756 3756 3779 3777 3778 3737 3757 3757 3780 3778 3779 3756 3758 3758 3781 3779 3780 3757 3759 3759 3782 3780 3781 3758 3760 3760 3783 3781 3782 3759 3761 3761 3784 3782 3783 3760 3762 3762 3785 3783 3786 3763 3752 3752 3751 3786 3784 3761 3763 3763 3786 3784 3785 3762 3764 3764 3772 3785 3787 3788 3789 3789 3790 3787 3791 3792 3793 3793 3794 3791 3771 3770 3795 3795 3796 3771 3797 3798 3799 
						3799 3800 3797 3794 3793 3798 3798 3797 3794 3796 3795 3801 3801 3802 3796 3800 3799 3803 3803 3804 3800 3802 3801 3805 3805 3806 3802 3804 3803 3807 3807 3808 3804 3806 3805 3809 3809 3810 3806 3811 3812 3813 3813 3814 3811 3810 3809 3815 3815 3816 3810 3814 3813 3817 3817 3818 3814 3816 3815 3819 3819 3820 3816 3818 3817 3769 3769 3768 3818 3820 3819 3792 3792 3791 3820 3821 3822 3823 3823 3824 3821 3825 3826 3827 3827 3828 3825 3790 3789 3829 3829 3830 3790 3828 3827 3831 3831 3832 3828 3830 3829 3833 3833 3834 3830 3832 3831 3835 3835 3836 3832 3837 3838 3839 3839 3840 3837 3834 3833 3838 3838 3837 3834 3836 3835 3841 3841 3842 3836 3840 3839 3843 3843 3822 3840 3842 3841 3844 3844 3845 3842 3822 3843 3846 3846 3823 3822 3845 3844 3847 3847 3848 3845 3849 3850 3851 3851 3852 3849 3848 3847 3788 3788 3787 3848 3852 3851 3826 3826 3825 3852 3853 3854 3855 3855 3856 3853 3857 3845 3848 3848 3858 3857 3859 3849 3852 3852 3860 3859 3858 3848 3787 
						3787 3861 3858 3860 3852 3825 3825 3862 3860 3861 3787 3790 3790 3863 3861 3862 3825 3828 3828 3864 3862 3863 3790 3830 3830 3865 3863 3864 3828 3832 3832 3854 3864 3865 3830 3834 3834 3866 3865 3854 3832 3836 3836 3855 3854 3867 3837 3840 3840 3868 3867 3866 3834 3837 3837 3867 3866 3855 3836 3842 3842 3869 3855 3868 3840 3822 3822 3821 3868 3869 3842 3845 3845 3857 3869 3870 3871 3872 3872 3873 3870 3874 3867 3868 3868 3875 3874 3876 3866 3867 3867 3874 3876 3856 3855 3869 3869 3877 3856 3875 3868 3821 3821 3878 3875 3877 3869 3857 3857 3879 3877 3878 3821 3824 3824 3880 3878 3879 3857 3858 3858 3881 3879 3882 3859 3860 3860 3883 3882 3881 3858 3861 3861 3871 3881 3883 3860 3862 3862 3884 3883 3871 3861 3863 3863 3872 3871 3884 3862 3864 3864 3885 3884 3872 3863 3865 3865 3886 3872 3885 3864 3854 3854 3853 3885 3886 3865 3866 3866 3876 3886 3887 3888 3889 3889 3890 3887 3891 3884 3885 3885 3892 3891 3873 3872 3886 3886 3893 3873 3892 3885 3853 
						3853 3894 3892 3893 3886 3876 3876 3895 3893 3894 3853 3856 3856 3896 3894 3897 3874 3875 3875 3898 3897 3895 3876 3874 3874 3897 3895 3896 3856 3877 3877 3899 3896 3898 3875 3878 3878 3888 3898 3899 3877 3879 3879 3900 3899 3888 3878 3880 3880 3889 3888 3900 3879 3881 3881 3901 3900 3902 3882 3883 3883 3903 3902 3901 3881 3871 3871 3870 3901 3903 3883 3884 3884 3891 3903 3904 3905 3906 3906 3907 3904 3908 3900 3901 3901 3909 3908 3910 3902 3903 3903 3911 3910 3909 3901 3870 3870 3912 3909 3911 3903 3891 3891 3913 3911 3912 3870 3873 3873 3914 3912 3913 3891 3892 3892 3915 3913 3914 3873 3893 3893 3916 3914 3915 3892 3894 3894 3917 3915 3916 3893 3895 3895 3918 3916 3917 3894 3896 3896 3919 3917 3920 3897 3898 3898 3921 3920 3918 3895 3897 3897 3920 3918 3919 3896 3899 3899 3922 3919 3921 3898 3888 3888 3887 3921 3922 3899 3900 3900 3908 3922 3923 3924 3925 3925 3926 3923 3927 3928 3929 3929 3930 3927 3907 3906 3931 3931 3932 3907 3930 3929 3933 
						3933 3934 3930 3932 3931 3935 3935 3936 3932 3937 3938 3939 3939 3940 3937 3934 3933 3938 3938 3937 3934 3936 3935 3941 3941 3942 3936 3940 3939 3943 3943 3944 3940 3942 3941 3945 3945 3924 3942 3944 3943 3946 3946 3947 3944 3924 3945 3948 3948 3925 3924 3949 3950 3951 3951 3952 3949 3925 3948 3953 3953 3954 3925 3952 3951 3905 3905 3904 3952 3954 3953 3928 3928 3927 3954 3955 3956 3957 3957 3958 3955 3959 3949 3952 3952 3960 3959 3926 3925 3954 3954 3961 3926 3960 3952 3904 3904 3962 3960 3961 3954 3927 3927 3963 3961 3962 3904 3907 3907 3964 3962 3963 3927 3930 3930 3965 3963 3964 3907 3932 3932 3966 3964 3965 3930 3934 3934 3967 3965 3966 3932 3936 3936 3968 3966 3956 3937 3940 3940 3957 3956 3967 3934 3937 3937 3956 3967 3968 3936 3942 3942 3969 3968 3957 3940 3944 3944 3970 3957 3969 3942 3924 3924 3923 3969 3970 3944 3947 3947 3971 3970 3972 3973 3974 3974 3975 3972 3976 3967 3956 3956 3955 3976 3977 3968 3969 3969 3978 3977 3958 3957 3970 
						3970 3979 3958 3978 3969 3923 3923 3980 3978 3979 3970 3971 3971 3981 3979 3980 3923 3926 3926 3982 3980 3983 3959 3960 3960 3984 3983 3982 3926 3961 3961 3985 3982 3984 3960 3962 3962 3973 3984 3985 3961 3963 3963 3986 3985 3973 3962 3964 3964 3974 3973 3986 3963 3965 3965 3987 3986 3974 3964 3966 3966 3988 3974 3987 3965 3967 3967 3976 3987 3988 3966 3968 3968 3977 3988 3989 3990 3991 3991 3992 3989 3993 3986 3987 3987 3994 3993 3975 3974 3988 3988 3995 3975 3994 3987 3976 3976 3996 3994 3995 3988 3977 3977 3997 3995 3998 3955 3958 3958 3999 3998 3996 3976 3955 3955 3998 3996 3997 3977 3978 3978 4000 3997 3999 3958 3979 3979 4001 3999 4000 3978 3980 3980 3990 4000 4001 3979 3981 3981 4002 4001 3990 3980 3982 3982 3991 3990 4003 3983 3984 3984 4004 4003 3991 3982 3985 3985 4005 3991 4004 3984 3973 3973 3972 4004 4005 3985 3986 3986 3993 4005 4006 4007 4008 4008 4009 4006 4010 4003 4004 4004 4011 4010 3992 3991 4005 4005 4012 3992 4011 4004 3972 
						3972 4013 4011 4012 4005 3993 3993 4014 4012 4013 3972 3975 3975 4015 4013 4014 3993 3994 3994 4016 4014 4015 3975 3995 3995 4017 4015 4016 3994 3996 3996 4007 4016 4017 3995 3997 3997 4018 4017 4008 3998 3999 3999 4019 4008 4007 3996 3998 3998 4008 4007 4018 3997 4000 4000 4020 4018 4019 3999 4001 4001 4021 4019 4020 4000 3990 3990 3989 4020 4021 4001 4002 4002 4022 4021 4023 4024 4025 4025 4026 4023 4027 4018 4020 4020 4028 4027 4029 4019 4021 4021 4030 4029 4028 4020 3989 3989 4031 4028 4030 4021 4022 4022 4032 4030 4031 3989 3992 3992 4033 4031 4034 4010 4011 4011 4035 4034 4033 3992 4012 4012 4036 4033 4035 4011 4013 4013 4037 4035 4036 4012 4014 4014 4024 4036 4037 4013 4015 4015 4038 4037 4024 4014 4016 4016 4025 4024 4038 4015 4017 4017 4039 4038 4025 4016 4007 4007 4006 4025 4039 4017 4018 4018 4027 4039 4009 4008 4019 4019 4029 4009 4040 4041 4042 4042 4043 4040 4044 4038 4039 4039 4045 4044 4026 4025 4006 4006 4046 4026 4045 4039 4027 
						4027 4047 4045 4048 4009 4029 4029 4049 4048 4046 4006 4009 4009 4048 4046 4047 4027 4028 4028 4050 4047 4049 4029 4030 4030 4051 4049 4050 4028 4031 4031 4052 4050 4051 4030 4032 4032 4053 4051 4052 4031 4033 4033 4054 4052 4041 4034 4035 4035 4042 4041 4054 4033 4036 4036 4055 4054 4042 4035 4037 4037 4056 4042 4055 4036 4024 4024 4023 4055 4056 4037 4038 4038 4044 4056 4057 4058 4059 4059 4060 4057 4061 4054 4055 4055 4062 4061 4043 4042 4056 4056 4063 4043 4062 4055 4023 4023 4064 4062 4063 4056 4044 4044 4065 4063 4064 4023 4026 4026 4066 4064 4065 4044 4045 4045 4067 4065 4066 4026 4046 4046 4068 4066 4067 4045 4047 4047 4069 4067 4070 4048 4049 4049 4071 4070 4068 4046 4048 4048 4070 4068 4069 4047 4050 4050 4072 4069 4071 4049 4051 4051 4073 4071 4072 4050 4052 4052 4074 4072 4073 4051 4053 4053 4075 4073 4074 4052 4054 4054 4061 4074 4076 4077 4078 4078 4079 4076 4060 4059 4080 4080 4081 4060 4079 4078 4082 4082 4083 4079 4081 4080 4084 
						4084 4085 4081 4086 4087 4088 4088 4089 4086 4085 4084 4090 4090 4091 4085 4089 4088 4092 4092 4093 4089 4091 4090 4094 4094 4095 4091 4093 4092 4096 4096 4097 4093 4095 4094 4098 4098 4099 4095 4097 4096 4100 4100 4101 4097 4099 4098 4102 4102 4103 4099 4101 4100 4058 4058 4057 4101 4104 4105 4077 4077 4076 4104 4103 4102 4105 4105 4104 4103 4106 4107 4108 4106 4108 4109 4106 4109 4110 4106 4110 4111 4106 4111 4112 4106 4112 4113 4106 4113 4114 4106 4114 4115 4106 4115 4116 4106 4116 4117 4117 4118 4106 4107 4119 4120 4107 4120 4121 4107 4121 4122 4107 4122 4123 4107 4123 4124 4107 4124 4125 4107 4125 4126 4107 4126 4127 4107 4127 4128 4107 4128 4129 4129 4108 4107 4130 4131 4132 4130 4132 4133 4130 4133 4134 4130 4134 4107 4130 4107 4106 4130 4106 4135 4130 4135 4136 4130 4136 4137 4130 4137 4138 4130 4138 4139 4139 4140 4130 4141 4142 4143 4143 4144 4141 4144 4143 4145 4145 4146 4144 4145 4134 4133 4133 4146 4145 4146 4133 4132 4132 4147 4146 
						4132 4131 4148 4148 4147 4132 4147 4148 4141 4141 4144 4147 4144 4146 4147 4149 4111 4110 4110 4150 4149 4150 4110 4109 4109 4151 4150 4109 4108 4129 4129 4151 4109 4151 4129 4128 4128 4152 4151 4128 4127 4153 4153 4152 4128 4152 4153 4149 4149 4150 4152 4150 4151 4152 4154 4122 4121 4121 4155 4154 4155 4121 4120 4120 4156 4155 4120 4119 4157 4157 4156 4120 4156 4157 4158 4158 4159 4156 4158 4160 4161 4161 4159 4158 4159 4161 4154 4154 4155 4159 4155 4156 4159 4162 4137 4136 4136 4163 4162 4163 4136 4135 4135 4164 4163 4135 4106 4118 4118 4164 4135 4164 4118 4117 4117 4165 4164 4117 4116 4166 4166 4165 4117 4165 4166 4162 4162 4163 4165 4163 4164 4165 4142 4167 4168 4142 4168 4169 4142 4169 4170 4142 4170 4160 4142 4160 4158 4142 4158 4157 4142 4157 4119 4142 4119 4107 4142 4107 4134 4142 4134 4145 4145 4143 4142 4171 4172 4173 4171 4173 4174 4171 4174 4175 4171 4175 4176 4171 4176 4177 4171 4177 4178 4171 4178 4179 4171 4179 4180 4171 4180 4181 
						4171 4181 4182 4182 4183 4171 4184 4185 4172 4184 4172 4171 4184 4171 4186 4184 4186 4187 4184 4187 4188 4184 4188 4189 4184 4189 4190 4184 4190 4191 4184 4191 4192 4184 4192 4193 4193 4194 4184 4195 4196 4197 4195 4197 4198 4195 4198 4199 4195 4199 4200 4195 4200 4201 4195 4201 4202 4195 4202 4203 4195 4203 4173 4195 4173 4172 4195 4172 4204 4204 4205 4195 4206 4207 4208 4208 4209 4206 4210 4206 4209 4209 4211 4210 4205 4204 4210 4210 4211 4205 4195 4205 4211 4211 4212 4195 4213 4196 4195 4195 4212 4213 4208 4213 4212 4212 4209 4208 4209 4212 4211 4182 4181 4214 4214 4215 4182 4183 4182 4215 4215 4216 4183 4186 4171 4183 4183 4216 4186 4187 4186 4216 4216 4217 4187 4218 4188 4187 4187 4217 4218 4214 4218 4217 4217 4215 4214 4215 4217 4216 4194 4193 4219 4219 4220 4194 4184 4194 4220 4220 4221 4184 4222 4185 4184 4184 4221 4222 4223 4222 4221 4221 4224 4223 4225 4226 4223 4223 4224 4225 4219 4225 4224 4224 4220 4219 4220 4224 4221 4202 4201 4227 
						4227 4228 4202 4203 4202 4228 4228 4229 4203 4174 4173 4203 4203 4229 4174 4175 4174 4229 4229 4230 4175 4231 4176 4175 4175 4230 4231 4227 4231 4230 4230 4228 4227 4228 4230 4229 4232 4233 4207 4232 4207 4206 4232 4206 4210 4232 4210 4204 4232 4204 4172 4232 4172 4185 4232 4185 4222 4232 4222 4223 4232 4223 4226 4232 4226 4234 4234 4235 4232 4236 4237 4238 4238 4239 4236 4240 4241 4237 4237 4236 4240 4242 4243 4241 4241 4240 4242 4244 4245 4246 4246 4247 4244 4248 4249 4245 4245 4244 4248 4250 4251 4249 4249 4248 4250 4252 4253 4254 4254 4255 4252 4256 4257 4253 4253 4252 4256 4258 4259 4257 4257 4256 4258 4260 4261 4262 4262 4263 4260 4264 4265 4261 4261 4260 4264 4266 4267 4265 4265 4264 4266 4268 4269 4270 4270 4271 4268 4272 4273 4274 4274 4275 4272 4271 4270 4273 4273 4272 4271 4276 4277 4278 4278 4279 4276 4280 4281 4282 4282 4283 4280 4279 4278 4281 4281 4280 4279 4284 4285 4286 4286 4287 4284 4288 4289 4290 4290 4291 4288 4287 4286 4289 
						4289 4288 4287 4292 4293 4294 4294 4295 4292 4296 4297 4298 4298 4299 4296 4295 4294 4297 4297 4296 4295 4300 4301 4269 4269 4268 4300 4291 4290 4302 4302 4303 4291 4275 4274 4304 4304 4305 4275 4306 4307 4293 4293 4292 4306 4308 4309 4277 4277 4276 4308 4299 4298 4310 4310 4311 4299 4312 4313 4285 4285 4284 4312 4283 4282 4314 4314 4315 4283 339 365 340 
					</p>
				</polylist>
			</mesh>
		</geometry>
	</library_geometries>
	<library_visual_scenes>
		<visual_scene id="RootNode" name="RootNode">
			<node id="TableD&apos;apoint" name="TableD&apos;apoint">
				<matrix>28.801519 0.000000 0.000000 0.000000 0.000000 -0.000005 28.801519 0.000000 0.000000 -28.801519 -0.000005 0.000000 0.000000 0.000000 0.000000 1.000000</matrix>
				<instance_geometry url="#meshId0">
					<bind_material>
						<technique_common>
							<instance_material symbol="defaultMaterial" target="#M_TableRonde" />
						</technique_common>
					</bind_material>
				</instance_geometry>
			</node>
		</visual_scene>
	</library_visual_scenes>
	<scene>
		<instance_visual_scene url="#RootNode" />
	</scene>
</COLLADA>
