<?xml version="1.0"?>
<COLLADA xmlns="http://www.collada.org/2005/11/COLLADASchema" version="1.4.1">
	<asset>
		<contributor>
			<author>Assimp</author>
			<authoring_tool>Assimp Exporter</authoring_tool>
		</contributor>
		<created>2021-10-27T12:04:43</created>
		<modified>2021-10-27T12:04:43</modified>
		<unit name="meter" meter="1.000000" />
		<up_axis>Y_UP</up_axis>
	</asset>
	<library_effects>
		<effect id="UV_Guide-fx" name="UV_Guide">
			<profile_COMMON>
				<technique sid="standard">
					<phong>
						<diffuse>
							<color sid="diffuse">0.800000   0.800000   0.800000   1.000000</color>
						</diffuse>
					</phong>
				</technique>
			</profile_COMMON>
		</effect>
	</library_effects>
	<library_materials>
		<material id="UV_Guide" name="UV Guide">
			<instance_effect url="#UV_Guide-fx"/>
		</material>
	</library_materials>
	<library_geometries>
		<geometry id="meshId0" name="meshId0_name" >
			<mesh>
				<source id="meshId0-positions" name="meshId0-positions">
					<float_array id="meshId0-positions-array" count="6633"> 
						-0.407000 3.290672 0.168079 -0.133420 3.285250 0.261402 -0.130324 3.496089 0.244943 -0.395023 3.505379 0.141581 -0.136517 3.074410 0.277861 0.136346 3.084406 0.285751 0.129003 3.290061 0.269604 0.384448 3.091958 0.213144 0.366234 3.304373 0.201029 0.601965 3.114161 0.041749 0.578940 3.323634 0.051734 -0.627011 3.506797 -0.011112 -0.649634 3.296316 0.006865 0.809808 3.145133 -0.156508 0.760283 3.354264 -0.164977 0.867193 3.172561 -0.405486 0.827215 3.377134 -0.398715 0.882393 3.205287 -0.641178 0.842977 3.407753 -0.636417 0.863069 3.222133 -0.888813 0.826512 3.426782 -0.873864 0.796889 3.239170 -1.169113 0.758368 3.442358 -1.141274 0.685586 3.249351 -1.419515 0.651231 3.450773 -1.388986 0.222997 2.882037 -1.741066 0.231579 3.243299 -1.757325 0.471446 3.248829 -1.599967 0.472960 2.894322 -1.617912 0.214510 3.450043 -1.710678 -0.083973 3.246871 -1.778014 -0.084920 3.454993 -1.729389 -0.084920 3.454993 -1.729389 -0.083973 3.246871 -1.778014 -0.360564 3.239080 -1.713588 -0.358214 3.448972 -1.675660 -0.789121 3.518487 -0.220615 -0.814385 3.313206 -0.207735 -0.885732 3.541948 -0.440208 -0.910498 3.333989 -0.438163 -0.937284 3.363734 -0.721933 -0.938154 3.579048 -0.712833 -0.942850 3.602978 -1.014254 -0.943504 3.386176 -1.032520 -0.842921 3.420934 -1.304893 -0.841801 3.624934 -1.289999 -0.624346 3.640085 -1.523021 -0.627973 3.431758 -1.543523 -0.355864 3.658864 -1.637732 0.142572 2.069603 0.086615 -0.130290 2.059607 0.078725 -0.128214 1.721339 0.012346 0.144648 1.731335 0.020236 0.138159 0.529904 -0.164771 -0.084148 0.527954 -0.154162 -0.073273 0.222134 -0.195224 0.136536 0.229547 -0.211023 -0.134441 2.736142 0.211482 -0.418977 3.075965 0.194578 -0.399295 2.738003 0.131746 -0.672256 3.085835 0.024841 -0.641148 2.742271 -0.036573 -0.839647 3.107925 -0.194855 -0.793021 2.759412 -0.244811 
						-0.935263 3.126031 -0.436118 -0.883385 2.773572 -0.480135 -0.936414 3.148422 -0.731033 -0.893480 2.794543 -0.754572 -0.946304 3.189229 -1.049722 -0.896584 2.814270 -1.064881 -0.844042 3.216934 -1.319787 -0.799422 2.854014 -1.324193 -0.631601 3.223430 -1.564025 -0.604878 2.863107 -1.555851 -0.341927 2.877384 -1.703433 -0.075845 2.883911 -1.763248 -0.075845 2.883911 -1.763248 0.650275 2.883857 -1.414047 0.757050 2.873514 -1.173303 0.813952 2.855873 -0.905666 0.838777 2.843937 -0.670101 0.823257 2.820363 -0.437854 0.338816 1.747091 -0.023748 0.350224 2.083308 0.035475 0.535058 1.754035 -0.156820 0.551785 2.094067 -0.107178 0.681691 2.109841 -0.286492 0.638986 1.764743 -0.329820 0.767103 2.800036 -0.199836 -0.117198 1.422993 -0.029281 -0.340249 1.724113 -0.056750 -0.325785 1.424311 -0.097881 0.289538 0.227746 -0.282364 0.299394 0.531615 -0.230640 0.420283 0.228192 -0.415341 0.443238 0.533361 -0.363637 0.497500 0.223774 -0.565788 0.525797 0.531968 -0.518595 0.542169 0.220811 -0.688441 0.572026 0.529402 -0.657745 0.611442 0.540965 -1.017361 0.600232 0.233303 -1.028213 0.580640 0.233523 -1.207549 0.592020 0.542129 -1.203214 0.585697 0.223752 -0.855800 0.610144 0.530979 -0.836014 0.518783 0.237379 -1.409279 0.523896 0.547379 -1.406952 0.364770 0.251456 -1.606222 0.370228 0.561213 -1.600769 -0.051244 0.575635 -1.713711 -0.052256 0.259740 -1.712622 -0.247010 0.248730 -1.662597 -0.254812 0.557443 -1.664671 0.160931 0.257819 -1.702999 0.167696 0.582268 -1.700368 -0.052256 0.259740 -1.712622 -0.051244 0.575635 -1.713711 -0.424251 0.239626 -1.545523 -0.444342 0.548129 -1.542684 -0.542988 0.237462 -1.358430 -0.567503 0.543020 -1.354226 -0.597374 0.234330 -1.154292 -0.628672 0.537255 -1.144867 -0.611029 0.227706 -0.908540 -0.641759 0.528746 -0.891870 -0.547825 1.711581 -0.220815 -0.523594 1.413960 -0.260934 
						-0.653141 1.713871 -0.394680 -0.624397 1.414919 -0.433806 -0.727749 1.716197 -0.612188 -0.696502 1.417508 -0.638789 -0.571512 0.222751 -0.745194 -0.602759 0.521440 -0.718593 0.691451 1.763767 -0.534959 0.735386 2.115965 -0.502590 0.779322 2.468164 -0.470222 0.724397 2.454938 -0.243164 0.585239 2.774129 -0.007893 0.568512 2.434098 -0.057536 0.373040 2.755741 0.153921 0.361632 2.419524 0.094698 0.138421 2.746138 0.219372 0.140497 2.407870 0.152994 0.707930 1.759890 -0.756872 0.751545 2.121239 -0.727949 0.795161 2.482588 -0.699025 0.684661 1.767805 -0.969911 0.721318 2.130538 -0.948399 0.767847 2.493204 -0.927035 0.637536 1.776549 -1.185873 0.677374 2.142204 -1.181683 0.717212 2.507859 -1.177493 0.544344 1.787380 -1.397642 0.579655 2.152873 -1.403110 0.614965 2.518365 -1.408578 0.392060 1.800243 -1.578955 0.419547 2.163166 -1.593684 0.446253 2.528744 -1.605798 0.197252 1.798253 -1.692287 0.205834 2.159514 -1.708547 0.214416 2.520776 -1.724806 -0.051462 1.795032 -1.718951 -0.059590 2.157991 -1.733717 -0.067718 2.520951 -1.748482 -0.286016 1.792296 -1.672966 -0.304653 2.153993 -1.683121 -0.059590 2.157991 -1.733717 -0.051462 1.795032 -1.718951 -0.323290 2.515688 -1.693277 -0.067718 2.520951 -1.748482 -0.524710 1.782140 -1.531327 -0.551432 2.142462 -1.539502 -0.578155 2.502785 -1.547676 -0.665563 1.765254 -1.337412 -0.710183 2.128174 -1.333006 -0.754803 2.491094 -1.328599 -0.753863 1.748957 -1.107167 -0.801436 2.104061 -1.093072 -0.849010 2.459166 -1.078977 -0.764678 1.732908 -0.825191 -0.807612 2.086786 -0.801651 -0.850546 2.440665 -0.778112 -0.779628 2.068655 -0.568170 -0.831506 2.421114 -0.524153 -0.699768 2.062385 -0.344724 -0.746394 2.410898 -0.294768 -0.578933 2.055144 -0.159401 -0.610040 2.398708 -0.097987 -0.359931 2.062077 0.006082 -0.379613 2.400039 0.068914 -0.132366 2.397874 0.145103 
						-0.733948 1.431867 -0.841861 -0.703218 1.130827 -0.858531 -0.665254 1.118819 -0.665390 -0.672489 0.829786 -0.875200 -0.634007 0.820129 -0.691992 -0.509419 0.219113 -0.590309 -0.538163 0.518065 -0.551184 -0.566908 0.817016 -0.512058 -0.595652 1.115968 -0.472932 -0.426671 0.223473 -0.421408 -0.450902 0.521095 -0.381289 -0.475133 0.818716 -0.341171 -0.499364 1.116338 -0.301052 -0.267928 0.225101 -0.262406 -0.282392 0.524903 -0.221275 -0.296856 0.824706 -0.180143 -0.311321 1.124509 -0.139012 -0.722565 1.446032 -1.116592 -0.691267 1.143106 -1.126017 -0.659970 0.840181 -1.135442 -0.641048 1.459696 -1.341616 -0.616533 1.154137 -1.345819 -0.592018 0.848578 -1.350023 -0.504618 1.473637 -1.534167 -0.484526 1.165134 -1.537006 -0.464434 0.856632 -1.539845 -0.278215 1.483583 -1.670892 -0.270414 1.174870 -1.668818 -0.262613 0.866157 -1.666744 0.189863 1.494256 -1.694307 -0.051407 1.490183 -1.717641 0.182474 1.190260 -1.696328 -0.051353 1.185333 -1.716331 0.175085 0.886264 -1.698348 -0.051298 0.880484 -1.715021 0.386602 1.490485 -1.584408 0.381144 1.180728 -1.589862 0.375686 0.870971 -1.595315 -0.051407 1.490183 -1.717641 -0.051353 1.185333 -1.716331 -0.051298 0.880484 -1.715021 0.539232 1.477380 -1.399969 0.534120 1.167379 -1.402297 0.529008 0.857379 -1.404624 0.626157 1.467944 -1.190208 0.614778 1.159339 -1.194543 0.603399 0.850734 -1.198879 0.683483 1.452662 -0.776658 0.656281 1.463871 -0.984976 0.659037 1.145435 -0.796443 0.633862 1.156287 -0.995658 0.634590 0.838207 -0.816229 0.622652 0.848626 -1.006510 0.661594 1.455176 -0.565655 0.631738 1.146584 -0.596352 0.601882 0.837993 -0.627048 0.610689 1.456550 -0.377013 0.582392 1.148356 -0.424207 0.554094 0.840162 -0.471401 0.512103 1.448867 -0.208524 0.489148 1.143698 -0.260229 0.466193 0.838530 -0.311933 0.328961 1.443222 -0.075471 0.319105 1.139353 -0.127194 
						0.309249 0.835484 -0.178917 0.143026 1.430978 -0.026016 0.141403 1.130620 -0.072268 0.139781 0.830262 -0.118520 -0.095164 0.826300 -0.112535 -0.106181 1.124646 -0.070908 -0.071050 -0.010625 -0.149717 0.138618 -0.010685 -0.164951 0.290169 -0.020541 -0.239228 0.430256 -0.027274 -0.421856 0.496727 -0.043729 -0.582978 0.538959 -0.028929 -0.707553 0.583459 -0.027795 -0.869219 0.593417 -0.037429 -1.034614 0.573963 -0.029843 -1.213232 0.516543 -0.021378 -1.419165 0.365915 -0.015852 -1.628543 0.155091 -0.004061 -1.720345 -0.050824 -0.005115 -1.727104 -0.050824 -0.005115 -1.727104 -0.251146 -0.015393 -1.673515 -0.427941 -0.023108 -1.557328 -0.550150 -0.026544 -1.369238 -0.625303 0.017932 -1.185862 -0.626575 0.173553 -0.910375 -0.589173 0.154307 -0.752358 -0.529537 0.045652 -0.594543 -0.434689 -0.015708 -0.411346 -0.281990 -0.017172 -0.243773 -0.626575 0.173553 -0.910375 -0.625303 0.017932 -1.185862 -0.660155 -0.177585 -1.218014 -0.718725 -0.100856 -0.952548 -0.666570 -0.141262 -0.750862 -0.589173 0.154307 -0.752358 -0.544679 -0.219192 -0.530992 -0.529537 0.045652 -0.594543 -0.466421 -0.233263 -0.382482 -0.434689 -0.015708 -0.411346 -0.309833 -0.225614 -0.175452 -0.281990 -0.017172 -0.243773 -0.550150 -0.026544 -1.369238 -0.557872 -0.203584 -1.390393 -0.427941 -0.023108 -1.557328 -0.431923 -0.206022 -1.575282 -0.251146 -0.015393 -1.673515 -0.255282 -0.210801 -1.690938 -0.050824 -0.005115 -1.727104 -0.053639 -0.209231 -1.747816 -0.053639 -0.209231 -1.747816 -0.050824 -0.005115 -1.727104 0.155091 -0.004061 -1.720345 0.150794 -0.206862 -1.741428 0.365915 -0.015852 -1.628543 0.378025 -0.216520 -1.648545 0.516543 -0.021378 -1.419165 0.523648 -0.235198 -1.433580 0.573963 -0.029843 -1.213232 0.587937 -0.245937 -1.221938 0.593417 -0.037429 -1.034614 0.631690 -0.229064 -1.115935 0.583459 -0.027795 -0.869219 0.666981 -0.212442 -0.881966 0.538959 -0.028929 -0.707553 
						0.621023 -0.221981 -0.704040 0.496727 -0.043729 -0.582978 0.527296 -0.249554 -0.542464 0.430256 -0.027274 -0.421856 0.462482 -0.243860 -0.373573 -0.083071 -0.210175 -0.060414 -0.071050 -0.010625 -0.149717 0.147819 -0.214301 -0.062428 0.138618 -0.010685 -0.164951 0.314651 -0.226048 -0.149633 0.290169 -0.020541 -0.239228 0.144154 -0.545940 0.319874 -0.086736 -0.541813 0.321888 -0.088568 -0.707633 0.513039 0.142321 -0.711759 0.511025 0.108900 -1.056046 1.111579 -0.097168 -1.052887 1.107357 -0.099318 -1.139201 1.255936 0.100545 -1.142118 1.261718 0.088838 -1.340776 1.644750 -0.101498 -1.328601 1.647728 -0.102224 -1.391735 1.778326 0.084935 -1.406995 1.772427 0.071982 -1.637794 2.327678 -0.065786 -1.634661 2.345107 -0.050073 -1.718840 2.480303 0.061332 -1.711177 2.463941 -0.323396 -0.406953 -0.030430 -0.501673 -0.430287 -0.247102 -0.536925 -0.627312 -0.111721 -0.644872 -0.607063 -0.562178 -0.652005 -0.835542 -0.352812 -0.569080 -0.820895 0.034189 0.401287 -0.561302 0.247715 0.444605 -0.728928 0.446389 0.606368 -0.595481 -0.016975 0.678311 -0.771291 0.161323 -0.720940 -0.357398 -0.751423 -0.599048 -0.435328 -0.531553 -0.695917 -0.605564 -0.795591 -0.739780 -0.345067 -0.983032 -0.678272 -0.396349 -1.229327 -0.693972 -0.515493 -1.179442 -0.704727 -0.603414 -0.967094 0.357969 -0.393675 0.049041 0.534425 -0.419670 -0.195274 0.145986 -0.380121 0.128723 -0.084903 -0.375994 0.130737 -0.352899 -0.575755 0.161817 -0.696217 -0.764111 -0.677807 -0.709426 -0.913950 -0.560886 -0.705316 -0.778519 -0.827128 -0.721937 -0.927143 -0.819117 -0.704531 -0.770040 -0.999900 -0.721726 -0.924866 -1.001122 0.585960 -0.456896 -0.465104 0.707832 -0.433374 -0.682810 0.731002 -0.434069 -0.901199 0.646776 -0.456724 -1.199841 0.682932 -0.661198 -0.439090 0.772587 -0.854506 -0.239337 0.732444 -0.644266 -0.690623 0.736199 -0.828720 -0.642681 0.738973 -0.864709 -0.771565 
						0.741173 -0.648563 -0.917482 0.726074 -0.883838 -0.924325 0.695307 -0.666707 -1.142367 0.711796 -0.884192 -1.023475 -0.572208 -0.397962 -1.411223 -0.446036 -0.394727 -1.589897 -0.266449 -0.391829 -1.712200 -0.059112 -0.395449 -1.771366 -0.059112 -0.395449 -1.771366 0.149146 -0.394341 -1.768223 0.389104 -0.395693 -1.674465 0.546888 -0.426361 -1.458652 0.618645 -0.456242 -1.250034 0.648794 -0.667048 -1.271743 0.668281 -0.886787 -1.293013 0.587076 -0.632529 -1.502483 0.407757 -0.615366 -1.720031 0.154073 -0.608734 -1.810857 -0.066486 -0.618155 -1.810993 -0.066486 -0.618155 -1.810993 -0.284199 -0.623642 -1.749280 -0.470567 -0.636023 -1.620826 -0.602424 -0.634935 -1.431931 -0.674389 -0.667284 -1.254754 -0.697240 -0.696850 -1.141338 -0.710559 -0.918355 -1.154957 -0.686926 -0.907832 -1.268742 -0.618093 -0.888622 -1.447244 -0.483905 -0.870326 -1.638945 -0.299277 -0.859684 -1.771999 -0.078422 -0.849881 -1.845095 -0.078422 -0.849881 -1.845095 0.155162 -0.847957 -1.855536 0.755994 -0.992644 -0.579918 0.733249 -1.010446 -0.782471 0.714892 -1.011328 -0.928110 0.702049 -1.011311 -1.082899 0.680706 -0.999678 -1.304831 0.615989 -0.859180 -1.526120 0.431185 -0.849116 -1.753716 -0.665062 -0.994230 -0.208575 -0.615689 -0.967177 0.237710 -0.707717 -1.032903 -0.483099 -0.731917 -1.045590 -0.812296 -0.701216 -1.249039 -0.480390 -0.727482 -1.266479 -0.816769 -0.723047 -1.487369 -0.821243 -0.696257 -1.462856 -0.491363 -0.551088 -1.877584 -0.526440 -0.614865 -1.914400 -0.796136 -0.461704 -2.034695 -0.789463 -0.424461 -1.979209 -0.535979 -0.731189 -1.042529 -1.008284 -0.715387 -1.037206 -1.159194 -0.691869 -1.038626 -1.273184 -0.623434 -1.025181 -1.456627 -0.494296 -1.015823 -1.641593 -0.307032 -0.998296 -1.781063 -0.076281 -0.989389 -1.862487 -0.076281 -0.989389 -1.862487 0.159528 -0.985135 -1.873653 0.444300 -0.978817 -1.770252 0.629103 -0.988881 -1.542655 -0.406985 -0.841724 0.560540 
						-0.383716 -0.743558 0.408436 -0.090718 -0.793946 0.661618 0.425994 -1.090302 1.081752 0.421341 -1.180646 1.240593 -0.416768 -1.081700 1.063046 -0.415385 -1.159651 1.232058 -0.682073 -1.227015 -0.217230 -0.699085 -1.459801 -0.225885 -0.637232 -1.059444 0.483334 -0.668475 -1.194013 0.081592 -0.697229 -1.233663 0.321958 -0.419535 -0.925797 0.725020 -0.725930 -1.440646 0.027722 0.705628 -0.874254 0.378280 0.847731 -1.027789 0.069522 0.770912 -1.224610 -0.595781 0.817520 -1.179297 -0.332569 0.806450 -1.445698 -0.378377 0.785830 -1.456576 -0.611643 0.873646 -1.198671 -0.022547 0.861299 -1.427978 -0.075314 0.730093 -0.984561 0.603694 0.920442 -1.132795 0.421057 -0.743881 -1.262857 -1.013872 -0.740274 -1.258180 -1.160774 -0.718181 -1.255334 -1.288399 -0.671211 -1.245807 -1.492356 -0.541448 -1.231905 -1.696110 -0.345577 -1.219787 -1.843952 -0.093589 -1.217046 -1.918156 -0.093589 -1.217046 -1.918156 0.173312 -1.215551 -1.921355 0.754808 -1.243251 -0.790749 0.776366 -1.476056 -0.799026 0.470089 -1.204691 -1.804387 0.661604 -1.209850 -1.565826 0.723632 -1.224709 -1.326836 0.731630 -1.236647 -1.128489 0.740137 -1.248002 -0.939102 -0.092868 -0.880260 0.810198 -0.418152 -1.003748 0.894033 -0.095018 -0.966573 0.958777 0.133966 -0.797831 0.661163 0.439952 -0.819272 0.605230 0.125611 -0.883903 0.811302 0.435300 -0.909615 0.764071 0.117256 -0.969974 0.961441 0.430647 -0.999959 0.922911 -0.754645 -1.430651 0.317576 -0.668769 -1.137499 0.726791 -0.731129 -1.288412 0.571107 -0.786042 -1.443666 0.569130 -0.584500 -1.831244 -0.237355 -0.444572 -1.929435 -0.224243 -0.480372 -1.909787 0.043235 -0.628701 -1.802931 0.032105 -0.511430 -1.934359 0.335749 -0.675627 -1.806701 0.329616 -0.560000 -1.993424 0.605968 -0.685922 -1.850340 0.588741 0.764076 -1.479333 -0.968437 0.769379 -1.472744 -1.150413 0.766559 -1.449739 -1.348840 0.694106 -1.430820 -1.588997 
						0.495879 -1.430565 -1.838522 0.187095 -1.445966 -1.969058 -0.110898 -1.444703 -1.973826 -0.384122 -1.441277 -1.906841 -0.110898 -1.444703 -1.973826 -0.588600 -1.447987 -1.750627 -0.718988 -1.466434 -1.528085 -0.761886 -1.474634 -1.308500 -0.765161 -1.479153 -1.162355 -0.756573 -1.483186 -1.019460 0.730032 -1.083127 0.828492 0.731829 -1.178690 1.022323 0.723928 -1.259177 1.209528 0.401455 -1.366535 1.649173 0.394826 -1.428498 1.785366 -0.382176 -1.330395 1.649047 -0.373572 -1.386990 1.786967 -0.358295 -1.620503 2.381023 -0.357643 -1.693381 2.520975 0.719206 -1.400443 1.659831 0.717632 -1.447532 1.809932 0.273517 -2.209649 2.326694 0.232364 -2.213934 2.335562 0.230660 -2.221766 2.312651 0.258353 -2.220676 2.305182 -0.667004 -1.924014 -1.019422 -0.498723 -2.071907 -1.021493 -0.674908 -1.928433 -1.158258 -0.506399 -2.079143 -1.158977 -0.664373 -1.922553 -1.321790 -0.484916 -2.084088 -1.319085 -0.632620 -1.927998 -1.541817 -0.436230 -2.074722 -1.521322 -0.556352 -1.911292 -1.728850 -0.373401 -2.061228 -1.672055 -0.360148 -1.896729 -1.897525 -0.275969 -2.058401 -1.772710 -0.618140 -1.760775 -1.751409 -0.708973 -1.765047 -1.543543 -0.396949 -1.745308 -1.940935 -0.770977 -1.780014 -1.322744 -0.787719 -1.778105 -1.158378 -0.779587 -1.776503 -1.018189 -0.709485 -1.754774 -0.802358 -0.784126 -1.679426 0.322644 -0.755906 -1.719447 0.588580 -0.743838 -1.681601 0.031890 -0.705422 -1.706861 -0.232285 -0.682205 -1.738773 -0.513502 -0.123976 -1.742539 -2.013037 0.184531 -1.746376 -1.990610 -0.123976 -1.742539 -2.013037 -0.121921 -1.889975 -1.968512 -0.122632 -2.055914 -1.832702 0.486686 -1.744721 -1.852389 0.176566 -1.891518 -1.942803 -0.121921 -1.889975 -1.968512 0.161597 -2.049707 -1.818975 -0.122632 -2.055914 -1.832702 0.681016 -1.755813 -1.573769 0.747791 -1.768325 -1.346154 0.771717 -1.767173 -1.181290 0.770851 -1.780633 -1.008206 0.759793 -1.784761 -0.825474 
						0.749231 -1.780782 -0.628783 0.755736 -1.760535 -0.401860 0.793910 -1.747307 -0.114613 0.947228 -1.445841 0.254333 0.871483 -1.725841 0.172402 0.464619 -1.890489 -1.820347 0.379238 -2.053393 -1.726981 0.650220 -1.893625 -1.557453 0.514543 -2.057016 -1.554010 0.683573 -1.930291 -1.380140 0.534844 -2.071322 -1.408455 0.703857 -1.936679 -1.221894 0.552825 -2.070059 -1.258832 0.724004 -1.867839 -0.144666 0.695835 -1.875661 -0.419541 0.689520 -1.915439 -0.674040 0.699963 -1.928938 -0.867773 0.707650 -1.934379 -1.047030 0.535205 -2.081923 -1.093375 0.529813 -2.076127 -0.931935 0.530258 -2.057668 -0.715777 0.532040 -2.016710 -0.467263 0.574470 -1.987900 -0.188430 0.952049 -1.235820 0.343368 -0.843498 -1.739738 0.919810 -0.844025 -1.462999 0.907246 0.802284 -1.845699 0.145881 0.659870 -1.975866 0.084309 0.942291 -1.210814 0.702314 0.944443 -1.277436 0.908685 0.929986 -1.337969 1.132936 0.897878 -1.436687 1.646880 0.888655 -1.466265 1.804540 0.822005 -1.725281 2.258537 0.703574 -1.662126 2.279593 0.699411 -1.746776 2.387568 0.803194 -1.790085 2.370506 0.989956 -1.286659 0.629642 0.996328 -1.341674 0.860665 0.984841 -1.398426 1.100005 1.007396 -1.501265 1.635056 1.014419 -1.528825 1.794069 1.025844 -1.761377 2.226011 1.028700 -1.819515 2.333996 -0.703993 -1.193758 0.969229 -0.718320 -1.237013 1.179687 -0.720841 -1.364965 1.614019 -0.721681 -1.407616 1.758797 -0.663283 -1.600322 2.390336 -0.648684 -1.648498 2.548220 -0.802864 -1.311635 0.916805 -0.838981 -1.350216 1.176346 -0.857003 -1.466630 1.635334 -0.862422 -1.504287 1.782725 -0.855765 -1.699851 2.428882 -0.854101 -1.748742 2.590421 -0.846165 -1.391315 1.340552 -0.719160 -1.279664 1.324464 -0.851584 -1.428972 1.487943 -0.720001 -1.322315 1.469242 -0.404315 -1.216566 1.371054 -0.393246 -1.273480 1.510051 0.916324 -1.377533 1.331562 0.976010 -1.437732 1.301991 
						0.907101 -1.407110 1.489221 1.000372 -1.473706 1.476043 0.722354 -1.306265 1.359629 0.720780 -1.353354 1.509730 0.414713 -1.242609 1.376786 0.408084 -1.304572 1.512980 -0.100045 -1.202334 1.386534 -0.100771 -1.265468 1.517131 0.096643 -1.208337 1.389395 0.092740 -1.274557 1.517073 -0.860757 -1.553179 1.944264 -0.707082 -1.455792 1.916682 -0.859093 -1.602070 2.105803 -0.692482 -1.503969 2.074566 -0.857429 -1.650961 2.267343 -0.677883 -1.552145 2.232451 -0.369777 -1.440912 1.930999 -0.364559 -1.499180 2.078988 -0.360512 -1.559925 2.236153 0.871992 -1.531019 1.918039 1.017275 -1.586962 1.902055 0.855330 -1.595773 2.031538 1.020132 -1.645101 2.010040 0.838668 -1.660527 2.145037 1.022988 -1.703239 2.118025 0.716139 -1.510265 1.923565 0.714647 -1.572999 2.037198 0.713154 -1.635733 2.150832 0.390802 -1.491112 1.912709 0.390888 -1.539622 2.052598 0.397359 -1.591336 2.175401 0.085600 -2.217217 2.347345 0.121228 -2.231517 2.211361 0.160520 -2.249883 2.238111 0.146957 -2.234482 2.290666 -0.094407 -1.454498 1.917897 -0.086590 -1.517261 2.057468 -0.078773 -1.580025 2.197039 0.080215 -1.467831 1.910730 0.075494 -1.528668 2.049033 0.070773 -1.589505 2.187335 0.202556 -2.216632 2.338364 0.205318 -2.222503 2.317565 -0.901976 -1.751932 1.196521 -0.887025 -1.478685 1.187286 -0.787999 -1.908665 0.917028 -0.671632 -2.081037 0.907381 -0.914530 -1.763012 1.371359 -0.895914 -1.509019 1.351467 -0.876815 -1.916692 1.200690 -0.811701 -2.103209 1.204283 -0.563134 -2.298329 1.207934 -0.500856 -2.147187 0.901464 -0.632744 -2.323089 1.403751 -0.880031 -2.109393 1.397870 -0.937552 -1.774834 1.526449 -0.891419 -1.538628 1.499552 -0.908331 -1.914747 1.384378 -0.975233 -1.779305 1.674141 -0.902869 -1.569128 1.646885 -0.928567 -2.111782 1.555662 -0.943988 -1.918875 1.540691 -0.696731 -2.322474 1.569069 -1.015601 -1.786107 1.820736 
						-0.935355 -1.602452 1.795537 -0.991627 -1.926264 1.690520 -0.970318 -2.115223 1.709376 -0.766642 -2.308409 1.733440 -0.975268 -1.643638 1.966183 -1.047745 -1.795955 1.978575 -1.041779 -1.800847 2.137507 -0.979769 -1.685195 2.128012 -1.015814 -1.826895 2.279376 -0.950342 -1.718764 2.272706 -1.038046 -1.920154 1.836385 -1.010657 -2.095873 1.856081 -0.803989 -2.296831 1.890778 -0.866794 -2.264651 2.047888 -1.030111 -2.082867 2.010503 -1.066525 -1.911441 1.989993 -1.063385 -1.907596 2.143688 -1.033975 -2.071952 2.163757 -0.889875 -2.244063 2.198396 -0.885569 -2.216007 2.353503 -1.018816 -2.054639 2.302814 -0.970441 -1.853151 2.428402 -0.914562 -1.758784 2.427547 -1.036928 -1.924540 2.287364 -0.890634 -1.790594 2.588859 -0.933255 -1.874378 2.588172 1.009459 -1.462541 0.550147 0.963406 -1.730144 0.482180 -0.991405 -1.951115 2.435288 -0.954900 -1.970014 2.591494 -0.984790 -2.044601 2.443223 -0.952552 -2.042611 2.595715 -0.881453 -2.174642 2.466387 -0.857212 -2.150120 2.609656 1.042741 -1.512240 0.805110 1.052626 -1.555123 1.056404 1.061444 -1.602561 1.251889 1.067996 -1.618112 1.445051 1.074611 -1.633357 1.619776 1.077699 -1.638401 1.779927 1.026338 -1.756894 0.745292 1.069278 -1.794161 1.002695 1.089627 -1.837495 1.210280 1.098024 -1.858129 1.401590 1.090266 -1.865798 1.591676 1.076618 -1.887496 1.778014 -0.890634 -1.790594 2.588859 -0.933255 -1.874378 2.588172 -0.911776 -1.892999 2.717223 -0.875534 -1.810074 2.718387 0.898388 -1.855652 0.447084 0.720850 -2.003970 0.383575 0.965133 -1.896021 0.719357 0.771323 -2.059355 0.651260 1.013251 -1.954685 0.977753 0.812599 -2.143120 0.952452 1.034000 -2.003326 1.197857 0.815126 -2.192184 1.209872 -0.942850 3.602978 -1.014254 -0.938154 3.579048 -0.712833 -0.726753 3.643499 -0.722660 -0.732829 3.676660 -0.963067 -0.885732 3.541948 -0.440208 -0.691353 3.627693 -0.497146 
						-0.789121 3.518487 -0.220615 -0.628011 3.618109 -0.318366 -0.841801 3.624934 -1.289999 -0.656293 3.696804 -1.167870 -0.502597 3.711300 -1.356355 -0.624346 3.640085 -1.523021 -0.085868 3.663116 -1.680764 0.197440 3.656788 -1.664030 -0.085868 3.663116 -1.680764 0.441438 3.656062 -1.548734 0.470552 3.457981 -1.589380 0.616876 3.652195 -1.358456 0.719848 3.645545 -1.113436 0.789955 3.631432 -0.858914 0.803563 3.610218 -0.631656 0.787237 3.581707 -0.391945 0.710758 3.563394 -0.173446 0.555915 3.533108 0.061719 0.348020 3.516788 0.188913 0.121660 3.495716 0.253457 -0.321050 3.713931 -1.437765 -0.355864 3.658864 -1.637732 -0.074218 3.712335 -1.475616 -0.085868 3.663116 -1.680764 0.162606 3.707915 -1.468001 0.197440 3.656788 -1.664030 0.335406 3.702969 -1.397885 0.441438 3.656062 -1.548734 0.616876 3.652195 -1.358456 0.451365 3.687676 -1.271788 0.556491 3.663064 -1.052921 0.719848 3.645545 -1.113436 0.617908 3.653201 -0.833570 0.789955 3.631432 -0.858914 0.630197 3.633648 -0.624518 0.803563 3.610218 -0.631656 0.610833 3.605542 -0.404672 0.787237 3.581707 -0.391945 0.538358 3.596298 -0.245345 0.710758 3.563394 -0.173446 0.417869 3.595864 -0.076974 0.555915 3.533108 0.061719 0.348020 3.516788 0.188913 0.259787 3.589672 0.021734 0.090049 3.581904 0.060879 0.121660 3.495716 0.253457 -0.105750 3.581507 0.049819 -0.130324 3.496089 0.244943 -0.302173 3.590030 -0.020064 -0.395023 3.505379 0.141581 -0.500531 3.607019 -0.155859 -0.627011 3.506797 -0.011112 -0.008164 3.647794 -0.412547 0.052799 3.649004 -0.430950 -0.016197 3.668782 -0.581844 -0.045897 3.668756 -0.574558 -0.085047 3.647769 -0.419108 -0.078146 3.669857 -0.575417 -0.161976 3.651428 -0.442813 -0.115244 3.671894 -0.583730 0.111076 3.651581 -0.467707 0.008812 3.670153 -0.597952 0.150375 3.653543 -0.525760 0.021048 3.672626 -0.619232 
						0.177840 3.659573 -0.595726 0.033509 3.677583 -0.659410 -0.233158 3.659051 -0.500347 -0.144033 3.676395 -0.615176 -0.278213 3.666070 -0.574589 -0.161614 3.682057 -0.659996 -0.300999 3.671746 -0.648659 -0.170881 3.686430 -0.699163 -0.315521 3.678643 -0.736430 -0.178444 3.690356 -0.741020 -0.319707 3.690482 -0.839623 -0.181999 3.695089 -0.798475 -0.290675 3.697824 -0.913598 -0.168802 3.698164 -0.828841 -0.137675 3.701456 -0.855249 -0.228905 3.703917 -0.980526 -0.161587 3.706055 -1.014413 -0.108433 3.703431 -0.873296 -0.069569 3.706266 -1.029438 -0.071268 3.704217 -0.880179 0.014357 3.704829 -1.026113 -0.035059 3.703800 -0.878817 0.072703 3.702680 -0.998725 -0.014865 3.702585 -0.865671 0.119873 3.696845 -0.947822 0.009376 3.699902 -0.839833 0.157556 3.688389 -0.873019 0.024578 3.696830 -0.813052 0.181685 3.685221 -0.782147 0.039264 3.690195 -0.759458 0.189396 3.671041 -0.686565 0.042462 3.683506 -0.707247 0.483263 3.646113 -0.645200 0.466502 3.623553 -0.468357 0.336329 3.658577 -0.665882 0.322171 3.641563 -0.532041 0.473107 3.662750 -0.817498 0.328306 3.672298 -0.801426 0.423513 3.671505 -0.992954 0.290535 3.679947 -0.932986 0.340868 3.690732 -1.163799 0.230370 3.693789 -1.055810 0.247839 3.702873 -1.264831 0.160271 3.702777 -1.131778 0.113190 3.706887 -1.320705 0.063774 3.705858 -1.173409 -0.072668 3.710312 -1.326890 -0.071119 3.708289 -1.178164 -0.267896 3.711306 -1.296648 -0.214742 3.708680 -1.155530 -0.411366 3.708840 -1.231079 -0.320136 3.706378 -1.105802 -0.534420 3.697144 -1.083112 -0.412548 3.697484 -0.998355 -0.595122 3.681268 -0.921919 -0.457414 3.685875 -0.880771 -0.589675 3.655213 -0.727250 -0.452598 3.666927 -0.731840 -0.561235 3.642377 -0.547650 -0.431117 3.657062 -0.598155 -0.511411 3.634096 -0.403773 -0.394812 3.650083 -0.489181 -0.411407 3.624363 -0.270688 -0.322282 3.641707 -0.385518 
						-0.255441 3.610496 -0.160980 0.409030 3.615380 -0.338817 0.279703 3.634462 -0.432289 0.315605 3.614436 -0.207218 0.213341 3.633008 -0.337463 0.190791 3.609450 -0.129160 0.121795 3.629227 -0.280055 -0.098849 3.603595 -0.106490 0.057126 3.603580 -0.097953 0.024204 3.625256 -0.256785 -0.091948 3.625682 -0.262799 -0.022329 3.699618 -0.824333 -0.073010 3.699933 -0.819130 -0.052337 3.674752 -0.617946 -0.101669 3.675953 -0.617633 -0.114772 3.699662 -0.821121 -0.108340 3.681258 -0.657572 -0.115282 3.687022 -0.702729 -0.119630 3.691727 -0.743143 -0.121538 3.696303 -0.786732 -0.071789 3.697100 -0.790924 -0.069250 3.692150 -0.748196 -0.064075 3.686568 -0.704613 -0.059790 3.680587 -0.660090 -0.012950 3.674059 -0.621668 -0.008679 3.679792 -0.665123 -0.008725 3.685659 -0.709227 -0.011536 3.691095 -0.750746 -0.017006 3.696474 -0.794813 -0.357643 -1.693381 2.520975 -0.648684 -1.648498 2.548220 -0.644135 -1.666832 2.696012 -0.444303 -1.755267 2.641943 -0.050073 -1.718840 2.480303 -0.357643 -1.693381 2.520975 -0.261748 -1.741586 2.612128 -0.059996 -1.765296 2.580594 -0.854101 -1.748742 2.590421 -0.846623 -1.771405 2.717974 -0.839189 -1.782349 2.862418 -0.636993 -1.683524 2.835082 -0.828022 -1.789207 2.981665 -0.624905 -1.720813 2.952177 -0.441349 -1.779626 2.807407 -0.405580 -1.828291 2.926493 -0.816734 -1.797278 3.051350 -0.618914 -1.748728 3.021635 -0.379539 -1.854529 2.992752 -0.919661 -1.904395 2.868506 -0.877250 -1.824688 2.868271 -0.870770 -1.833214 2.991360 -0.859244 -1.840849 3.058987 -0.918174 -1.914512 2.995179 -0.954900 -1.970014 2.591494 -0.933040 -1.979481 2.722707 -0.952552 -2.042611 2.595715 -0.857212 -2.150120 2.609656 -0.849845 -2.176495 2.761218 -0.936504 -2.053256 2.729914 -0.869148 -2.208387 2.911038 -0.950826 -2.060610 2.864613 -0.852747 -2.206743 3.034300 -0.952120 -2.072897 2.983373 -0.944819 -1.989855 2.866796 
						-0.910178 -1.919956 3.064945 -0.890102 -1.926302 3.160908 -0.853553 -1.868016 3.157457 -0.950832 -1.997838 2.989571 -0.612467 -1.763215 3.065491 -0.481958 -1.782118 3.053795 -0.435245 -1.801517 3.120495 -0.351149 -1.878687 3.089438 -0.403194 -1.813221 3.206378 -0.328815 -1.890361 3.210401 -0.399348 -1.805621 3.280645 -0.578228 -1.753562 3.303121 -0.568599 -1.764865 3.397393 -0.434648 -1.808300 3.359532 -0.399348 -1.805621 3.280645 -0.330641 -1.882551 3.320710 -0.434648 -1.808300 3.359532 -0.379124 -1.871965 3.401130 -0.568599 -1.764865 3.397393 -0.552673 -1.862741 3.477774 -0.696805 -1.779230 3.388845 -0.761596 -1.866755 3.407782 -0.728957 -1.770389 3.088243 -0.481958 -1.782118 3.053795 -0.612467 -1.763215 3.065491 -0.600744 -1.755033 3.147622 -0.435245 -1.801517 3.120495 -0.591543 -1.751666 3.223857 -0.403194 -1.813221 3.206378 -0.744473 -1.801296 3.305324 -0.696805 -1.779230 3.388845 -0.826657 -1.834530 3.157098 -0.763909 -1.793902 3.167680 -0.826827 -1.859402 3.244064 -0.763515 -1.805372 3.230529 -0.809284 -1.867352 3.326869 -0.744473 -1.801296 3.305324 -0.728957 -1.770389 3.088243 -0.763909 -1.793902 3.167680 -0.763515 -1.805372 3.230529 -0.844875 -1.883743 3.244604 -0.824528 -1.893716 3.333603 -0.766824 -1.906065 3.433753 -0.547179 -1.909024 3.495068 -0.939361 -2.004661 3.067308 -0.925623 -2.093997 3.093755 -0.818378 -2.195402 3.161224 -0.870340 -1.932993 3.249850 -0.915156 -2.009905 3.166054 -0.903695 -2.085972 3.168949 -0.802505 -2.181046 3.229794 -0.839293 -1.943610 3.340453 -0.884331 -2.012161 3.255481 -0.861204 -2.092035 3.260754 -0.785405 -2.171749 3.284262 -0.750160 -2.161731 3.342714 -0.817700 -2.099519 3.336736 -0.842999 -2.015269 3.341623 -0.763044 -1.953075 3.450169 -0.546011 -1.956170 3.498582 -0.727466 -2.036734 3.453375 -0.700248 -2.104137 3.423228 -0.683454 -2.164273 3.367131 -0.383941 -1.966617 3.436168 
						-0.378925 -1.921974 3.419792 -0.551406 -2.041057 3.468916 -0.322429 -1.936712 3.324608 -0.325543 -1.981788 3.322646 -0.394712 -2.056390 3.392214 -0.558556 -2.106314 3.425509 -0.568521 -2.167264 3.365214 -0.405563 -2.122378 3.348456 -0.448020 -2.177128 3.316334 -0.350805 -1.801150 2.585670 -0.296736 -1.820429 2.616970 -0.396645 -1.832244 2.619330 -0.350805 -1.801150 2.585670 -0.406023 -1.886522 2.768319 -0.373090 -1.914582 2.906630 -0.351876 -1.931041 2.977576 -0.331144 -1.948307 3.078656 -0.316116 -1.944992 3.211438 -0.316252 -2.005922 3.197921 -0.340031 -2.064451 3.297336 -0.361103 -2.129519 3.264460 -0.391578 -2.181752 3.221699 -0.328768 -2.015478 3.054241 -0.325674 -2.069729 3.178048 -0.340990 -2.126333 3.166354 -0.368614 -2.181314 3.133499 -0.371076 -2.105634 2.923316 -0.408751 -2.198535 2.900074 -0.423697 -2.176315 2.792455 -0.390746 -2.090996 2.833446 -0.354106 -2.010283 2.946997 -0.376036 -1.997431 2.869772 -0.406633 -1.972674 2.727154 -0.393031 -1.959032 2.598140 -0.353351 -1.951204 2.574682 -0.353351 -1.951204 2.574682 -0.309811 -1.963733 2.598758 -0.300197 -1.969348 2.677393 -0.281449 -1.821716 2.698497 -0.354572 -1.998201 2.559590 -0.393770 -2.006362 2.577419 -0.401304 -2.076884 2.547542 -0.357853 -2.073612 2.532073 -0.311177 -2.009760 2.591437 -0.354572 -1.998201 2.559590 -0.357853 -2.073612 2.532073 -0.305210 -2.089815 2.560092 -0.416116 -2.185612 2.487260 -0.357343 -2.188039 2.480615 -0.357343 -2.188039 2.480615 -0.280650 -2.153575 2.521325 -0.409862 -2.009034 2.705731 -0.380806 -2.038106 2.850745 -0.419567 -2.081553 2.662159 -0.360066 -2.047233 2.938595 -0.334929 -2.056344 3.043746 -0.428303 -2.186043 2.631468 0.061332 -1.711177 2.463941 -0.023945 -1.791315 2.505500 0.049584 -1.784553 2.515542 -0.018764 -1.884374 2.564891 -0.010307 -1.975733 2.541300 -0.001429 -1.953113 2.477248 -0.008758 -1.869187 2.501883 
						0.040976 -1.951541 2.474393 -0.000343 -2.002751 2.466352 0.046942 -2.003767 2.467072 0.058517 -2.055652 2.475162 -0.004488 -2.056245 2.464698 -0.015643 -2.145273 2.448985 0.079621 -2.129528 2.455511 -0.384646 -2.200174 3.010186 -0.358184 -2.119065 3.039675 -0.050357 -1.766838 2.704596 -0.245623 -1.765413 2.723815 -0.236224 -1.781089 2.822950 -0.040261 -1.775139 2.808978 -0.228144 -1.806661 2.931976 -0.027536 -1.798050 2.922034 -0.226544 -1.832988 3.039025 -0.017897 -1.819689 3.026793 -0.200773 -1.848679 3.120762 -0.019573 -1.843479 3.105795 -0.150331 -1.880012 3.182025 -0.045954 -1.884844 3.159387 -0.022410 -1.904767 3.182611 0.020513 -1.900486 3.157187 -0.008843 -1.926446 3.208047 0.036164 -1.943263 3.203429 -0.226792 -1.882799 3.175960 -0.171201 -1.889888 3.203608 -0.226191 -1.909661 3.228099 -0.181290 -1.903463 3.227899 -0.223118 -1.934704 3.269109 -0.179168 -1.922664 3.268635 -0.213587 -1.956585 3.300248 -0.170825 -1.936923 3.303487 -0.001170 -1.953742 3.253983 0.033705 -1.973909 3.242773 -0.012651 -1.951664 3.295836 0.005111 -1.984230 3.287932 -0.037397 -1.948087 3.315084 -0.027151 -1.986651 3.312194 -0.066450 -1.943073 3.321492 -0.063097 -1.983995 3.326163 -0.123027 -1.979041 3.336856 -0.108192 -1.938843 3.327356 -0.152956 -1.946473 3.314598 -0.168688 -1.971857 3.331933 -0.045954 -1.884844 3.159387 -0.150331 -1.880012 3.182025 -0.130836 -1.888128 3.223064 -0.053369 -1.896595 3.207220 -0.171201 -1.889888 3.203608 -0.181290 -1.903463 3.227899 -0.008843 -1.926446 3.208047 -0.022410 -1.904767 3.182611 -0.123848 -1.903517 3.263648 -0.056334 -1.909989 3.249124 -0.117216 -1.918168 3.295881 -0.057348 -1.924521 3.284949 -0.001170 -1.953742 3.253983 -0.012651 -1.951664 3.295836 -0.179168 -1.922664 3.268635 -0.170825 -1.936923 3.303487 -0.108192 -1.938843 3.327356 -0.066450 -1.943073 3.321492 -0.152956 -1.946473 3.314598 
						-0.037397 -1.948087 3.315084 -0.269233 -1.837607 2.807877 -0.263847 -1.849183 2.920934 -0.260238 -1.869470 3.035965 -0.256840 -1.889806 3.117291 -0.248271 -1.901578 3.173174 -0.243420 -1.928173 3.227172 -0.239884 -1.954947 3.265907 -0.227215 -1.977261 3.299075 -0.294008 -2.083628 2.639017 -0.302156 -2.005067 2.667241 -0.296601 -1.957592 2.791131 -0.293279 -1.982351 2.913954 -0.299594 -1.990203 2.785281 -0.291922 -2.106175 2.780056 -0.296034 -2.129073 2.882786 -0.297971 -2.032537 2.911036 -0.288026 -2.009200 3.032572 -0.279519 -2.030831 3.124314 -0.275662 -2.031402 3.187933 -0.267173 -2.037089 3.244227 -0.254599 -2.041371 3.271863 -0.234389 -2.046000 3.296971 -0.179077 -2.049861 3.334399 -0.173222 -1.987287 3.336528 -0.126682 -2.049539 3.345797 -0.126034 -1.995368 3.344102 -0.292443 -2.064354 3.017168 -0.282806 -2.079636 3.119066 -0.290342 -2.146347 2.984999 -0.281874 -2.161768 3.076326 -0.278736 -2.083871 3.189225 -0.268087 -2.160819 3.157602 -0.264318 -2.086676 3.240134 -0.248355 -2.088903 3.264818 -0.226687 -2.089856 3.288733 -0.172014 -2.089154 3.323313 -0.061052 -2.004801 3.333813 -0.020150 -2.008234 3.316141 0.014761 -2.007215 3.289412 0.046695 -1.994237 3.236301 0.056008 -1.980202 3.183632 0.019967 -1.855205 3.019232 0.004964 -1.840248 2.912867 -0.011161 -1.824600 2.794725 -0.024496 -1.818602 2.686498 -0.037072 -1.815443 2.574188 0.041981 -1.853670 2.516052 -0.245201 -2.153432 3.214963 -0.229749 -2.152652 3.236441 -0.208862 -2.154652 3.253985 -0.156567 -2.152247 3.283817 -0.059280 -2.050736 3.334539 -0.015745 -2.055033 3.313504 -0.123009 -2.088589 3.332954 -0.114765 -2.152552 3.292158 -0.060129 -2.086648 3.324848 -0.068403 -2.151783 3.290481 0.021973 -2.051365 3.285358 0.051826 -2.044491 3.230250 0.057565 -2.040163 3.164057 0.053372 -2.035876 3.111761 0.053974 -1.950219 3.136557 -0.015543 -2.086010 3.305389 
						-0.021743 -2.148347 3.276384 0.020841 -2.082512 3.279057 0.009492 -2.146865 3.251748 0.051145 -2.074963 3.224409 0.055552 -2.069735 3.158622 0.040414 -2.138496 3.206647 0.047892 -2.134086 3.145415 0.034637 -1.923136 2.999697 0.019568 -1.907340 2.891935 0.005603 -1.892241 2.772080 -0.007201 -1.887924 2.658174 0.037885 -2.018426 2.976456 0.049907 -2.067948 3.104945 0.042606 -2.128016 3.090094 0.026520 -2.000738 2.868808 0.017769 -1.981777 2.756226 0.005468 -1.976749 2.642742 0.425887 -1.752985 2.395576 0.061332 -1.711177 2.463941 0.119474 -1.729622 2.572485 0.366527 -1.779532 2.515304 0.383819 -1.815937 2.455214 0.449639 -1.781685 2.409383 0.425887 -1.752985 2.395576 0.449639 -1.781685 2.409383 0.692847 -1.755410 2.438143 0.699411 -1.746776 2.387568 -0.012284 -2.010023 2.521061 0.005098 -2.000210 2.631989 0.019604 -2.021067 2.749362 0.036838 -2.049172 2.971473 0.027124 -2.033643 2.863044 0.034469 -2.103045 2.968046 -0.024302 -2.076913 2.504771 -0.003866 -2.053210 2.613446 0.022255 -2.084741 2.855785 0.010184 -2.085937 2.750219 0.049584 -1.784553 2.515542 0.080752 -1.783554 2.585229 0.097946 -1.790999 2.665499 0.140583 -1.742466 2.662089 0.358041 -1.790194 2.628202 0.148447 -1.761305 2.763471 0.351453 -1.810278 2.744327 0.143768 -1.800529 2.883877 0.350840 -1.836352 2.856418 0.141684 -1.855702 2.998164 0.342145 -1.875781 2.980816 0.167634 -1.891864 3.059946 0.333015 -1.912629 3.041364 0.193997 -1.920570 3.095119 0.313737 -1.935481 3.074842 0.140203 -1.922354 3.092034 0.180404 -1.930159 3.108951 0.127618 -1.966781 3.132922 0.171942 -1.953017 3.141845 0.140578 -1.988978 3.169524 0.170848 -1.967610 3.164886 0.171148 -2.013504 3.204591 0.187283 -1.990351 3.193999 0.119046 -1.869031 2.999219 0.109885 -1.823684 2.884799 0.110609 -1.786139 2.761633 0.040976 -1.951541 2.474393 
						0.046942 -2.003767 2.467072 0.059090 -1.975552 2.570636 0.059969 -1.931866 2.575916 0.058517 -2.055652 2.475162 0.059542 -2.022657 2.565352 0.079621 -2.129528 2.455511 0.079586 -2.097489 2.560781 -0.040058 -2.105728 2.524200 0.041981 -1.853670 2.516052 0.069914 -1.860894 2.580373 0.395136 -1.871217 2.402531 0.386830 -1.979073 2.359457 0.427364 -1.981721 2.369193 0.435085 -1.864542 2.395822 0.064436 -1.952853 2.677958 0.068054 -1.912432 2.675913 0.063847 -2.009039 2.681937 0.435085 -1.864542 2.395822 0.452271 -1.866211 2.447826 0.471947 -1.793168 2.457979 0.677559 -1.741308 2.505056 0.374909 -1.970750 2.519593 0.382730 -1.882488 2.563670 0.379452 -1.903124 2.708951 0.381610 -1.983460 2.687420 0.431807 -2.063675 2.376491 0.371691 -2.059741 2.354773 0.355221 -2.093096 2.366132 0.440144 -2.098077 2.374087 0.427990 -2.020650 2.369810 0.380267 -2.020814 2.355463 0.223326 -2.015567 3.213701 0.229054 -1.977960 3.203782 0.306035 -2.026703 3.201286 0.299764 -1.991277 3.197656 0.352184 -2.032156 3.175843 0.343775 -2.011962 3.169298 0.328639 -1.949419 3.087837 0.363070 -1.936111 3.056080 0.340768 -1.971306 3.111215 0.375459 -1.981926 3.097682 0.346430 -1.996136 3.146674 0.373939 -2.012998 3.136254 0.374583 -1.903082 2.985630 0.374006 -1.881596 2.838801 0.375325 -1.864720 2.719608 0.378687 -1.832705 2.587452 0.380434 -1.916971 2.848006 0.384109 -1.990164 2.838797 0.389551 -1.931358 2.979462 0.398168 -1.992119 2.970865 0.386124 -1.992601 3.094898 0.389441 -1.958864 3.048133 0.383208 -2.024927 3.127350 0.360462 -2.048815 3.171131 0.079766 -1.842360 2.669871 0.072708 -1.903712 2.767875 0.088481 -1.840462 2.763636 0.093802 -1.854409 2.888000 0.076975 -1.910371 2.890880 0.085600 -1.936370 2.998109 0.102915 -1.887652 2.999182 0.067670 -1.943508 2.773942 0.064523 -2.007111 2.785637 
						0.114871 -1.934548 3.081316 0.117645 -1.981978 3.132022 0.126910 -2.003473 3.163074 0.162807 -2.029841 3.205505 0.217745 -2.038571 3.222468 0.308022 -2.047385 3.205387 0.215979 -1.937161 3.131294 0.193997 -1.920570 3.095119 0.180404 -1.930159 3.108951 0.171942 -1.953017 3.141845 0.304500 -1.970240 3.161182 0.220807 -1.956913 3.170811 0.229054 -1.977960 3.203782 0.299764 -1.991277 3.197656 0.313737 -1.935481 3.074842 0.300547 -1.947386 3.115636 0.340768 -1.971306 3.111215 0.328639 -1.949419 3.087837 0.343775 -2.011962 3.169298 0.346430 -1.996136 3.146674 0.170848 -1.967610 3.164886 0.187283 -1.990351 3.193999 0.098463 -1.987012 3.090990 0.108582 -2.016503 3.137166 0.119474 -2.028806 3.163680 0.072076 -1.944132 2.893300 0.068155 -2.000012 2.897894 0.081805 -1.970914 3.004245 0.079525 -2.019465 3.009779 0.095528 -2.014228 3.097564 0.092482 -2.051898 3.098860 0.073805 -2.098418 2.686337 0.069054 -2.109828 2.802184 0.075092 -2.114948 2.923360 0.082770 -2.118731 3.004007 0.093341 -2.121072 3.084885 0.105551 -2.039090 3.138997 0.103817 -2.065944 3.139193 0.106508 -2.124202 3.129272 0.160744 -2.053781 3.205863 0.117136 -2.050176 3.164580 0.116571 -2.076683 3.163618 0.119759 -2.125689 3.151967 0.217731 -2.062041 3.222203 0.305797 -2.071985 3.205171 0.399421 -1.998595 3.040350 0.162094 -2.084989 3.202155 0.160590 -2.068740 3.204395 0.166454 -2.128858 3.189470 0.394286 -2.023803 3.088247 0.387534 -2.050861 3.119214 0.427364 -1.981721 2.369193 0.432722 -1.991451 2.439157 0.468375 -1.839531 2.558812 0.437198 -1.958717 2.548265 0.435124 -1.939152 2.654574 0.471315 -1.829968 2.661965 0.366390 -2.073888 3.159415 1.077240 -1.679456 1.890450 1.066801 -1.718856 1.984984 1.053417 -1.773508 2.102313 1.043525 -1.814924 2.208982 1.044715 -1.851670 2.323473 1.028700 -1.819515 2.333996 
						0.803194 -1.790085 2.370506 0.814978 -1.817132 2.445598 1.014817 -1.839513 2.421091 0.830717 -1.850458 2.534269 0.998512 -1.871504 2.514052 0.843649 -1.885532 2.585653 0.983292 -1.919963 2.565441 0.859170 -1.935478 2.621820 0.964847 -1.972373 2.609547 0.699411 -1.746776 2.387568 0.721918 -1.822609 2.393470 0.791631 -1.833229 2.387906 0.732794 -1.889988 2.398164 0.786340 -1.888805 2.398087 0.728009 -1.992005 2.412980 0.715285 -1.890760 2.439453 0.707982 -1.884146 2.497577 0.717589 -1.986469 2.473618 0.785198 -2.036798 2.370370 0.748435 -2.038000 2.363142 0.751957 -2.088665 2.341775 0.788319 -2.089500 2.344809 0.788319 -2.089500 2.344809 0.751957 -2.088665 2.341775 0.743974 -2.146976 2.251917 0.798265 -2.137787 2.256209 0.487456 -1.798964 2.560568 0.671095 -1.750112 2.580071 0.495386 -1.796023 2.660637 0.664700 -1.774889 2.669701 0.507986 -1.824065 2.760690 0.655068 -1.816219 2.759133 0.523691 -1.862067 2.821016 0.646757 -1.857473 2.815682 0.542285 -1.902341 2.869830 0.640094 -1.901574 2.856297 0.427990 -2.020650 2.369810 0.431807 -2.063675 2.376491 0.430457 -2.064295 2.447606 0.432068 -2.030730 2.440515 0.372564 -1.994874 2.515764 0.370219 -2.018999 2.511935 0.361534 -2.067843 2.509654 0.218010 -2.076252 3.219830 0.218431 -2.091955 3.215999 0.219802 -2.133304 3.200961 0.297000 -2.135752 3.186052 0.303130 -2.096788 3.200632 0.304994 -2.082374 3.203618 0.367568 -2.085679 3.153039 0.367663 -2.100321 3.144881 0.363561 -2.129757 3.128126 0.387851 -2.063251 3.114397 0.386882 -2.078569 3.108761 0.381028 -2.115394 3.094536 0.395655 -2.044550 3.082084 0.394901 -2.062029 3.075419 0.400260 -2.024798 3.034024 0.390764 -2.098149 3.062046 0.399537 -2.045207 3.027638 0.396511 -2.082321 3.013523 0.398390 -2.018727 2.966502 0.397717 -2.040646 2.960329 0.395873 -2.076771 2.948985 
						0.384155 -2.017954 2.836741 0.383851 -2.038639 2.831928 0.383133 -2.076469 2.823389 0.381312 -2.000894 2.683012 0.378881 -2.026585 2.675760 0.378079 -2.057276 2.672122 0.345191 -2.104487 2.510810 0.341253 -2.120794 2.372597 0.459063 -2.132053 2.360272 0.368470 -2.113243 2.666517 0.640094 -1.901574 2.856297 0.542285 -1.902341 2.869830 0.551091 -1.915752 2.906805 0.633377 -1.920456 2.899694 0.556956 -1.931273 2.938835 0.629465 -1.935655 2.933488 0.569723 -1.956616 2.974544 0.624333 -1.965470 2.961879 0.434492 -1.920327 2.753674 0.472187 -1.843813 2.755033 0.496155 -1.900903 2.860874 0.448903 -1.949356 2.862768 0.453465 -1.959929 2.885620 0.491939 -1.917879 2.882549 0.484588 -1.876067 2.816547 0.523867 -1.915560 2.890907 0.490796 -1.937747 2.912329 0.514434 -1.929538 2.911215 0.495311 -1.956934 2.945832 0.518030 -1.948985 2.944888 0.518275 -1.976671 2.976233 0.528940 -1.961058 2.963824 0.568745 -1.983238 2.983681 0.569723 -1.956616 2.974544 0.619516 -1.993294 2.980456 0.624333 -1.965470 2.961879 0.671889 -2.008097 2.962795 0.661495 -1.975613 2.951364 0.523867 -1.915560 2.890907 0.514434 -1.929538 2.911215 0.518030 -1.948985 2.944888 0.528940 -1.961058 2.963824 -0.249569 -2.128814 2.608840 -0.246678 -2.142248 2.739861 -0.259973 -2.177556 2.857115 -0.262074 -2.215653 2.947711 -0.254932 -2.221878 3.037727 -0.237158 -2.217071 3.124955 -0.213589 -2.218546 3.160893 -0.192538 -2.221691 3.178156 -0.167414 -2.222388 3.194135 -0.134652 -2.222323 3.206234 -0.102967 -2.221621 3.211236 0.431090 -1.993207 2.543506 0.427381 -2.023345 2.539534 0.440144 -2.098077 2.374087 0.435976 -2.093339 2.444350 0.459063 -2.132053 2.360272 0.455283 -2.128332 2.429523 0.449617 -2.139520 2.510103 0.427162 -2.087615 2.531477 0.428749 -1.971906 2.654367 0.424331 -2.000197 2.654445 0.419163 -2.067244 2.645747 
						0.427927 -1.949005 2.755057 0.421774 -1.987476 2.748655 0.417319 -2.050667 2.735002 0.432026 -2.152937 2.614625 0.425415 -2.150228 2.686601 0.721918 -1.822609 2.393470 0.707061 -1.817860 2.438703 0.698909 -1.803430 2.503771 0.695079 -1.802582 2.577869 0.690074 -1.812948 2.663921 0.683055 -1.837181 2.750712 0.676155 -1.871344 2.813118 0.689089 -1.914236 2.851890 0.661836 -1.922302 2.873718 0.695400 -1.929982 2.865452 0.674655 -1.944320 2.897875 0.708334 -1.957458 2.884853 0.674147 -1.961312 2.922540 0.704700 -1.989763 2.920481 0.674655 -1.944320 2.897875 0.661836 -1.922302 2.873718 0.674147 -1.961312 2.922540 0.661495 -1.975613 2.951364 0.707837 -1.875772 2.566363 0.718262 -1.982707 2.546584 1.075523 -1.909101 1.890689 0.460570 -1.975717 2.919632 0.470852 -1.999266 2.953748 0.510903 -2.012263 2.990275 0.567841 -2.017396 3.002557 0.616901 -2.025753 2.996086 0.677573 -2.040423 2.966459 0.720795 -2.027460 2.903515 0.730166 -2.018460 2.868224 0.734127 -1.999933 2.817037 0.712337 -1.931576 2.835271 0.732794 -1.889988 2.398164 0.711800 -1.879309 2.652673 0.711792 -1.891263 2.737330 0.712207 -1.914436 2.795328 0.733228 -1.985300 2.777359 0.731725 -1.974742 2.722841 0.725453 -1.975759 2.630555 0.744912 -1.987334 2.384509 0.782077 -1.984095 2.395931 0.439984 -1.930593 2.816479 0.744912 -1.987334 2.384509 0.431647 -1.954855 2.818048 0.440086 -1.971800 2.867340 0.445491 -1.983197 2.891968 0.453761 -2.000480 2.923426 0.467712 -2.015364 2.953416 0.423199 -2.003321 2.818500 0.420589 -2.053759 2.804284 0.431455 -2.018185 2.866970 0.429545 -2.064778 2.854722 0.439530 -2.030946 2.895209 0.449638 -2.048043 2.920127 0.468406 -2.070426 2.949718 0.506481 -2.032731 2.990126 0.567133 -2.036665 3.006663 0.616691 -2.043880 2.998921 0.679667 -2.055156 2.964861 0.722011 -2.045272 2.898883 
						0.732037 -2.041032 2.862825 0.737976 -2.028143 2.806046 0.737407 -2.016498 2.768769 1.036985 -2.027372 1.390346 1.018221 -2.052225 1.601933 0.986774 -2.070611 1.794658 0.819095 -2.232629 1.429631 0.825457 -2.239562 1.644794 0.859298 -2.193164 1.837651 0.895522 -2.166845 1.937012 1.004024 -2.069450 1.906864 1.021275 -2.068288 2.019071 0.920981 -2.165980 2.042198 1.074427 -1.930707 2.003363 1.067726 -1.969881 2.195111 1.064376 -1.989468 2.290985 1.071077 -1.950294 2.099237 0.972605 -2.149289 2.215498 1.045344 -2.065476 2.193502 1.057378 -2.064070 2.280716 0.997633 -2.144058 2.292740 1.033309 -2.066882 2.106286 0.955575 -2.162159 2.138744 0.727295 -2.068656 2.404963 0.735133 -2.036656 2.404483 0.720067 -2.024998 2.464616 0.720792 -2.085026 2.478492 0.748435 -2.038000 2.363142 0.751957 -2.088665 2.341775 0.724059 -2.024534 2.531748 0.726288 -2.013754 2.617670 0.720054 -2.085661 2.523552 0.722840 -2.094536 2.598249 0.729780 -2.099319 2.676491 0.735098 -2.014653 2.711796 0.735979 -2.095072 2.741064 0.737359 -2.095223 2.793657 0.727967 -2.103730 2.854474 0.714745 -2.107582 2.891709 0.669006 -2.116989 2.955498 0.610854 -2.116583 2.984452 0.559010 -2.107477 2.990747 0.552471 -2.153834 2.964350 0.608466 -2.159738 2.960886 0.557503 -2.212656 2.910810 0.593671 -2.214817 2.910699 0.658887 -2.157947 2.938006 0.505194 -2.089853 2.978796 0.438528 -2.077227 2.881637 0.450976 -2.092005 2.909545 0.475738 -2.118045 2.938372 0.508309 -2.137498 2.957072 0.430508 -2.158481 2.744242 0.441205 -2.166005 2.798342 0.452469 -2.170899 2.839397 0.465935 -2.180672 2.862929 0.489723 -2.193417 2.886565 0.519329 -2.205485 2.901227 0.641919 -2.212268 2.895739 0.706742 -2.150482 2.877816 0.720130 -2.146791 2.841776 0.729932 -2.139225 2.785937 0.728822 -2.138260 2.728799 0.723105 -2.136101 2.661691 
						0.690190 -2.203462 2.841118 0.702510 -2.201025 2.803630 0.710216 -2.196520 2.760804 0.595812 -2.254839 2.815438 0.557461 -2.252189 2.816954 0.553869 -2.256412 2.780622 0.596170 -2.259151 2.778676 0.594181 -2.214899 2.614635 0.542630 -2.217798 2.626517 0.551991 -2.191561 2.579011 0.594607 -2.191613 2.571223 0.595741 -2.162781 2.434129 0.558256 -2.164587 2.428116 0.565204 -2.156343 2.353614 0.594408 -2.153388 2.355197 0.558638 -2.179712 2.499655 0.592865 -2.177891 2.498629 0.525089 -2.163086 2.429637 0.537608 -2.156742 2.357216 0.522638 -2.178483 2.503285 0.505092 -2.192921 2.591472 0.614102 -2.145298 2.353519 0.618513 -2.158300 2.435791 0.622385 -2.172298 2.497670 0.627547 -2.189297 2.566156 0.715282 -2.119892 2.532333 0.714509 -2.114447 2.487468 0.697406 -2.160086 2.545891 0.691797 -2.144498 2.491369 0.659706 -2.186648 2.560055 0.651055 -2.165914 2.495217 0.716452 -2.104989 2.411645 0.683575 -2.135070 2.422999 0.642255 -2.153126 2.434864 0.712570 -2.104846 2.345131 0.673183 -2.121027 2.348486 0.633796 -2.137208 2.351841 0.718690 -2.127415 2.595598 0.713082 -2.189788 2.715923 0.710291 -2.181385 2.652275 0.707636 -2.167515 2.598927 0.557761 -2.231291 2.881455 0.595081 -2.234062 2.880022 0.558468 -2.244034 2.850217 0.595375 -2.246256 2.849353 0.550887 -2.256835 2.738379 0.595808 -2.259866 2.736661 0.548796 -2.253925 2.707743 0.597982 -2.257022 2.704231 0.548210 -2.243415 2.668380 0.595916 -2.245387 2.663556 0.630618 -2.234797 2.863419 0.624255 -2.243093 2.846603 0.667495 -2.230378 2.824972 0.678299 -2.230653 2.790123 0.686376 -2.228764 2.749447 0.688462 -2.226327 2.703853 0.683953 -2.219203 2.651715 0.673977 -2.205812 2.606334 0.636919 -2.215128 2.612036 0.641196 -2.239713 2.658462 0.643168 -2.251243 2.706264 0.641092 -2.244315 2.743053 0.637234 -2.244902 2.784400 
						0.631654 -2.242609 2.820205 0.491076 -2.215790 2.641910 0.435584 -2.179182 2.678051 0.440852 -2.186839 2.733231 0.451008 -2.194821 2.775832 0.523185 -2.223134 2.876314 0.503833 -2.243606 2.732870 0.493581 -2.236527 2.698880 0.471088 -2.222734 2.757571 0.462063 -2.217326 2.720457 0.457688 -2.205588 2.661799 0.442136 -2.171007 2.611523 0.470545 -2.189122 2.602878 0.459566 -2.156798 2.513732 0.487587 -2.170875 2.506496 0.470736 -2.144381 2.434362 0.497083 -2.156866 2.431448 0.483858 -2.136847 2.359031 0.512245 -2.153677 2.357649 0.460095 -2.198978 2.806802 0.477718 -2.207087 2.840137 0.498761 -2.214794 2.862814 0.524519 -2.234814 2.849233 0.522243 -2.242818 2.816998 0.518992 -2.245684 2.794757 0.510652 -2.245845 2.760485 0.479160 -2.224944 2.785978 0.492904 -2.228326 2.815389 0.507582 -2.230225 2.839162 0.798704 -1.841496 2.448183 0.788065 -1.871814 2.449944 0.779239 -1.954333 2.446331 0.780970 -2.017159 2.434394 0.792594 -2.089656 2.416520 1.044715 -1.851670 2.323473 1.034293 -1.869071 2.416266 1.021184 -1.898237 2.509537 1.004171 -1.942856 2.563392 0.992199 -1.999676 2.603961 0.965476 -1.993172 2.626442 0.981506 -2.023153 2.624440 0.960060 -2.014604 2.649463 0.980063 -2.052891 2.639768 0.950696 -2.062430 2.671611 0.945833 -2.016628 2.671213 0.922973 -2.014025 2.683856 0.924137 -2.061757 2.688132 0.882779 -2.002123 2.688355 0.873399 -2.044065 2.694618 0.812220 -1.870837 2.537365 0.823309 -1.903513 2.588269 0.836069 -1.943340 2.624315 0.831813 -1.967481 2.636703 0.854898 -1.960777 2.644069 0.831437 -2.000133 2.659757 0.853336 -1.981748 2.660451 0.843072 -2.029716 2.682363 0.861375 -2.002225 2.679507 0.964847 -1.972373 2.609547 0.859170 -1.935478 2.621820 0.874849 -1.949894 2.637769 0.943441 -1.972512 2.630887 0.935169 -2.000102 2.664168 0.880392 -1.988902 2.673775 
						0.882779 -2.002123 2.688355 0.922973 -2.014025 2.683856 0.877054 -1.970399 2.656924 0.939441 -1.987355 2.647954 0.854898 -1.960777 2.644069 0.853336 -1.981748 2.660451 0.861375 -2.002225 2.679507 0.965476 -1.993172 2.626442 0.960060 -2.014604 2.649463 0.945833 -2.016628 2.671213 1.064376 -1.989468 2.290985 1.059042 -1.989932 2.401399 1.047715 -1.995251 2.498502 1.033047 -2.012074 2.556783 1.009720 -2.032837 2.602160 1.051938 -2.065050 2.391048 1.057378 -2.064070 2.280716 1.041276 -2.072546 2.489603 1.027544 -2.079999 2.550195 1.009622 -2.085149 2.596337 0.980746 -2.088894 2.638452 0.949189 -2.091562 2.670940 0.922497 -2.091346 2.687411 0.872750 -2.078393 2.695530 0.836767 -2.055871 2.680835 0.797695 -1.896087 2.539324 0.780335 -1.953246 2.535092 0.776825 -2.007168 2.527457 0.809490 -1.923606 2.589653 0.793820 -1.960518 2.588510 0.785960 -2.008921 2.583548 0.815896 -1.984313 2.637344 0.817623 -2.035181 2.658570 0.802658 -2.023073 2.631261 0.997633 -2.144058 2.292740 1.017825 -2.149286 2.387375 1.013506 -2.153941 2.484671 1.000011 -2.154410 2.540465 0.983682 -2.150974 2.582784 0.790090 -2.102882 2.512655 0.796111 -2.108799 2.559109 0.809748 -2.115660 2.606362 0.826313 -2.122676 2.635796 0.846366 -2.128141 2.656842 0.877051 -2.133686 2.669518 0.919984 -2.137732 2.662572 0.944259 -2.141585 2.644086 0.966914 -2.146313 2.614080 0.913993 -2.199392 2.529898 0.874753 -2.192159 2.533932 0.873226 -2.196021 2.491546 0.912916 -2.202767 2.487429 0.910202 -2.188665 2.384487 0.870697 -2.180313 2.386501 0.867911 -2.149086 2.328032 0.906965 -2.155260 2.323796 0.835304 -2.144639 2.257241 0.833143 -2.133006 2.329105 0.871992 -2.153511 2.254899 0.867911 -2.149086 2.328032 0.901747 -2.158094 2.250526 0.906965 -2.155260 2.323796 0.942327 -2.159492 2.241006 0.953251 -2.152039 2.313358 
						0.917990 -2.152287 2.649436 0.880295 -2.149883 2.653235 0.879129 -2.169312 2.619029 0.917278 -2.174917 2.612367 0.877392 -2.183266 2.576838 0.915960 -2.190021 2.571177 0.957981 -2.187670 2.393448 0.959578 -2.197750 2.486782 0.961973 -2.191471 2.528112 0.958811 -2.181188 2.566204 0.953251 -2.152039 2.313358 0.828620 -2.157404 2.395239 0.833143 -2.133006 2.329105 0.829199 -2.172308 2.495732 0.834480 -2.169918 2.537251 0.841117 -2.164013 2.580760 0.849284 -2.154409 2.622427 0.949538 -2.168498 2.603514 0.857317 -2.148486 2.642268 0.940392 -2.158172 2.628071 0.712570 -2.104846 2.345131 0.689088 -2.158584 2.267545 0.673183 -2.121027 2.348486 0.664258 -2.155145 2.286811 0.494994 -2.183856 2.288763 0.483858 -2.136847 2.359031 0.459063 -2.132053 2.360272 0.460481 -2.183353 2.289026 0.633796 -2.137208 2.351841 0.642330 -2.156807 2.293130 0.614102 -2.145298 2.353519 0.617483 -2.159121 2.298698 0.594408 -2.153388 2.355197 0.593234 -2.162155 2.302266 0.569838 -2.165690 2.303773 0.565204 -2.156343 2.353614 0.537608 -2.156742 2.357216 0.544333 -2.170481 2.302717 0.512245 -2.153677 2.357649 0.520012 -2.174180 2.301463 0.341253 -2.120794 2.372597 0.343482 -2.172465 2.299810 0.139029 -2.216572 2.341309 0.129140 -2.155496 2.438723 0.079621 -2.129528 2.455511 -0.015643 -2.145273 2.448985 -0.031550 -2.229773 2.357494 -0.530496 -2.200274 2.495565 -0.539732 -2.271929 2.381229 -0.424670 -2.269316 2.384092 -0.416116 -2.185612 2.487260 -0.353979 -2.278709 2.342511 -0.357343 -2.188039 2.480615 -0.283862 -2.256191 2.377064 -0.280650 -2.153575 2.521325 -0.069154 -2.160184 2.472106 -0.080564 -2.226342 2.395540 -0.031550 -2.229773 2.357494 -0.015643 -2.145273 2.448985 -0.076773 -2.220937 3.210270 -0.045476 -2.217806 3.205734 -0.016505 -2.215660 3.189966 0.011949 -2.208955 3.158426 -0.026734 -2.103065 2.628692 
						-0.080931 -2.256391 3.084074 -0.111357 -2.258147 3.089009 -0.114154 -2.270323 3.048266 -0.082316 -2.268209 3.042008 -0.092594 -2.226979 2.877581 -0.137942 -2.236183 2.888676 -0.148416 -2.178303 2.812131 -0.106745 -2.179197 2.798455 -0.116263 -2.159334 2.687033 -0.162145 -2.162665 2.704553 -0.174129 -2.138644 2.587323 -0.126055 -2.137036 2.573160 0.391057 -2.128397 2.930136 0.380363 -2.122440 2.812809 0.266470 -2.262130 2.962563 0.197189 -2.258677 2.972747 0.194439 -2.262357 2.917091 0.262710 -2.264704 2.906816 0.263145 -2.243536 2.798025 0.185874 -2.240642 2.799104 0.185183 -2.173682 2.663066 0.256009 -2.174555 2.648980 0.253964 -2.153122 2.512020 0.191218 -2.155445 2.527699 0.193792 -2.167569 2.412865 0.240048 -2.165177 2.401344 0.219380 -2.170599 3.177328 0.291125 -2.171109 3.163179 0.352546 -2.163820 3.111197 0.374722 -2.147110 3.076314 0.383300 -2.142444 3.041529 0.390448 -2.130268 2.996753 0.211899 -2.213969 3.129050 0.283053 -2.215918 3.116527 0.295326 -2.152308 2.387546 0.240048 -2.165177 2.401344 0.193792 -2.167569 2.412865 0.169491 -2.217379 2.339897 0.156049 -2.162715 2.426224 0.305464 -2.138209 2.515764 0.295326 -2.152308 2.387546 0.324303 -2.162394 2.667986 0.347611 -2.217156 2.816521 0.347835 -2.230114 2.928713 0.205487 -2.238535 3.079919 0.276544 -2.242315 3.069723 0.201674 -2.253079 3.021236 0.271507 -2.256536 3.012457 0.346682 -2.227031 2.986544 0.156049 -2.162715 2.426224 0.149091 -2.146904 2.545716 0.129140 -2.155496 2.438723 0.118774 -2.134117 2.556007 0.143707 -2.164575 2.668743 0.112201 -2.152353 2.677627 0.094137 -2.195800 2.809591 0.134563 -2.225507 2.806694 0.099886 -2.203679 2.923130 0.111223 -2.202498 3.001377 0.119639 -2.196673 3.053747 0.131027 -2.190206 3.098375 0.139097 -2.241696 2.921884 0.144987 -2.235741 2.987794 0.151371 -2.229481 3.034921 
						0.158359 -2.218056 3.083663 0.341441 -2.224456 3.022496 0.337568 -2.212493 3.064985 0.333545 -2.199744 3.093499 0.168300 -2.202499 3.125748 0.145686 -2.178159 3.137551 0.173352 -2.165312 3.169647 -0.211924 -2.137259 2.597956 -0.228962 -2.167008 2.513546 -0.176140 -2.177996 2.507962 -0.123601 -2.176443 2.494180 -0.069154 -2.160184 2.472106 -0.082251 -2.128510 2.555836 -0.228321 -2.243412 2.405475 -0.228962 -2.167008 2.513546 -0.181487 -2.237772 2.413259 -0.176140 -2.177996 2.507962 -0.131944 -2.233455 2.407185 -0.123601 -2.176443 2.494180 -0.206275 -2.156652 2.721652 -0.206986 -2.177574 2.834859 -0.071595 -2.144062 2.662027 -0.059500 -2.171669 2.781172 -0.014181 -2.132932 2.760160 0.012269 -2.159227 2.858905 -0.040162 -2.193103 2.868243 0.024560 -2.173564 2.963566 0.027652 -2.189793 3.065834 0.025832 -2.200479 3.114225 -0.128659 -2.263985 2.965657 -0.082871 -2.258162 2.957590 -0.022913 -2.234314 2.956538 -0.197203 -2.239206 2.911921 -0.189024 -2.259920 2.999025 -0.020155 -2.245701 3.043110 -0.022166 -2.246854 3.079387 -0.027036 -2.242580 3.130298 -0.108575 -2.238867 3.182508 -0.076373 -2.238332 3.180166 -0.108561 -2.245972 3.129751 -0.079545 -2.244573 3.126140 -0.043353 -2.236650 3.168716 -0.179769 -2.260545 3.068737 -0.169535 -2.257099 3.107894 -0.158725 -2.249005 3.145380 -0.140122 -2.240551 3.173547 -0.636227 -2.171423 2.643941 -0.756626 -2.189580 2.635885 -0.770880 -2.193980 2.490531 -0.647813 -2.203522 2.500132 -0.521149 -2.161868 2.630506 -0.738059 -2.253650 2.366810 -0.643778 -2.262697 2.375834 -0.433230 -2.203381 3.228424 -0.568811 -2.211889 3.272567 -0.569100 -2.256514 3.179920 -0.437716 -2.229278 3.155990 -0.573513 -2.267003 3.038969 -0.449983 -2.240107 3.018287 -0.581389 -2.258833 2.910455 -0.465183 -2.232919 2.897622 -0.595975 -2.232988 2.791344 -0.490791 -2.213702 2.781301 -0.636227 -2.171423 2.643941 
						-0.521149 -2.161868 2.630506 -0.687780 -2.217594 3.276824 -0.696413 -2.243844 3.184985 -0.706916 -2.261112 3.044539 -0.715069 -2.259034 2.927273 -0.735483 -2.227693 2.793933 -0.756626 -2.189580 2.635885 -0.428303 -2.186043 2.631468 -0.446152 -2.044042 0.613924 -0.126739 -2.169510 -1.175848 0.158061 -2.170162 -1.182132 0.160744 -2.174235 -1.030222 -0.128060 -2.166134 -1.023236 -0.108876 -1.987384 0.357146 0.223848 -2.034653 0.335917 0.236677 -2.052918 0.636084 -0.119867 -2.048356 0.625682 -0.391098 -1.972026 0.344524 -0.354746 -1.962803 0.053208 -0.338063 -1.988929 -0.208009 -0.323268 -2.034050 -0.524033 -0.356508 -2.087790 -0.782938 -0.234178 -2.097830 -1.682587 -0.259107 -2.105975 -1.605180 -0.294207 -2.117672 -1.491926 -0.343399 -2.127444 -1.313081 -0.375915 -2.125695 -1.164971 -0.377615 -2.121032 -1.021440 -0.128840 -2.104503 -1.718586 0.151351 -2.102846 -1.699053 -0.128840 -2.104503 -1.718586 0.152944 -2.133295 -1.562263 -0.130039 -2.130165 -1.570646 0.154898 -2.141869 -1.437779 -0.126475 -2.145067 -1.446729 0.155261 -2.163029 -1.311378 -0.128453 -2.159884 -1.312820 -0.130039 -2.130165 -1.570646 -0.126475 -2.145067 -1.446729 -0.128453 -2.159884 -1.312820 -0.126739 -2.169510 -1.175848 -0.128060 -2.166134 -1.023236 0.304012 -2.090563 -1.670191 0.369624 -2.104497 -1.565245 0.389606 -2.115173 -1.419551 0.390352 -2.129062 -1.275480 0.381403 -2.137376 -1.134687 0.367056 -2.140758 -0.980210 -0.098022 -2.077702 -0.501188 0.180296 -2.074666 -0.496504 0.195854 -2.010196 -0.226489 -0.089606 -2.003683 -0.212381 0.386050 -2.052812 -0.483762 0.402150 -2.012917 -0.212098 -0.098139 -2.151897 -0.790407 -0.098022 -2.077702 -0.501188 0.374825 -2.118629 -0.742873 0.169551 -2.154245 -0.784192 -0.098139 -2.151897 -0.790407 -0.089606 -2.003683 -0.212381 -0.093472 -1.982377 0.060842 0.418921 -2.018112 0.064301 0.214513 -1.998647 0.057967 -0.108876 -1.987384 0.357146 
						-0.119867 -2.048356 0.625682 -0.139723 -2.110159 0.924517 -0.181040 -2.245013 1.265568 -0.093472 -1.982377 0.060842 0.454209 -2.034260 0.355905 0.496946 -2.089886 0.639535 0.535953 -2.186029 0.953352 0.240819 -2.129030 0.941494 -0.139723 -2.110159 0.924517 -0.203560 -2.318747 1.452396 -0.181040 -2.245013 1.265568 0.236086 -2.227915 1.249286 0.560153 -2.260050 1.238413 0.576972 -2.295387 1.438649 0.246836 -2.224973 1.438885 -0.203560 -2.318747 1.452396 0.575091 -2.303850 1.655640 0.243270 -2.286436 1.666361 -0.227988 -2.342299 1.639680 -0.227988 -2.342299 1.639680 0.564522 -2.280255 1.850829 0.222115 -2.282384 1.851100 0.573066 -2.258259 1.961288 0.206509 -2.272991 1.983737 0.589805 -2.217525 2.181641 0.334933 -2.243113 2.209285 0.199799 -2.266376 2.119092 0.585464 -2.237904 2.067939 0.801603 -2.179338 2.161179 -0.770322 -2.300276 2.098230 -0.800074 -2.282212 2.193026 -0.249058 -2.338616 1.821617 -0.249058 -2.338616 1.821617 -0.260033 -2.331606 1.961075 -0.645513 -2.325575 2.064903 -0.069652 -2.274242 2.229219 -0.110125 -2.274783 2.070369 -0.260033 -2.331606 1.961075 -0.269055 -2.300181 2.235932 -0.379821 -2.305297 2.219221 -0.418313 -2.331979 2.095298 -0.462320 -2.290068 2.333987 -0.447466 -2.303079 2.279073 -0.443034 -2.313922 2.217142 -0.796057 -2.272502 2.258379 -0.728423 -2.272655 2.310846 -0.640733 -2.279506 2.324146 -0.540436 -2.287526 2.331286 -0.491598 -2.320455 2.167433 -0.612737 -2.317950 2.147120 -0.697196 -2.311008 2.136388 -0.629973 -2.301003 2.237645 -0.528497 -2.304431 2.254395 -0.718198 -2.295523 2.217402 -0.110125 -2.274783 2.070369 -0.069652 -2.274242 2.229219 -0.181237 -2.253550 2.362656 -0.134038 -2.249629 2.355989 -0.236783 -2.267573 2.336232 -0.214479 -2.257112 2.361666 -0.217816 -2.278370 2.293227 -0.112648 -2.266194 2.285531 -0.097961 -2.244589 2.353779 -0.081896 -2.253139 2.316525 
						0.928514 -2.172797 2.153792 0.910240 -2.178219 2.126825 0.745828 -2.163345 2.206551 0.460883 -2.207917 2.250003 0.512164 -2.207772 2.240796 0.664661 -2.190046 2.220978 0.642086 -2.178077 2.259409 0.623853 -2.194645 2.234521 0.279565 -2.227004 2.276000 0.273300 -2.242002 2.227768 0.213843 -2.251791 2.196515 0.205542 -2.237106 2.263952 0.180594 -2.224766 2.313672 0.157010 -2.227676 2.307419 0.935124 -2.169367 2.190027 0.918050 -2.165591 2.222696 0.894820 -2.163255 2.230193 0.830578 -2.171954 2.183229 0.832155 -2.159088 2.220089 0.846006 -2.155936 2.233679 0.874264 -2.159792 2.235396 0.865554 -2.168526 2.201992 0.886150 -2.173108 2.192057 0.621583 -2.172073 2.278445 0.585500 -2.206512 2.222033 0.521846 -2.189073 2.278049 0.530383 -2.182975 2.287051 0.533744 -2.199974 2.254591 0.597314 -2.175321 2.282227 0.574276 -2.177925 2.285280 0.549888 -2.180973 2.286600 0.409814 -1.674332 2.288979 0.425887 -1.752985 2.395576 -0.208709 3.630963 -0.301897 -0.233158 3.659051 -0.500347 
					</float_array>
					<technique_common>
						<accessor count="2211" offset="0" source="#meshId0-positions-array" stride="3">
							<param name="X" type="float" />
							<param name="Y" type="float" />
							<param name="Z" type="float" />
						</accessor>
					</technique_common>
				</source>
				<source id="meshId0-normals" name="meshId0-normals">
					<float_array id="meshId0-normals-array" count="6633"> 
						-0.436552 0.119637 0.891689 -0.177651 0.093022 0.979687 -0.150824 0.555686 0.817598 -0.355700 0.573698 0.737799 -0.160775 -0.051516 0.985646 0.126806 -0.053317 0.990494 0.121254 0.080510 0.989351 0.450651 -0.049045 0.891352 0.426686 0.071598 0.901561 0.666113 -0.031435 0.745188 0.666355 0.094670 0.739601 -0.550783 0.554415 0.623908 -0.672282 0.134804 0.727919 0.875967 0.006409 0.482328 0.862195 0.169411 0.477410 0.987206 0.030061 0.156594 0.961863 0.196938 0.189827 0.999354 0.035860 -0.002503 0.982116 0.187420 0.017945 0.987544 0.039187 -0.152383 0.970709 0.193373 -0.142588 0.947345 0.054172 -0.315599 0.928457 0.208874 -0.307146 0.820856 0.059757 -0.568001 0.816199 0.201822 -0.541376 0.279583 -0.037447 -0.959391 0.288317 0.079961 -0.954190 0.598758 0.062656 -0.798476 0.609345 -0.039705 -0.791910 0.262006 0.210826 -0.941757 -0.075718 0.087254 -0.993304 -0.065006 0.214581 -0.974541 -0.065006 0.214581 -0.974541 -0.075718 0.087254 -0.993304 -0.349755 0.059696 -0.934937 -0.320785 0.166420 -0.932417 -0.699038 0.557460 0.447866 -0.853291 0.130928 0.504729 -0.777669 0.567389 0.270739 -0.964592 0.090612 0.247694 -0.997697 0.027559 0.061984 -0.806297 0.577644 0.127328 -0.824402 0.559134 -0.087924 -0.986296 0.017640 -0.164042 -0.855976 0.050693 -0.514525 -0.718448 0.574612 -0.391986 -0.497427 0.594080 -0.632167 -0.603860 0.099768 -0.790822 -0.239393 0.653385 -0.718178 0.113440 -0.188396 0.975520 -0.161263 -0.192393 0.967977 -0.165626 -0.169196 0.971566 0.113838 -0.171367 0.978608 0.215650 -0.151254 0.964685 -0.135778 -0.144964 0.980077 -0.144903 0.013489 0.989354 0.250901 0.012910 0.967927 -0.154182 -0.192392 0.969130 -0.430143 -0.036929 0.902005 -0.428943 -0.190987 0.882911 -0.687384 -0.028993 0.725716 -0.692296 -0.187784 0.696752 -0.870555 -0.024171 0.491478 -0.869243 -0.180184 0.460380 
						-0.977765 -0.032564 0.207162 -0.969534 -0.157693 0.187449 -0.998380 -0.051486 0.024232 -0.991289 -0.130957 0.014008 -0.983659 -0.048739 -0.173318 -0.975615 -0.119850 -0.183880 -0.857985 -0.019563 -0.513302 -0.855073 -0.095035 -0.509724 -0.625190 0.015443 -0.780320 -0.634686 -0.066685 -0.769888 -0.356067 -0.047640 -0.933245 -0.072972 -0.042605 -0.996424 -0.072972 -0.042605 -0.996424 0.829591 -0.073001 -0.553579 0.944105 -0.102208 -0.313399 0.980288 -0.113319 -0.161845 0.992172 -0.121984 -0.026735 0.981572 -0.135228 0.135015 0.412433 -0.168312 0.895304 0.418301 -0.169780 0.892300 0.719336 -0.157601 0.676548 0.701450 -0.152412 0.696231 0.899926 -0.148782 0.409875 0.910331 -0.143258 0.388298 0.875809 -0.153756 0.457513 -0.160776 -0.146005 0.976132 -0.462822 -0.169167 0.870160 -0.474941 -0.146401 0.867755 0.592958 -0.022706 0.804914 0.531463 -0.159677 0.831895 0.821517 -0.062839 0.566711 0.782605 -0.155618 0.602755 0.919939 -0.077336 0.384358 0.909713 -0.138648 0.391407 0.955437 -0.072270 0.286210 0.958124 -0.115821 0.261886 0.997690 -0.046053 -0.049929 0.999071 -0.034425 -0.025911 0.979295 -0.021699 -0.201273 0.976858 -0.028017 -0.212047 0.987173 -0.052707 0.150704 0.990965 -0.080907 0.106970 0.889422 -0.000061 -0.457087 0.878971 -0.013886 -0.476673 0.628474 0.024751 -0.777436 0.627931 -0.001648 -0.778268 -0.087742 -0.003449 -0.996137 -0.102820 0.025209 -0.994381 -0.403072 0.015473 -0.915038 -0.392901 -0.015839 -0.919444 0.241406 0.032869 -0.969867 0.256363 0.001648 -0.966579 -0.102820 0.025209 -0.994381 -0.087742 -0.003449 -0.996137 -0.708782 0.002167 -0.705425 -0.703291 -0.039736 -0.709791 -0.905301 0.000336 -0.424771 -0.905445 -0.068638 -0.418877 -0.983217 0.022035 -0.181103 -0.981339 -0.091130 -0.169320 -0.995061 0.049776 0.085880 -0.990842 -0.108649 0.080174 -0.737352 -0.165630 0.654888 -0.752146 -0.145760 0.642674 
						-0.893584 -0.157207 0.420469 -0.899770 -0.136635 0.414421 -0.961433 -0.140478 0.236459 -0.960257 -0.122169 0.250960 -0.949203 0.026429 0.313552 -0.950469 -0.124123 0.284961 0.978682 -0.123297 0.164253 0.978906 -0.136574 0.151956 0.980324 -0.135870 0.143194 0.887010 -0.151528 0.436180 0.670383 -0.152809 0.726111 0.684371 -0.152689 0.712968 0.447292 -0.168314 0.878408 0.433585 -0.169045 0.885115 0.126229 -0.188275 0.973971 0.120245 -0.188333 0.974716 0.994682 -0.100591 -0.022126 0.992567 -0.117834 -0.030427 0.992176 -0.120764 -0.031679 0.983892 -0.083224 -0.158209 0.980907 -0.104558 -0.163978 0.980291 -0.110997 -0.163428 0.952101 -0.067264 -0.298293 0.947470 -0.098669 -0.304246 0.946515 -0.101659 -0.306227 0.847928 -0.051304 -0.527624 0.842703 -0.088781 -0.531008 0.840931 -0.087835 -0.533967 0.637936 -0.038912 -0.769106 0.628146 -0.071629 -0.774791 0.617737 -0.069553 -0.783303 0.303784 -0.026643 -0.952368 0.291396 -0.052035 -0.955186 0.276048 -0.050754 -0.959803 -0.047426 -0.023164 -0.998606 -0.053897 -0.042330 -0.997649 -0.063937 -0.042482 -0.997049 -0.356826 -0.031709 -0.933632 -0.355486 -0.047854 -0.933456 -0.053897 -0.042330 -0.997649 -0.047426 -0.023164 -0.998606 -0.355848 -0.047731 -0.933324 -0.063937 -0.042482 -0.997049 -0.669347 -0.053714 -0.741006 -0.656249 -0.068393 -0.751438 -0.644873 -0.067478 -0.761305 -0.873207 -0.080936 -0.480581 -0.865341 -0.096135 -0.491878 -0.859788 -0.095647 -0.501614 -0.973651 -0.104406 -0.202738 -0.972823 -0.119024 -0.198618 -0.974260 -0.119604 -0.191080 -0.991154 -0.121312 0.053835 -0.990186 -0.134039 0.039553 -0.990861 -0.132453 0.025514 -0.962718 -0.159370 0.218576 -0.966558 -0.158453 0.201637 -0.884028 -0.177624 0.432370 -0.876265 -0.178995 0.447349 -0.719098 -0.185741 0.669626 -0.704995 -0.186870 0.684150 -0.449177 -0.190346 0.872931 -0.438615 -0.190711 0.878206 -0.157481 -0.192395 0.968599 
						-0.992187 -0.107459 0.063389 -0.991817 -0.107825 0.068363 -0.957478 -0.122748 0.261091 -0.991375 -0.108220 0.073917 -0.954241 -0.123419 0.272383 -0.907954 -0.019105 0.418635 -0.904323 -0.135384 0.404810 -0.902964 -0.135779 0.407702 -0.901432 -0.136205 0.410935 -0.811854 -0.036105 0.582743 -0.790980 -0.142130 0.595104 -0.777688 -0.143470 0.612061 -0.764753 -0.144662 0.627874 -0.542868 -0.020356 0.839571 -0.510012 -0.145151 0.847832 -0.497064 -0.146095 0.855327 -0.485711 -0.146247 0.861798 -0.976194 -0.090154 -0.197277 -0.977889 -0.090458 -0.188546 -0.979607 -0.090795 -0.179240 -0.882365 -0.065860 -0.465934 -0.889928 -0.066745 -0.451190 -0.897636 -0.067662 -0.435512 -0.678766 -0.038118 -0.733364 -0.686526 -0.038637 -0.726078 -0.694685 -0.039187 -0.718246 -0.364185 -0.015321 -0.931201 -0.372882 -0.015565 -0.927748 -0.382310 -0.015809 -0.923899 0.298291 0.000214 -0.954475 -0.053346 -0.004028 -0.998568 0.284743 0.000488 -0.958604 -0.063907 -0.003998 -0.997948 0.270769 0.000763 -0.962644 -0.075230 -0.003998 -0.997158 0.639837 -0.002381 -0.768507 0.635814 -0.002228 -0.771839 0.631721 -0.002106 -0.775193 -0.053346 -0.004028 -0.998568 -0.063907 -0.003998 -0.997948 -0.075230 -0.003998 -0.997158 0.856256 -0.012940 -0.516390 0.863852 -0.013245 -0.503571 0.871418 -0.013581 -0.490354 0.962234 -0.037874 -0.269574 0.970716 -0.032075 -0.238078 0.974677 -0.027894 -0.221871 0.996288 -0.085392 -0.010834 0.988138 -0.064212 -0.139501 0.996724 -0.080143 0.010895 0.992337 -0.051852 -0.112159 0.995535 -0.078038 0.053103 0.995611 -0.044252 -0.082461 0.977105 -0.109808 0.182231 0.972269 -0.111607 0.205514 0.966095 -0.113594 0.231857 0.914751 -0.138252 0.379628 0.913626 -0.138283 0.382315 0.912010 -0.138436 0.386100 0.735064 -0.162212 0.658307 0.749890 -0.160287 0.641851 0.765736 -0.158091 0.623423 0.429890 -0.165504 0.887583 0.461697 -0.163950 0.871755 
						0.495537 -0.162025 0.853341 0.129311 -0.153757 0.979611 0.155710 -0.153330 0.975830 0.184121 -0.152748 0.970962 -0.145058 -0.146157 0.978569 -0.153358 -0.146095 0.977311 -0.173806 0.293532 0.940016 0.252730 0.309924 0.916556 0.628147 0.242445 0.739359 0.859223 0.137578 0.492755 0.910789 0.127876 0.392570 0.932489 0.150949 0.328144 0.976154 0.170510 0.134345 0.988242 0.130195 -0.080174 0.973659 0.050693 -0.222303 0.898334 0.044070 -0.437097 0.626428 0.074527 -0.775908 0.223582 0.082981 -0.971146 -0.113623 0.077061 -0.990531 -0.113623 0.077061 -0.990531 -0.411031 0.070530 -0.908889 -0.708381 0.066990 -0.702644 -0.872434 0.101722 -0.478029 -0.939205 0.190960 -0.285357 -0.969886 0.231332 0.076205 -0.916213 0.201151 0.346544 -0.870524 0.144446 0.470450 -0.809372 0.147225 0.568544 -0.585426 0.212324 0.782429 -0.969886 0.231332 0.076205 -0.939205 0.190960 -0.285357 -0.915179 0.158456 -0.370594 -0.976358 0.216043 -0.007050 -0.905444 0.202129 0.373250 -0.916213 0.201151 0.346544 -0.853338 0.222910 0.471303 -0.870524 0.144446 0.470450 -0.818230 0.299733 0.490571 -0.809372 0.147225 0.568544 -0.604585 0.444451 0.661015 -0.585426 0.212324 0.782429 -0.872434 0.101722 -0.478029 -0.842705 0.116005 -0.525729 -0.708381 0.066990 -0.702644 -0.696748 0.103917 -0.709749 -0.411031 0.070530 -0.908889 -0.412528 0.109716 -0.904314 -0.113623 0.077061 -0.990531 -0.121772 0.116370 -0.985713 -0.121772 0.116370 -0.985713 -0.113623 0.077061 -0.990531 0.223582 0.082981 -0.971146 0.206587 0.121224 -0.970890 0.626428 0.074527 -0.775908 0.626309 0.125280 -0.769443 0.898334 0.044070 -0.437097 0.896319 0.118323 -0.427330 0.973659 0.050693 -0.222303 0.938162 0.152169 -0.310961 0.988242 0.130195 -0.080174 0.946053 0.221811 -0.236185 0.976154 0.170510 0.134345 0.946859 0.320330 0.029115 0.932489 0.150949 0.328144 
						0.872541 0.350329 0.340502 0.910789 0.127876 0.392570 0.862132 0.331528 0.383166 0.859223 0.137578 0.492755 0.844841 0.393091 0.362938 -0.219554 0.579189 0.785071 -0.173806 0.293532 0.940016 0.211769 0.617941 0.757167 0.252730 0.309924 0.916556 0.578686 0.556834 0.595868 0.628147 0.242445 0.739359 0.119392 0.757917 0.641333 -0.190806 0.760601 0.620548 -0.149636 0.818223 0.555085 0.097570 0.815869 0.569945 0.071231 0.863769 0.498827 -0.069218 0.875297 0.478606 -0.045870 0.889911 0.453821 0.067966 0.879463 0.471090 0.065890 0.894107 0.442979 0.030123 0.903346 0.427853 0.054567 0.910677 0.409499 0.068150 0.901029 0.428372 0.098578 0.886713 0.451688 0.087131 0.902535 0.421710 0.201118 0.796783 0.569815 -0.028810 0.825918 0.563054 -0.590210 0.592377 0.548399 -0.823225 0.400870 0.401999 -0.856307 0.402670 0.323412 -0.955895 0.154336 0.249892 -0.955185 0.235363 0.179513 -0.874573 0.424972 0.233498 0.439385 0.726357 0.528532 0.392573 0.786215 0.477234 0.775321 0.577127 0.256518 0.757307 0.607671 0.239211 -0.952195 0.064945 0.298507 -0.906241 0.197369 0.373862 -0.989239 -0.000366 0.146307 -0.998210 0.021333 -0.055880 -0.937335 0.052585 -0.344439 -0.983263 -0.032167 -0.179330 -0.999121 -0.037416 -0.018891 0.473440 0.715150 0.514213 0.784707 0.558957 0.267958 0.147865 0.756477 0.637086 -0.219768 0.733650 0.643008 -0.606471 0.632992 0.481160 -0.982300 0.141885 0.122292 -0.984458 0.133705 0.113867 -0.994774 0.089482 0.049166 -0.995477 0.091405 0.025880 -0.998018 0.060549 -0.017121 -0.995899 0.084935 -0.031160 0.877766 0.393150 0.273789 0.920254 0.273760 0.279620 0.980911 0.184640 -0.061007 0.925935 0.166790 -0.338859 0.939141 0.321948 0.119849 0.941401 0.336690 -0.020112 0.983680 0.104557 0.146429 0.993994 0.107914 0.018159 0.999683 0.001007 -0.025148 
						0.994727 0.034456 -0.096592 0.993838 -0.043399 -0.101996 0.965239 0.061954 -0.253922 0.987843 -0.017335 -0.154488 -0.845477 0.115271 -0.521423 -0.696929 0.140478 -0.703246 -0.418935 0.149025 -0.895704 -0.130468 0.157508 -0.978861 -0.130468 0.157508 -0.978861 0.186867 0.169258 -0.967694 0.604227 0.189893 -0.773854 0.884369 0.190192 -0.426284 0.924187 0.176982 -0.338460 0.955275 0.122717 -0.269055 0.977712 0.083775 -0.192515 0.882258 0.184582 -0.433072 0.576569 0.199413 -0.792340 0.169043 0.184547 -0.968177 -0.148016 0.165839 -0.974981 -0.148016 0.165839 -0.974981 -0.431262 0.146613 -0.890235 -0.702609 0.129248 -0.699740 -0.867712 0.101353 -0.486623 -0.949807 0.053072 -0.308301 -0.992171 0.035310 -0.119787 -0.989465 0.064365 -0.129676 -0.959413 0.060122 -0.275522 -0.882991 0.071996 -0.463836 -0.710428 0.084508 -0.698678 -0.453302 0.102148 -0.885485 -0.178139 0.130865 -0.975264 -0.178139 0.130865 -0.975264 0.151742 0.153848 -0.976373 0.986395 0.129552 -0.101200 0.994460 0.040529 -0.096989 0.995063 0.029206 -0.094852 0.992865 0.078891 -0.089420 0.979217 0.132790 -0.153299 0.893388 0.147194 -0.424491 0.573967 0.164344 -0.802217 -0.975879 0.184091 0.117346 -0.890593 0.433501 0.137552 -0.991866 0.062900 0.110662 -0.998497 0.031648 0.044741 -0.997307 -0.000000 0.073338 -0.996714 -0.004028 0.080905 -0.990476 -0.007935 0.137459 -0.999200 -0.015199 0.036989 -0.677107 -0.722978 0.137216 -0.708437 -0.669342 0.223826 -0.527373 -0.820481 0.220654 -0.539272 -0.823833 0.174600 -0.997674 0.062381 -0.027498 -0.987817 0.079014 -0.134071 -0.962283 0.104893 -0.251016 -0.888546 0.152140 -0.432828 -0.717559 0.191963 -0.669522 -0.459530 0.193707 -0.866781 -0.175391 0.182777 -0.967383 -0.175391 0.182777 -0.967383 0.153086 0.175152 -0.972567 0.575747 0.174815 -0.798721 0.888622 0.166329 -0.427419 -0.524809 0.768902 0.365193 
						-0.566344 0.709174 0.419913 -0.125677 0.863319 0.488760 0.231490 0.853080 0.467619 0.201241 0.879826 0.430590 -0.286114 0.887885 0.360275 -0.205268 0.906280 0.369488 -0.995577 0.083438 0.043184 -0.997426 0.053958 -0.047213 -0.839089 0.533380 0.106938 -0.980478 0.196480 -0.007691 -0.952938 0.298358 -0.053775 -0.467277 0.811898 0.349962 -0.986110 0.138192 -0.092138 0.658545 0.710001 0.249434 0.915576 0.401327 -0.025636 0.990325 0.077031 -0.115424 0.984497 0.086858 -0.152384 0.989120 -0.071750 -0.128424 0.997604 -0.025911 -0.064151 0.976612 0.124060 -0.175607 0.976084 -0.079257 -0.202431 0.580533 0.760473 0.290968 0.848825 0.526636 0.046389 -0.998210 0.051027 0.031190 -0.990538 0.112769 -0.078221 -0.967543 0.173928 -0.183328 -0.895105 0.247787 -0.370659 -0.711372 0.302720 -0.634280 -0.435900 0.300976 -0.848177 -0.145546 0.251082 -0.956961 -0.145546 0.251082 -0.956961 0.173165 0.211161 -0.961990 0.991179 0.093054 -0.094366 0.999104 0.018342 -0.038149 0.580695 0.193372 -0.790822 0.881210 0.186289 -0.434471 0.974411 0.178780 -0.136237 0.988162 0.149907 -0.032624 0.991144 0.115515 -0.065494 -0.111303 0.870681 0.479089 -0.380058 0.856039 0.350363 -0.091100 0.873709 0.477842 0.083318 0.862751 0.498717 0.319993 0.835644 0.446434 0.079350 0.863110 0.498743 0.286113 0.843751 0.454118 0.075352 0.863450 0.498776 0.257525 0.847531 0.464082 -0.982544 0.169719 -0.076177 -0.748423 0.657170 0.089391 -0.927144 0.366048 -0.080082 -0.983628 0.138190 -0.115667 -0.657717 -0.753181 0.011292 -0.528704 -0.847288 0.050752 -0.493926 -0.868155 -0.048404 -0.662608 -0.745560 -0.071354 -0.485655 -0.855397 -0.180095 -0.713107 -0.689974 -0.124151 -0.524533 -0.786540 -0.325914 -0.782780 -0.571894 -0.245342 0.998210 0.057314 -0.017091 0.997244 0.072086 -0.017549 0.984354 0.071353 -0.161109 0.889546 0.074070 -0.450801 
						0.610290 0.100286 -0.785805 0.210248 0.140114 -0.967556 -0.113196 0.182138 -0.976736 -0.440792 0.205365 -0.873801 -0.113196 0.182138 -0.976736 -0.748580 0.185161 -0.636666 -0.927383 0.138221 -0.347643 -0.983124 0.111427 -0.145090 -0.995512 0.092840 -0.018342 -0.992452 0.051028 0.111517 0.497678 0.793410 0.350453 0.429255 0.823016 0.372001 0.354512 0.874073 0.332142 0.077884 0.914129 0.397873 0.049228 0.906580 0.419154 -0.066165 0.926339 0.370835 -0.028139 0.932005 0.361351 0.098119 0.915453 0.390279 0.145302 0.830094 0.538360 0.147621 0.942096 0.301102 0.092076 0.914932 0.392964 0.386403 -0.809735 0.441612 0.174568 -0.873177 0.455068 0.105504 -0.950571 0.292035 0.234906 -0.920367 0.312639 -0.733524 -0.662994 0.149604 -0.522057 -0.843573 0.125860 -0.736305 -0.676640 -0.003479 -0.517819 -0.855484 0.003205 -0.744365 -0.657507 -0.116645 -0.482904 -0.871229 -0.088109 -0.737436 -0.625919 -0.253798 -0.440024 -0.877851 -0.189096 -0.648802 -0.568263 -0.506096 -0.401395 -0.849484 -0.342431 -0.400175 -0.505895 -0.764153 -0.289566 -0.811078 -0.508236 -0.782583 -0.162059 -0.601083 -0.920873 -0.217446 -0.323590 -0.455615 -0.109166 -0.883458 -0.949524 -0.277758 -0.145792 -0.959646 -0.281174 -0.004517 -0.947312 -0.276899 0.161019 -0.930083 -0.304951 0.204817 -0.955176 -0.285534 -0.078159 -0.948008 -0.277142 -0.156440 -0.940557 -0.320721 -0.111760 -0.928937 -0.366441 -0.052889 -0.924694 -0.374468 0.068668 -0.098759 -0.094212 -0.990642 0.231675 -0.111305 -0.966405 -0.098759 -0.094212 -0.990642 -0.088383 -0.471119 -0.877630 -0.075352 -0.788891 -0.609896 0.618134 -0.127997 -0.775582 0.212477 -0.456969 -0.863732 -0.088383 -0.471119 -0.877630 0.147960 -0.774834 -0.614606 -0.075352 -0.788891 -0.609896 0.887255 -0.152016 -0.435510 0.965721 -0.180521 -0.186534 0.982557 -0.179238 -0.049563 0.980040 -0.198346 0.013429 0.972168 -0.232131 0.031679 
						0.961204 -0.275467 0.014283 0.949934 -0.305495 -0.065555 0.930104 -0.322863 -0.175119 0.972899 -0.047641 -0.226271 0.921923 -0.294724 -0.251386 0.568540 -0.432333 -0.699894 0.389034 -0.766654 -0.510777 0.812224 -0.436525 -0.386961 0.542698 -0.785267 -0.298053 0.833767 -0.520940 -0.182904 0.523319 -0.841852 -0.131997 0.823487 -0.563773 -0.063479 0.525360 -0.849446 -0.049380 0.778052 -0.616667 -0.119818 0.786087 -0.618109 0.002838 0.786934 -0.612121 0.077732 0.798837 -0.598327 0.062167 0.810050 -0.586006 0.020418 0.500187 -0.865813 0.013459 0.500855 -0.863487 0.059452 0.481928 -0.868148 0.118597 0.436548 -0.893666 0.103857 0.420037 -0.907247 -0.021730 0.967956 0.208540 -0.139901 -0.957603 -0.160867 -0.238996 -0.975848 0.139106 -0.168435 0.789113 -0.574042 -0.218581 0.450369 -0.883191 -0.130927 0.770160 0.614999 0.169200 0.701481 0.672457 0.236065 0.630254 0.740856 0.232191 0.368029 0.907545 0.202280 0.295455 0.890822 0.345171 0.311081 0.825601 0.470756 0.210643 0.846693 0.488611 0.342151 0.701454 0.625216 0.125588 0.762929 0.634167 0.951682 0.306169 -0.023713 0.913822 0.397445 0.083469 0.866675 0.481741 0.129614 0.732185 0.674961 0.091283 0.672800 0.702404 0.232314 0.657874 0.660529 0.361806 0.647773 0.697764 0.305804 -0.629421 0.767762 0.119878 -0.519835 0.828660 0.207592 -0.359672 0.890893 0.277391 -0.321398 0.901506 0.289810 -0.162027 0.930596 0.328236 -0.096532 0.944965 0.312608 -0.879810 0.468562 -0.079899 -0.840834 0.540067 0.036409 -0.759041 0.639589 0.121588 -0.673101 0.723183 0.154732 -0.531098 0.801774 0.274033 -0.590773 0.779690 0.207535 -0.805242 0.579402 0.126013 -0.449184 0.853016 0.265702 -0.789799 0.597835 0.137152 -0.403276 0.873419 0.272961 -0.147743 0.917068 0.370349 -0.107030 0.922523 0.370804 0.543178 0.817177 0.192819 0.816225 0.570061 0.093845 
						0.454922 0.869742 0.191296 0.775187 0.627871 0.069736 0.286760 0.910697 0.297320 0.220286 0.928294 0.299574 0.161295 0.903804 0.396387 0.119573 0.909800 0.397448 -0.021119 0.903313 0.428462 0.003754 0.903653 0.428250 0.067142 0.893814 0.443382 0.066471 0.893970 0.443170 -0.561464 0.798111 0.218579 -0.274488 0.910351 0.309707 -0.495514 0.828420 0.261124 -0.240737 0.918910 0.312489 -0.494047 0.823016 0.280290 -0.205608 0.926473 0.315234 0.004242 0.934926 0.354817 0.036379 0.933891 0.355703 0.063328 0.934471 0.350362 0.249070 0.838463 0.484711 0.633945 0.679418 0.369465 0.234053 0.842059 0.485959 0.623438 0.677731 0.389878 0.261854 0.850020 0.457055 0.643502 0.662546 0.383324 0.092626 0.881644 0.462735 0.132605 0.880685 0.454763 0.188059 0.884719 0.426505 0.051303 0.909195 0.413198 0.069920 0.914570 0.398337 0.079593 0.902503 0.423266 0.044008 -0.901196 0.431172 -0.040377 -0.990622 0.130530 -0.107885 -0.982898 0.149238 -0.085394 -0.973819 0.210677 0.073888 0.916683 0.392725 0.087683 0.915466 0.392726 0.091007 0.924876 0.369218 0.068759 0.914221 0.399339 0.060306 0.917679 0.392720 0.067356 0.915055 0.397664 0.093022 -0.898354 0.429309 0.068058 -0.957964 0.278700 -0.986055 -0.063603 -0.153788 -0.977445 0.197613 -0.074498 -0.856102 -0.401057 -0.325948 -0.614788 -0.686723 -0.387875 -0.994773 0.016480 -0.100774 -0.972528 0.232710 0.006012 -0.936286 -0.249247 -0.247477 -0.755195 -0.568509 -0.326310 -0.202859 -0.920330 -0.334427 -0.160438 -0.915204 -0.369677 -0.306750 -0.928978 -0.207135 -0.832449 -0.486175 -0.265825 -0.981717 0.100928 -0.161386 -0.960712 0.277297 -0.011811 -0.970865 -0.121892 -0.206307 -0.957688 0.184274 -0.221080 -0.925716 0.372734 -0.064182 -0.853995 -0.450802 -0.259751 -0.966025 -0.051883 -0.253187 -0.358967 -0.925769 -0.118720 -0.948034 0.246538 -0.201125 
						-0.858361 0.511019 -0.045566 -0.959636 -0.032930 -0.279309 -0.854211 -0.469817 -0.222701 -0.404871 -0.911952 -0.066502 -0.788442 0.612131 0.060459 -0.954139 0.293499 -0.058962 -0.927631 0.344256 0.144875 -0.734238 0.647471 0.204145 -0.891046 0.357871 0.279222 -0.708665 0.644055 0.288074 -0.974871 -0.027650 -0.221050 -0.875380 -0.456993 -0.157692 -0.419240 -0.906996 -0.039949 -0.556152 -0.831069 -0.004395 -0.891459 -0.449605 -0.056185 -0.997234 -0.013978 -0.073001 -0.994895 0.022950 0.098272 -0.906810 -0.414722 0.075504 -0.600470 -0.793353 0.100134 -0.551875 -0.793555 0.256329 -0.911678 -0.358421 0.200940 -0.889232 0.355485 0.287916 -0.752548 0.600256 0.270860 -0.970296 0.054904 0.235608 -0.810424 0.548086 0.206917 -0.915378 0.338880 0.217354 0.986488 0.025880 -0.161780 0.936849 -0.246199 -0.248396 -0.961309 0.078921 0.263926 -0.973914 0.107273 0.199959 -0.911739 -0.334127 0.238937 -0.933507 -0.324841 0.151800 -0.565670 -0.785254 0.251782 -0.581300 -0.811934 0.053409 0.990980 0.115331 -0.068240 0.976072 0.217420 0.003388 0.963787 0.266674 0.000122 0.959956 0.280137 -0.002808 0.965629 0.259078 0.020967 0.957114 0.279098 0.077702 0.962731 -0.184916 -0.197368 0.983385 -0.123450 -0.133094 0.991080 -0.108099 -0.077946 0.992692 -0.119909 -0.013581 0.987637 -0.152780 0.035097 0.979343 -0.202101 0.006592 -0.810424 0.548086 0.206917 -0.915378 0.338880 0.217354 -0.936294 0.339891 0.088475 -0.838082 0.534113 0.111089 0.796739 -0.542421 -0.266434 0.435718 -0.873725 -0.216226 0.811204 -0.521270 -0.264999 0.427944 -0.859245 -0.280291 0.825147 -0.522214 -0.215465 0.437981 -0.861892 -0.255568 0.826773 -0.545536 -0.137246 0.447717 -0.874743 -0.185404 -0.824402 0.559134 -0.087924 -0.806297 0.577644 0.127328 -0.206250 0.970850 0.122108 -0.212259 0.974986 0.065951 -0.777669 0.567389 0.270739 -0.222608 0.964747 0.140389 
						-0.699038 0.557460 0.447866 -0.229262 0.953428 0.195996 -0.718448 0.574612 -0.391986 -0.189860 0.981316 -0.031191 -0.134984 0.984594 -0.111149 -0.497427 0.594080 -0.632167 -0.038576 0.682438 -0.729925 0.187359 0.671885 -0.716566 -0.038576 0.682438 -0.729925 0.444578 0.680372 -0.582618 0.585997 0.187174 -0.788399 0.620208 0.695620 -0.362566 0.662611 0.724810 -0.188672 0.695064 0.716213 -0.062655 0.697238 0.712833 0.075687 0.692509 0.692478 0.202250 0.632071 0.675469 0.379774 0.520966 0.592748 0.614203 0.304367 0.574950 0.759469 0.080571 0.548735 0.832105 -0.056978 0.989874 -0.130010 -0.239393 0.653385 -0.718178 0.003052 0.992422 -0.122840 -0.038576 0.682438 -0.729925 0.050357 0.990938 -0.124520 0.187359 0.671885 -0.716566 0.108832 0.990414 -0.085057 0.444578 0.680372 -0.582618 0.620208 0.695620 -0.362566 0.134648 0.990847 -0.009613 0.112676 0.993297 0.025788 0.662611 0.724810 -0.188672 0.102637 0.993226 0.054477 0.695064 0.716213 -0.062655 0.102912 0.988526 0.110572 0.697238 0.712833 0.075687 0.104985 0.987192 0.120122 0.692509 0.692478 0.202250 0.121284 0.984953 0.123115 0.632071 0.675469 0.379774 0.113133 0.976325 0.184364 0.520966 0.592748 0.614203 0.304367 0.574950 0.759469 0.051669 0.965563 0.254987 -0.000458 0.959119 0.283002 0.080571 0.548735 0.832105 -0.040926 0.957729 0.284746 -0.150824 0.555686 0.817598 -0.094671 0.955566 0.279162 -0.355700 0.573698 0.737799 -0.171214 0.952056 0.253525 -0.550783 0.554415 0.623908 0.003906 0.990981 0.133948 0.020539 0.992150 0.123359 0.027467 0.991648 0.126012 0.018739 0.991344 0.129949 0.000244 0.990131 0.140144 0.014680 0.990801 0.134528 -0.002045 0.989842 0.142156 0.008789 0.990579 0.136663 0.053286 0.993306 0.102483 0.041659 0.992054 0.118719 0.072116 0.992230 0.101384 0.050020 0.991278 0.121922 
						0.066685 0.990050 0.123909 0.049990 0.990244 0.130071 -0.025911 0.991025 0.131142 -0.007477 0.991564 0.129401 -0.055972 0.992392 0.109655 -0.025026 0.992765 0.117439 -0.073857 0.992677 0.095587 -0.039186 0.993569 0.106236 -0.076604 0.991701 0.103248 -0.049319 0.993757 0.100072 -0.065250 0.993180 0.096623 -0.051791 0.994474 0.091314 -0.049166 0.996687 0.064792 -0.044466 0.996322 0.073246 -0.033723 0.997724 0.058383 -0.030214 0.998706 0.040896 -0.009430 0.999700 0.022614 -0.015656 0.998846 0.045412 0.007904 0.999863 0.014527 0.003357 0.999148 0.041139 0.022706 0.999620 0.015626 0.019837 0.999010 0.039827 0.050631 0.998184 0.032625 0.038148 0.997873 0.052859 0.082065 0.995037 0.056277 0.057620 0.995844 0.070530 0.083349 0.995208 0.051120 0.059085 0.995072 0.079624 0.073796 0.994048 0.080144 0.051119 0.993114 0.105412 0.069737 0.989316 0.128029 0.050662 0.990020 0.131508 0.069309 0.991294 0.111944 0.071750 0.990768 0.115026 0.071782 0.990475 0.117500 0.070071 0.990544 0.117955 0.073062 0.995490 0.060519 0.078494 0.994725 0.066042 0.082798 0.995407 0.048067 0.085332 0.995206 0.047793 0.084323 0.994728 0.058352 0.083592 0.994828 0.057711 0.049562 0.998235 0.032716 0.049808 0.998226 0.032625 0.020692 0.999683 0.014313 0.021302 0.999665 0.014679 0.012635 0.999823 0.013917 0.011231 0.999838 0.014100 0.000214 0.999825 0.018708 -0.002747 0.999798 0.019929 -0.022004 0.999134 0.035311 -0.024537 0.999013 0.037020 -0.046785 0.996955 0.062380 -0.047518 0.996873 0.063144 -0.066440 0.992171 0.105748 -0.066044 0.992521 0.102667 -0.078709 0.990923 0.108983 -0.078006 0.991194 0.106999 -0.078983 0.993332 0.083988 -0.077335 0.993142 0.087680 -0.064640 0.993103 0.097815 -0.061831 0.992893 0.101688 -0.031465 0.991510 0.126167 -0.029665 0.991354 0.127814 
						-0.008026 0.990021 0.140690 0.084996 0.992755 0.084935 0.081181 0.992633 0.089940 0.062198 0.993636 0.093907 0.059635 0.993556 0.096380 0.010468 0.991973 0.126015 0.013734 0.991941 0.125953 -0.006317 0.990210 0.139440 -0.009491 0.990492 0.137244 -0.004975 0.990453 0.137761 -0.004517 0.990047 0.140664 0.022371 0.995905 0.087590 0.002533 0.996302 0.085881 0.027529 0.990904 0.131722 0.020814 0.991536 0.128150 -0.021943 0.996327 0.082768 0.014100 0.991987 0.125555 0.004090 0.992978 0.118232 -0.008667 0.994179 0.107395 -0.020386 0.995089 0.096866 0.006867 0.994330 0.106114 0.013062 0.992926 0.118016 0.019685 0.991779 0.126441 0.024049 0.991148 0.130562 0.031191 0.990600 0.133187 0.031465 0.990775 0.131812 0.031709 0.991232 0.128272 0.031099 0.992198 0.120733 0.028840 0.993745 0.107883 0.145302 0.830094 0.538360 -0.096532 0.944965 0.312608 -0.032228 0.980770 0.192486 0.610505 0.708440 0.354113 0.201118 0.796783 0.569815 0.145302 0.830094 0.538360 -0.278461 0.843960 0.458466 0.588927 0.780557 0.209514 -0.590773 0.779690 0.207535 -0.615976 0.777211 0.128518 -0.584013 0.802255 0.123755 0.019898 0.984482 0.174355 -0.513421 0.835548 0.195596 0.080510 0.964413 0.251846 0.709135 0.699003 0.092319 0.734932 0.676763 0.043215 -0.498657 0.842550 0.203595 0.082492 0.991644 0.099186 0.767216 0.635954 -0.083317 -0.925711 0.378134 0.008637 -0.821792 0.566620 0.060001 -0.784844 0.605266 0.132944 -0.766003 0.614017 0.190318 -0.901905 0.420342 0.099401 -0.973914 0.107273 0.199959 -0.987999 0.145882 0.050753 -0.933507 -0.324841 0.151800 -0.581300 -0.811934 0.053409 -0.585901 -0.795687 -0.153632 -0.952343 -0.302748 -0.037233 -0.619877 -0.780897 -0.077153 -0.964568 -0.252030 -0.078038 -0.609718 -0.785174 0.108375 -0.956426 -0.278758 0.086856 -0.983655 0.175850 -0.038728 
						-0.884015 0.427908 0.188181 -0.887165 0.401237 0.227918 -0.793107 0.577244 0.194347 -0.982361 0.168071 0.081975 0.048465 0.997982 -0.041018 0.340108 0.931727 -0.127327 0.478112 0.876661 -0.053622 0.834755 0.537043 -0.121527 0.540830 0.838239 -0.069706 0.884900 0.460410 -0.070530 0.536183 0.842254 0.055819 0.034731 0.999041 0.026674 0.056156 0.873953 0.482755 0.436701 0.814226 0.382529 0.536183 0.842254 0.055819 0.867133 0.448414 0.216806 0.436701 0.814226 0.382529 0.630591 0.489103 0.602605 0.056156 0.873953 0.482755 0.071050 0.510563 0.856900 -0.359455 0.813122 0.457848 -0.562469 0.551757 0.615786 -0.231702 0.968896 0.086919 0.340108 0.931727 -0.127327 0.048465 0.997982 -0.041018 0.025361 0.999282 0.028138 0.478112 0.876661 -0.053622 0.003571 0.999961 0.008057 0.540830 0.838239 -0.069706 -0.502374 0.850809 0.154091 -0.359455 0.813122 0.457848 -0.643247 0.741824 0.189553 -0.391533 0.909691 0.138436 -0.716812 0.669598 0.194470 -0.471668 0.872166 0.129827 -0.735667 0.606845 0.300889 -0.502374 0.850809 0.154091 -0.231702 0.968896 0.086919 -0.391533 0.909691 0.138436 -0.471668 0.872166 0.129827 -0.826341 0.515502 0.226758 -0.822600 0.412749 0.391111 -0.559051 0.335162 0.758372 0.083989 0.299273 0.950464 -0.970056 0.126380 0.207409 -0.898098 -0.374993 0.229782 -0.581856 -0.778249 0.236161 -0.901745 0.319565 0.291090 -0.955952 0.066837 0.285812 -0.874500 -0.369345 0.314379 -0.583093 -0.745483 0.322889 -0.864885 0.150887 0.478756 -0.928575 -0.015839 0.370807 -0.823530 -0.417747 0.383779 -0.545409 -0.739725 0.394125 -0.384512 -0.788098 0.480678 -0.691446 -0.466763 0.551393 -0.823328 -0.157115 0.545386 -0.543548 0.021730 0.839097 0.095585 -0.045198 0.994395 -0.405169 -0.308546 0.860603 -0.281812 -0.551630 0.785039 -0.176706 -0.779672 0.600738 0.617315 -0.129494 0.775985 
						0.675143 0.178994 0.715642 0.114629 -0.410204 0.904761 0.957428 0.081273 0.276995 0.940467 -0.145361 0.307233 0.589782 -0.444816 0.674015 0.131509 -0.606333 0.784262 0.102393 -0.796531 0.595864 0.543366 -0.600742 0.586398 0.338187 -0.802877 0.490937 0.053592 0.249863 0.966797 -0.794552 0.222114 0.565113 0.840189 0.164864 0.516626 0.053592 0.249863 0.966797 0.977925 0.203990 -0.045290 0.951599 0.228683 -0.205335 0.954234 0.215189 -0.207681 0.973814 0.172923 -0.147592 0.993547 0.109868 -0.028169 0.996615 -0.081942 0.006653 0.890154 -0.331744 0.312364 0.796559 -0.524294 0.301014 0.649357 -0.717476 0.252119 0.987444 -0.025728 -0.155861 0.970832 -0.239206 0.016297 0.916425 -0.398365 0.038362 0.782701 -0.621132 0.039675 0.950970 -0.232585 -0.203866 0.758068 -0.620823 -0.199779 0.752974 -0.627936 -0.196789 0.967520 -0.164834 -0.191661 0.969881 0.001556 -0.243576 0.972210 0.026399 -0.232615 0.998091 -0.004608 -0.061587 0.863578 -0.143899 0.483245 0.001099 -0.186652 0.982426 0.001099 -0.186652 0.982426 -0.843637 -0.041170 0.535334 -0.992800 0.080752 0.088473 -0.942383 0.297739 0.152532 -0.075015 -0.336407 0.938724 0.792330 -0.279644 0.542228 0.752477 -0.334245 0.567502 -0.093632 -0.428027 0.898903 -0.856916 -0.170663 0.486383 -0.075015 -0.336407 0.938724 -0.093632 -0.428027 0.898903 -0.683448 -0.464289 0.563324 0.271043 -0.780291 0.563633 0.035524 -0.703250 0.710055 0.035524 -0.703250 0.710055 -0.280104 -0.763403 0.582029 0.995663 -0.084294 -0.039370 0.974275 -0.054020 -0.218794 0.987510 -0.157418 0.006653 0.965478 -0.125617 -0.228193 0.969313 -0.186074 -0.160652 0.640576 -0.767721 0.016328 -0.028810 0.825918 0.563054 0.538933 0.364121 0.759584 -0.563270 0.337639 0.754140 0.985558 0.166422 0.031282 0.999111 0.041323 -0.008393 0.629980 -0.182750 0.754804 0.603544 -0.054751 0.795448 
						-0.594303 -0.206891 0.777175 0.575869 -0.113990 0.809556 -0.631993 -0.093358 0.769330 -0.717844 -0.209271 0.664008 0.541655 -0.172525 0.822706 0.369287 -0.620768 0.691574 -0.362660 -0.721200 0.590211 0.780339 -0.617368 -0.099644 0.946353 -0.288807 -0.144938 0.523290 0.851803 0.024477 -0.490531 0.855111 0.167824 -0.483604 0.856424 0.180734 0.472405 0.877882 0.078465 -0.449362 0.870005 0.202890 0.428677 0.894344 0.127999 -0.423794 0.873866 0.238236 0.384485 0.902585 0.193677 -0.264416 0.899088 0.348892 0.331842 0.869326 0.366268 -0.011323 0.912088 0.409838 0.184613 0.860011 0.475709 0.360098 0.799914 0.480070 0.640090 0.668870 0.378017 0.440149 0.779585 0.445551 0.692206 0.609621 0.386281 -0.410295 0.831456 0.374619 -0.140481 0.903190 0.405602 -0.433831 0.781690 0.448053 -0.181221 0.885749 0.427325 -0.499847 0.698559 0.512024 -0.246383 0.852283 0.461422 -0.492795 0.547730 0.676125 -0.274399 0.742656 0.610874 0.584940 0.721394 0.370723 0.739032 0.502902 0.448241 0.623384 0.561858 0.543790 0.687730 0.370234 0.624463 0.428826 0.483944 0.762828 0.479547 0.215435 0.850660 0.262253 0.539735 0.799943 0.268022 0.228682 0.935879 0.023866 0.346635 0.937697 0.025453 0.574861 0.817855 -0.227464 0.603712 0.764063 -0.263780 0.431485 0.862694 0.184613 0.860011 0.475709 -0.011323 0.912088 0.409838 -0.029939 0.948724 0.314685 0.324788 0.898462 0.295428 -0.140481 0.903190 0.405602 -0.181221 0.885749 0.427325 0.440149 0.779585 0.445551 0.360098 0.799914 0.480070 -0.045412 0.919356 0.390796 0.359486 0.876603 0.319902 -0.040042 0.865381 0.499513 0.327283 0.869846 0.369125 0.584940 0.721394 0.370723 0.623384 0.561858 0.543790 -0.246383 0.852283 0.461422 -0.274399 0.742656 0.610874 0.025453 0.574861 0.817855 0.262253 0.539735 0.799943 -0.227464 0.603712 0.764063 
						0.428826 0.483944 0.762828 -0.930363 0.348829 0.112889 -0.905144 0.409875 0.112769 -0.873050 0.459979 0.161872 -0.855082 0.482445 0.189950 -0.832901 0.500577 0.236005 -0.838147 0.436820 0.326646 -0.819230 0.350423 0.453944 -0.690827 0.221476 0.688263 -0.908260 -0.410365 0.081640 -0.996818 -0.036196 0.071018 -0.989154 0.136817 0.053439 -0.987381 0.144813 0.064090 -0.999723 0.017060 0.016236 -0.928307 -0.360311 -0.091772 -0.957178 -0.279496 -0.075444 -0.999242 0.019532 0.033662 -0.987845 0.126014 0.091008 -0.988343 0.116279 0.098273 -0.981815 0.123509 0.144170 -0.949798 0.080633 0.302296 -0.867238 -0.001007 0.497893 -0.694931 -0.089239 0.713517 -0.388569 -0.142768 0.910292 -0.342670 0.183726 0.921315 -0.023377 -0.139960 0.989881 0.016572 0.188789 0.981878 -0.997161 0.005432 0.075108 -0.995407 -0.023255 0.092869 -0.971566 -0.236063 0.018281 -0.948430 -0.297008 0.110752 -0.975788 -0.106420 0.191080 -0.877764 -0.405082 0.255812 -0.895389 -0.222398 0.385770 -0.764230 -0.320146 0.559874 -0.593422 -0.384119 0.707321 -0.333000 -0.421995 0.843227 0.292311 0.176186 0.939954 0.503196 0.158271 0.849555 0.721142 0.172740 0.670907 0.910150 0.199261 0.363211 0.970541 0.204906 0.126746 0.856279 0.513914 0.051761 0.896402 0.441060 -0.043917 0.913895 0.400563 -0.065921 0.923894 0.372921 -0.085730 0.940736 0.328746 0.083316 -0.657291 -0.057864 0.751412 -0.742629 -0.513764 0.429591 -0.609435 -0.576932 0.543819 -0.452937 -0.626958 0.633855 -0.250713 -0.647916 0.719269 0.284712 -0.119818 0.951096 0.507658 -0.108313 0.854723 -0.029940 -0.413935 0.909814 -0.035494 -0.647348 0.761368 0.244888 -0.369041 0.896570 0.169016 -0.621345 0.765091 0.755531 -0.059482 0.652407 0.952993 -0.022310 0.302171 0.999784 -0.018922 0.008637 0.995167 -0.012849 -0.097356 0.968292 0.248948 0.020875 0.477931 -0.324175 0.816390 
						0.399198 -0.575785 0.713521 0.735574 -0.258559 0.626162 0.645455 -0.516633 0.562564 0.946030 -0.164406 0.279280 0.995179 -0.097388 -0.011597 0.878816 -0.377987 0.291219 0.970931 -0.238811 0.016175 0.979582 0.185802 -0.076787 0.980128 0.174082 -0.095098 0.974720 0.203227 -0.092839 0.970971 0.212567 -0.109686 0.993809 0.021272 -0.109043 0.992125 -0.071568 -0.102789 0.984848 -0.149696 -0.087559 0.994132 0.064182 -0.087071 0.991455 0.095495 -0.088873 0.987334 0.100073 -0.123115 0.252302 0.773723 0.581116 -0.028810 0.825918 0.563054 -0.284409 0.916861 0.280137 0.633150 0.743568 0.215007 0.899244 0.006440 0.437399 0.012269 0.618930 0.785351 0.252302 0.773723 0.581116 0.012269 0.618930 0.785351 0.594451 0.754830 0.277236 0.342151 0.701454 0.625216 0.994498 -0.095037 0.044070 0.989481 -0.034303 -0.140539 0.993820 -0.039675 -0.103673 0.993861 -0.041598 -0.102514 0.995465 -0.028962 -0.090611 0.988925 -0.106025 -0.103858 0.953930 -0.242137 0.177162 0.949627 -0.280194 -0.140357 0.979418 -0.149177 -0.135962 0.948452 -0.271257 -0.163889 -0.563270 0.337639 0.754140 -0.866293 0.390313 0.311756 -0.856164 0.493287 0.153788 -0.249280 0.951249 0.181619 0.650551 0.747725 0.133004 -0.190227 0.956353 0.221814 0.638560 0.749254 0.175670 -0.176769 0.927214 0.330191 0.576015 0.781591 0.239421 -0.167367 0.872268 0.459496 0.432184 0.818986 0.377463 -0.050784 0.824928 0.562953 0.281330 0.797448 0.533789 0.041568 0.838956 0.542610 0.251598 0.813604 0.524163 -0.378411 0.723403 0.577489 -0.153513 0.802143 0.577062 -0.530158 0.638258 0.558175 -0.256390 0.801064 0.540889 -0.542790 0.529575 0.651866 -0.320784 0.743105 0.587275 -0.363457 0.392939 0.844688 -0.291643 0.574741 0.764602 -0.575898 0.702584 0.417992 -0.717381 0.652772 0.243420 -0.771325 0.618909 0.148356 -0.594303 -0.206891 0.777175 
						-0.631993 -0.093358 0.769330 -0.994799 -0.035097 0.095616 -0.989206 0.028749 0.143683 -0.717844 -0.209271 0.664008 -0.988119 -0.140419 0.062473 -0.362660 -0.721200 0.590211 -0.872846 -0.486016 0.043917 0.777662 -0.598941 0.191081 -0.657291 -0.057864 0.751412 -0.968882 0.113652 0.219888 0.724950 -0.259992 0.637849 0.573212 -0.206188 0.793042 -0.685372 -0.079625 0.723826 -0.486257 -0.182014 0.854649 -0.998094 0.049563 0.036775 -0.989895 0.132027 0.051730 -0.998509 -0.053438 0.011109 -0.486257 -0.182014 0.854649 -0.966540 0.179483 0.183267 -0.668713 0.727157 0.155131 0.431486 0.897551 0.090674 0.995750 -0.088506 0.025453 0.999130 0.015107 0.038881 0.998337 0.056979 0.008728 0.999690 -0.012086 -0.021791 -0.802242 0.001526 0.596997 0.507356 -0.068608 0.859001 0.630649 -0.265792 0.729134 -0.697116 -0.270124 0.664125 -0.771987 0.016908 0.635413 0.538329 -0.094243 0.837448 -0.015717 0.288894 0.957232 -0.014069 0.597261 0.801923 0.368950 0.227126 0.901271 0.359278 0.529791 0.768272 0.633434 0.273547 0.723833 0.602814 0.502894 0.619446 0.387138 0.756818 0.526641 0.526118 0.687411 0.500665 0.473477 0.736127 0.483671 0.592566 0.624398 0.508912 0.568640 0.664563 0.484772 0.706952 0.472868 0.525941 0.766137 0.587413 0.260730 0.934717 0.349386 0.065067 0.968828 0.239666 0.062717 0.972707 0.219494 0.075260 0.986590 0.162361 -0.016694 0.997845 0.038027 -0.053469 0.948786 0.306781 0.075444 0.995807 0.080754 -0.042971 0.861432 0.360065 0.358172 0.875080 0.405083 0.264846 0.882985 0.202160 0.423638 0.726395 0.031923 0.686536 -0.967330 0.236797 0.090550 -0.981948 0.183053 0.047640 -0.945640 0.315386 0.079350 -0.906749 0.394366 0.149268 -0.970980 0.219337 0.095340 -0.949842 0.238658 0.202097 -0.821399 0.476652 0.313220 -0.995707 0.087467 0.030275 -0.999837 -0.007019 0.016633 
						-0.759204 0.490938 0.427304 -0.793231 0.399133 0.459867 -0.745457 0.303694 0.593350 -0.486780 0.189859 0.852642 -0.042787 0.139104 0.989353 0.383748 0.050143 0.922076 0.019746 0.900795 0.433795 0.041568 0.838956 0.542610 -0.153513 0.802143 0.577062 -0.256390 0.801064 0.540889 0.397601 0.796759 0.455069 -0.040347 0.848748 0.527256 -0.014069 0.597261 0.801923 0.359278 0.529791 0.768272 0.251598 0.813604 0.524163 0.326371 0.862163 0.387500 0.473477 0.736127 0.483671 0.387138 0.756818 0.526641 0.602814 0.502894 0.619446 0.568640 0.664563 0.484772 -0.320784 0.743105 0.587275 -0.291643 0.574741 0.764602 -0.924037 0.239455 0.298022 -0.891949 0.219828 0.395099 -0.794272 0.150248 0.588692 -0.991647 0.105290 0.074496 -0.997507 0.016297 0.068667 -0.981353 0.110908 0.156992 -0.991285 0.019898 0.130224 -0.960425 0.119573 0.251566 -0.976072 0.009614 0.217237 -0.943132 -0.324510 -0.072086 -0.977686 -0.207379 -0.033541 -0.984002 -0.163217 0.071415 -0.975983 -0.182354 0.119179 -0.953326 -0.224224 0.202220 -0.922094 0.101353 0.373458 -0.929704 -0.025575 0.367419 -0.887826 -0.286145 0.360398 -0.500230 0.013825 0.865782 -0.799021 0.032320 0.600433 -0.783429 -0.114661 0.610812 -0.742247 -0.337904 0.578697 -0.054201 -0.074222 0.995768 0.384540 -0.152199 0.910475 0.989117 0.116155 0.090305 -0.463986 -0.212018 0.860096 -0.495105 -0.093082 0.863832 -0.427185 -0.389035 0.816189 0.975041 0.088718 0.203529 0.940889 -0.010438 0.338554 -0.685372 -0.079625 0.723826 -0.994007 0.086033 0.067447 -0.944045 0.328079 0.033815 -0.980766 0.194621 -0.014863 -0.964983 0.259504 -0.038271 -0.867808 0.494286 0.050906 0.765790 -0.148263 0.625767 0.957330 0.253432 0.138893 0.954193 0.246689 0.169292 0.962569 0.222209 0.155189 0.967511 0.225565 0.114202 0.957959 0.262677 0.115392 0.647773 0.697764 0.305804 
						0.125588 0.762929 0.634167 -0.392384 0.853466 0.342973 0.532781 0.789115 0.305684 -0.262806 0.826933 0.497106 0.467400 0.741156 0.481897 -0.103002 0.696538 0.710088 0.431785 0.581086 0.689856 0.004975 0.657361 0.753559 0.492646 0.541202 0.681470 0.342151 0.701454 0.625216 0.621395 0.217874 0.752595 -0.533909 0.339957 0.774190 0.550074 0.064151 0.832649 -0.727766 0.105567 0.677653 0.952342 0.037019 0.302778 0.964608 0.088505 0.248392 0.992822 0.104925 0.057407 0.993581 0.090245 0.068210 -0.746567 -0.331594 0.576787 0.485040 -0.327775 0.810740 0.350820 -0.712139 0.608098 -0.566896 -0.710764 0.416466 -0.566896 -0.710764 0.416466 0.350820 -0.712139 0.608098 0.206643 -0.876103 0.435595 -0.137642 -0.907494 0.396874 -0.635531 0.766794 0.090154 0.418202 0.897473 0.140174 -0.488243 0.854441 0.177621 0.388083 0.883868 0.261092 -0.310411 0.849229 0.427148 0.304616 0.835077 0.458099 -0.152627 0.784436 0.601137 0.210674 0.752847 0.623568 -0.067325 0.837902 0.541653 0.198590 0.779893 0.593572 -0.771987 0.016908 0.635413 -0.802242 0.001526 0.596997 -0.997975 -0.054263 -0.033174 -0.999451 0.032992 0.002930 0.993573 -0.112798 0.009430 0.986860 -0.161567 -0.001679 0.961345 -0.273907 -0.028108 -0.055392 -0.180703 0.981977 -0.048953 -0.276689 0.959712 -0.034853 -0.436032 0.899256 0.382889 -0.463550 0.799073 0.390373 -0.333150 0.858266 0.392934 -0.248914 0.885237 0.778362 -0.236860 0.581421 0.781506 -0.315203 0.538420 0.766681 -0.408839 0.495026 0.950404 -0.116340 0.288439 0.945489 -0.197582 0.258865 0.924099 -0.289233 0.249771 0.988714 -0.043947 0.143224 0.985427 -0.122290 0.118231 0.999350 -0.008759 0.034975 0.974669 -0.187634 0.121712 0.997582 -0.065952 0.021913 0.993076 -0.113926 0.028657 0.997873 0.004852 -0.065005 0.997592 -0.021912 -0.065798 0.996870 -0.054965 -0.056826 
						0.997672 -0.006897 -0.067844 0.997456 -0.018372 -0.068882 0.996165 -0.045076 -0.074985 0.998142 -0.047609 -0.038026 0.996603 -0.065952 -0.049319 0.989928 -0.121406 -0.072819 0.824476 -0.563598 -0.050967 0.540613 -0.692689 0.477408 -0.329668 -0.826458 0.456383 0.905415 -0.399131 -0.144631 0.198590 0.779893 0.593572 -0.067325 0.837902 0.541653 -0.089757 0.899978 0.426596 0.275863 0.861647 0.425986 -0.078587 0.836287 0.542631 0.298941 0.786587 0.540292 0.015870 0.624084 0.781196 0.303787 0.583585 0.753088 -0.931263 0.353473 0.088353 -0.742102 0.619477 0.255994 -0.402335 0.748119 0.527678 -0.775214 0.508447 0.374865 -0.764715 0.511987 0.391254 -0.441983 0.759232 0.477721 -0.557737 0.679447 0.476739 -0.199166 0.857273 0.474781 -0.481870 0.728528 0.486876 -0.250900 0.835592 0.488708 -0.477659 0.645791 0.595647 -0.260697 0.780962 0.567570 -0.311449 0.507993 0.803083 -0.224285 0.665775 0.711645 0.026887 0.452476 0.891371 0.015870 0.624084 0.781196 0.295791 0.401448 0.866803 0.303787 0.583585 0.753088 0.580600 0.315967 0.750379 0.484584 0.533232 0.693427 -0.199166 0.857273 0.474781 -0.250900 0.835592 0.488708 -0.260697 0.780962 0.567570 -0.224285 0.665775 0.711645 -0.497097 -0.857498 0.132636 -0.524135 -0.835216 -0.166421 -0.632848 -0.718851 -0.287675 -0.703870 -0.692548 -0.157938 -0.718388 -0.693240 0.057773 -0.654545 -0.719367 0.232556 -0.540654 -0.760364 0.359917 -0.423481 -0.791692 0.440327 -0.302354 -0.796978 0.522885 -0.160346 -0.803439 0.573388 -0.021577 -0.811808 0.583525 -0.991523 0.123540 -0.040254 -0.996641 0.061497 -0.054080 -0.697116 -0.270124 0.664125 -0.955926 -0.288469 -0.054691 -0.329668 -0.826458 0.456383 -0.774930 -0.626298 -0.085059 -0.879828 -0.452045 -0.146826 -0.985780 -0.147745 -0.080053 -0.983632 0.172921 -0.050662 -0.992886 0.109351 -0.047122 -0.997762 -0.036257 -0.056186 
						-0.978587 0.204568 0.022798 -0.992979 0.118141 0.005890 -0.999859 -0.014252 0.008850 -0.945574 -0.302689 -0.119452 -0.974391 -0.224500 -0.012727 0.621395 0.217874 0.752595 0.961839 0.193155 0.193796 0.970578 0.227370 0.079259 0.948221 0.309431 0.071628 0.890955 0.428127 0.151346 0.775696 0.552054 0.305829 0.593421 0.633066 0.497071 0.527101 0.674632 0.516755 0.380240 0.758099 0.529815 0.540132 0.679972 0.495879 0.474549 0.714647 0.513889 0.761066 0.498140 0.415493 0.530665 0.631744 0.565060 0.768297 0.356650 0.531527 0.474549 0.714647 0.513889 0.380240 0.758099 0.529815 0.530665 0.631744 0.565060 0.484584 0.533232 0.693427 0.988459 0.151193 -0.009491 0.992895 0.110050 -0.045259 0.977097 -0.210032 -0.034181 -0.771920 0.457177 0.441734 -0.714066 0.323019 0.621103 -0.393945 0.276140 0.876672 -0.003815 0.301373 0.953499 0.307723 0.246166 0.919080 0.647102 0.102545 0.755476 0.898905 0.095402 0.427631 0.964603 0.146616 0.219192 0.976875 0.184578 0.107914 0.866111 0.436947 0.242752 0.550074 0.064151 0.832649 0.972410 0.232863 0.013886 0.937817 0.328628 0.111821 0.898476 0.397539 0.186287 0.980486 0.192301 0.040835 0.986983 0.160194 -0.014252 0.990540 0.122597 -0.061649 0.483551 -0.163463 0.859918 -0.816879 -0.146157 0.557984 -0.845110 0.450434 0.287919 0.483551 -0.163463 0.859918 -0.951185 0.252941 0.176827 -0.911725 0.280409 0.300215 -0.901323 0.251722 0.352496 -0.889264 0.167275 0.425710 -0.783734 0.065067 0.617679 -0.986380 0.098424 0.131782 -0.992314 -0.061312 0.107487 -0.965648 0.073581 0.249217 -0.971160 -0.113349 0.209760 -0.944658 0.029726 0.326707 -0.906583 -0.050693 0.418972 -0.778278 -0.156748 0.608040 -0.480424 -0.015931 0.876892 -0.052187 -0.019532 0.998446 0.298262 -0.048891 0.953231 0.677920 -0.104314 0.727697 0.910610 -0.079839 0.405482 
						0.980674 -0.024293 0.194133 0.997897 0.034517 0.054872 0.998032 0.059481 -0.019868 0.832802 -0.551112 -0.052126 0.828269 -0.559728 0.026003 0.803813 -0.594726 -0.013612 0.467606 -0.878570 -0.097263 0.476401 -0.878367 0.038912 0.487577 -0.869343 0.080693 0.491232 -0.871008 -0.005982 0.801888 -0.588773 -0.101598 0.823103 -0.555572 -0.117652 0.453548 -0.889578 -0.054263 0.986075 -0.166269 -0.003327 0.998817 -0.048586 0.002014 0.999602 -0.001801 0.028139 0.993720 -0.111149 0.012879 0.553711 -0.832504 -0.018464 0.889145 -0.448510 -0.090886 0.930669 -0.360335 -0.063357 0.595216 -0.795391 -0.114325 0.857438 -0.504574 -0.101019 0.571711 -0.817083 -0.074314 0.938671 -0.272809 0.210886 0.956246 -0.043245 0.289349 0.995643 0.027742 0.089023 0.990442 -0.136269 0.021363 0.485040 -0.327775 0.810740 0.350820 -0.712139 0.608098 0.998714 0.033113 -0.038393 0.996987 0.034273 -0.069583 0.994852 -0.096592 -0.030641 0.994054 -0.085849 -0.066988 0.993004 -0.080845 -0.086064 0.997048 0.037904 -0.066775 0.995467 -0.080631 -0.050448 0.993413 -0.102604 0.051027 0.962719 -0.162818 0.216013 0.873585 -0.237806 0.424615 0.620761 -0.314165 0.718301 0.233322 -0.352837 0.906127 -0.117926 -0.336382 0.934313 -0.174877 -0.569527 0.803155 0.177319 -0.578895 0.795889 -0.167976 -0.752350 0.636988 0.098942 -0.764164 0.637388 0.544257 -0.524541 0.654707 -0.488188 -0.258896 0.833454 -0.941866 -0.168316 0.290791 -0.882133 -0.245681 0.401849 -0.729744 -0.375080 0.571654 -0.476223 -0.491635 0.729045 -0.961041 -0.260876 0.091343 -0.930766 -0.321181 0.174690 -0.888079 -0.382223 0.255385 -0.805104 -0.476684 0.352958 -0.655851 -0.587458 0.474080 -0.429686 -0.694779 0.576760 0.442990 -0.713912 0.542301 0.811074 -0.418019 0.409169 0.920321 -0.329094 0.211440 0.963565 -0.260934 0.058779 0.974270 -0.219678 -0.050387 0.975254 -0.201210 -0.091617 
						0.718879 -0.610170 0.333025 0.826058 -0.539118 0.164253 0.877655 -0.477054 0.046268 0.107700 -0.981632 0.157476 -0.152503 -0.970228 0.188149 -0.159128 -0.984310 0.076237 0.130131 -0.989474 0.063296 -0.042270 -0.867762 -0.495179 -0.135930 -0.872193 -0.469896 -0.057193 -0.945423 -0.320787 0.000824 -0.940508 -0.339770 0.156594 -0.971943 -0.175516 0.015717 -0.987649 -0.155890 0.076237 -0.995415 0.057773 0.191723 -0.981107 0.025911 -0.004029 -0.982289 -0.187327 0.087681 -0.974750 -0.205363 -0.124120 -0.980297 -0.153663 -0.022676 -0.996637 0.078740 -0.123051 -0.973392 -0.193305 -0.179453 -0.929859 -0.321184 0.277055 -0.959897 0.042880 0.233864 -0.952210 -0.196479 0.146094 -0.960248 -0.237865 0.064274 -0.930449 -0.360741 0.943842 -0.313770 -0.103491 0.901927 -0.425373 -0.074741 0.715645 -0.649968 -0.255721 0.624852 -0.753308 -0.205151 0.306109 -0.881675 -0.359091 0.289322 -0.921040 -0.260726 0.777584 -0.628684 -0.010956 0.506287 -0.844900 -0.172679 0.303973 -0.929253 -0.209973 0.500418 -0.823186 0.268230 0.395341 -0.909278 0.130071 0.311963 -0.947365 0.071963 0.968218 -0.227062 -0.104864 0.903137 -0.425627 -0.056431 0.886910 -0.436085 -0.152381 0.834280 -0.505128 -0.220961 -0.158854 -0.876517 0.454403 0.071599 -0.884270 0.461454 -0.153755 -0.938890 0.307968 0.065921 -0.954179 0.291884 -0.165564 -0.985879 -0.025117 0.098331 -0.995153 0.001495 -0.171211 -0.972730 -0.156471 0.053043 -0.988950 -0.138436 -0.162636 -0.918869 -0.359484 -0.006104 -0.922068 -0.386980 0.330254 -0.863281 0.381680 0.254408 -0.938863 0.231977 0.506533 -0.831383 0.228530 0.550319 -0.828164 0.106267 0.611820 -0.789900 0.041659 0.651219 -0.755167 -0.075077 0.593475 -0.761849 -0.259565 0.443170 -0.812056 -0.379690 0.088811 -0.882918 -0.461052 0.214246 -0.915031 -0.341786 0.298323 -0.951582 -0.074131 0.323623 -0.945173 0.043764 0.317524 -0.946162 0.062900 
						0.303850 -0.942649 0.138161 -0.319997 -0.870415 -0.374138 -0.864900 -0.496112 -0.076297 -0.871508 -0.486996 0.057529 -0.837251 -0.528981 0.138525 -0.375723 -0.820268 0.431269 -0.395561 -0.917412 -0.043429 -0.402482 -0.894567 -0.194313 -0.654721 -0.752016 0.076236 -0.678256 -0.734228 -0.029634 -0.624770 -0.751152 -0.213150 -0.779434 -0.592595 -0.203259 -0.462123 -0.839006 -0.287248 -0.671893 -0.708974 -0.214279 -0.352558 -0.910784 -0.214886 -0.557438 -0.814778 -0.159373 -0.345112 -0.922965 -0.170389 -0.316550 -0.925417 0.208327 -0.220687 -0.965334 0.139383 -0.788878 -0.580497 0.201729 -0.690503 -0.664531 0.285662 -0.560327 -0.741243 0.369584 -0.341606 -0.886962 0.310812 -0.339407 -0.919398 0.198773 -0.357049 -0.925843 0.123818 -0.381035 -0.923334 0.047610 -0.618600 -0.773151 0.139901 -0.558596 -0.804064 0.203595 -0.481599 -0.831628 0.276507 -0.879400 0.421496 0.221353 -0.967011 0.234695 0.099036 -0.997472 0.070681 -0.007386 -0.997304 -0.067539 -0.028688 -0.946490 -0.319383 -0.046389 0.957959 0.262677 0.115392 0.917055 0.347546 0.195502 0.837787 0.390282 0.381828 0.720611 0.366989 0.588251 0.671546 0.353749 0.651067 0.655527 0.440213 0.613593 0.699401 0.330794 0.633572 0.712174 0.353844 0.606302 0.765397 0.095984 0.636361 0.640682 0.031679 0.767152 0.617493 0.341021 0.708807 0.354638 0.383814 0.852595 0.341754 0.026674 0.939411 0.000122 0.468257 0.883593 -0.114079 0.091648 0.989235 -0.731677 0.549353 0.403561 -0.531467 0.553593 0.641154 -0.395434 0.527703 0.751773 -0.503904 0.503599 0.701761 -0.250777 0.614018 0.748394 -0.602392 0.372977 0.705700 -0.341572 0.569460 0.747693 -0.502164 0.218609 0.836685 -0.345788 0.457795 0.819057 0.492646 0.541202 0.681470 0.004975 0.657361 0.753559 0.136268 0.773781 0.618622 0.435727 0.709487 0.553868 0.444246 0.637986 0.628983 0.026918 0.696181 0.717361 
						0.000122 0.468257 0.883593 0.354638 0.383814 0.852595 0.051394 0.680514 0.730931 0.460929 0.608274 0.646179 -0.250777 0.614018 0.748394 -0.341572 0.569460 0.747693 -0.345788 0.457795 0.819057 0.655527 0.440213 0.613593 0.712174 0.353844 0.606302 0.617493 0.341021 0.708807 0.999602 -0.001801 0.028139 0.993922 0.041354 0.102026 0.971479 0.077152 0.224223 0.910011 0.099186 0.402544 0.813386 0.122472 0.568686 0.963969 -0.264141 0.031526 0.930669 -0.360335 -0.063357 0.964468 -0.224652 0.139045 0.931117 -0.229872 0.283159 0.860769 -0.230360 0.453884 0.763902 -0.223525 0.605384 0.614208 -0.240586 0.751576 0.306417 -0.256609 0.916657 -0.175178 -0.216958 0.960334 -0.616401 -0.106269 0.780229 -0.887755 0.359643 0.287312 -0.976832 0.149575 0.153054 -0.996452 -0.043581 0.071995 -0.742843 0.412226 0.527498 -0.879720 0.250777 0.403984 -0.963180 -0.002777 0.268842 -0.733680 0.331072 0.593384 -0.806838 0.012543 0.590640 -0.896965 0.017152 0.441768 0.595216 -0.795391 -0.114325 0.733376 -0.673925 -0.089360 0.806921 -0.585659 0.076694 0.790912 -0.564855 0.235366 0.736462 -0.557833 0.382682 -0.945565 -0.324079 0.029664 -0.918323 -0.357441 0.170053 -0.870865 -0.390707 0.298233 -0.786789 -0.436671 0.436213 -0.594698 -0.493985 0.634282 -0.194373 -0.560017 0.805357 0.259107 -0.568266 0.780984 0.543486 -0.545074 0.638371 0.671361 -0.542448 0.505001 0.003327 -0.986585 0.163215 -0.312182 -0.937432 0.154153 -0.331958 -0.943167 -0.015473 -0.038027 -0.999106 -0.018495 -0.072391 -0.949908 -0.304031 -0.335529 -0.899251 -0.280655 -0.304309 -0.934137 -0.186504 -0.072360 -0.973400 -0.217386 -0.290969 -0.918380 0.268171 -0.547549 -0.836751 -0.006226 -0.189159 -0.963800 0.187907 -0.304309 -0.934137 -0.186504 -0.043733 -0.985023 0.166785 -0.072360 -0.973400 -0.217386 0.182323 -0.977780 0.103461 0.179240 -0.970361 -0.162088 
						0.183301 -0.766165 0.615947 -0.159827 -0.775725 0.610497 -0.216259 -0.890121 0.401144 0.100317 -0.901175 0.421686 -0.279310 -0.923382 0.263348 0.049411 -0.957092 0.285541 0.272444 -0.938494 -0.212139 0.366078 -0.930500 0.012513 0.427174 -0.885325 0.183633 0.441069 -0.841302 0.312520 0.179240 -0.970361 -0.162088 -0.682783 -0.709915 -0.172710 -0.547549 -0.836751 -0.006226 -0.698361 -0.715727 -0.005188 -0.662019 -0.736210 0.140449 -0.616608 -0.752082 0.232739 -0.546937 -0.755261 0.361165 0.433187 -0.793709 0.427053 -0.446925 -0.738293 0.505156 0.416373 -0.742349 0.524930 0.500418 -0.823186 0.268230 0.307668 -0.844203 0.438933 0.395341 -0.909278 0.130071 0.286364 -0.841910 0.457365 -0.026125 -0.863735 0.503268 -0.316550 -0.925417 0.208327 -0.329668 -0.826458 0.456383 -0.004853 -0.828649 0.559747 0.311963 -0.947365 0.071963 0.264542 -0.860372 0.435634 0.277055 -0.959897 0.042880 0.237074 -0.883106 0.404869 0.191723 -0.981107 0.025911 0.188731 -0.905107 0.381001 0.131417 -0.912957 0.386315 0.076237 -0.995415 0.057773 -0.022676 -0.996637 0.078740 0.085912 -0.902791 0.421411 -0.220687 -0.965334 0.139383 -0.035647 -0.889190 0.456147 0.540613 -0.692689 0.477408 0.239578 -0.809379 0.536198 0.007111 -0.896228 0.443536 -0.219400 -0.903634 0.367844 -0.362660 -0.721200 0.590211 0.369287 -0.620768 0.691574 0.221690 -0.883402 0.412861 0.022218 -0.929982 0.366933 -0.015839 -0.903856 0.427543 0.085301 -0.877243 0.472406 0.271043 -0.780291 0.563633 0.086920 -0.927368 0.363915 0.035524 -0.703250 0.710055 0.022859 -0.899494 0.436334 -0.280104 -0.763403 0.582029 0.430658 -0.755262 0.494077 0.304370 -0.834767 0.458829 0.221690 -0.883402 0.412861 0.369287 -0.620768 0.691574 0.118780 -0.811809 0.571715 0.280592 -0.789558 0.545772 0.498866 -0.749611 0.434989 0.716555 -0.656096 0.236827 0.738535 -0.655858 -0.156258 
						0.140418 -0.966810 0.213450 0.062289 -0.968095 0.242718 0.012085 -0.996528 0.082370 0.200693 -0.979081 0.033510 0.163734 -0.877999 -0.449788 -0.086216 -0.886727 -0.454183 -0.113073 -0.923169 -0.367388 0.076146 -0.937221 -0.340322 0.066715 -0.979233 -0.191446 -0.079594 -0.982713 -0.167153 -0.020692 -0.992324 0.121923 0.177042 -0.976920 0.119513 0.972263 -0.229446 -0.045383 0.960440 -0.254469 -0.113135 0.176185 -0.981640 0.073093 -0.203378 -0.973159 0.107701 -0.192668 -0.980523 -0.038119 0.161509 -0.984317 -0.070958 0.144417 -0.943224 -0.299118 -0.186685 -0.936631 -0.296432 -0.161139 -0.942574 -0.292554 0.119573 -0.954172 -0.274334 0.148413 -0.988689 -0.021638 -0.076084 -0.997029 -0.012025 0.052707 -0.934360 0.352411 0.200755 -0.915268 0.349260 -0.035189 -0.638316 0.768970 0.350906 -0.620388 0.701415 0.713179 -0.528017 0.461057 0.881807 -0.407730 0.237008 0.928753 -0.347641 0.128698 0.961744 -0.270856 0.041048 -0.090733 -0.816233 0.570554 0.279649 -0.789994 0.545625 0.471009 -0.825708 0.310415 0.200755 -0.915268 0.349260 0.052707 -0.934360 0.352411 0.031526 -0.906876 0.420218 -0.072055 -0.934970 0.347333 0.472566 -0.879271 -0.059696 0.471009 -0.825708 0.310415 0.571169 -0.778762 -0.259414 0.670081 -0.712686 -0.207531 0.695016 -0.718028 -0.037264 -0.164316 -0.920922 0.353415 0.214487 -0.916515 0.337631 -0.196573 -0.961471 0.192178 0.190287 -0.967672 0.165536 0.698757 -0.712735 0.061221 -0.072055 -0.934970 0.347333 -0.271740 -0.962231 -0.016389 -0.219400 -0.903634 0.367844 -0.526874 -0.849914 0.007141 -0.368432 -0.890163 -0.268083 -0.680545 -0.702855 -0.207011 -0.796408 -0.588723 -0.138345 -0.456480 -0.857811 -0.236190 -0.842396 -0.536256 0.052890 -0.824178 -0.547366 0.145334 -0.790841 -0.573332 0.214152 -0.717633 -0.607092 0.341237 -0.512570 -0.858597 0.009095 -0.526915 -0.838181 0.140755 -0.506489 -0.834932 0.215310 
						-0.466179 -0.818796 0.335038 0.662299 -0.733592 0.152322 0.647710 -0.707497 0.282700 0.608672 -0.665346 0.432241 -0.376731 -0.767866 0.518127 -0.592711 -0.595854 0.541896 -0.361378 -0.585328 0.725808 -0.170294 -0.978429 0.116948 -0.098638 -0.875843 0.472408 0.048434 -0.873064 0.485195 0.260910 -0.837969 0.479306 0.430658 -0.755262 0.494077 0.435725 -0.890371 0.131844 -0.020417 -0.887595 0.460171 -0.098638 -0.875843 0.472408 0.067174 -0.896423 0.438079 0.048434 -0.873064 0.485195 0.200601 -0.882579 0.425221 0.260910 -0.837969 0.479306 -0.211376 -0.963887 -0.161996 -0.250194 -0.892283 -0.375811 0.366627 -0.908800 -0.199168 0.356897 -0.883606 -0.303091 0.748814 -0.613218 -0.251477 0.818931 -0.512515 -0.258226 0.458798 -0.808765 -0.367973 0.894274 -0.417289 -0.161691 0.899374 -0.429315 -0.082555 0.845628 -0.533233 0.023988 -0.026582 -0.978954 -0.202340 0.231151 -0.937544 -0.259961 0.559634 -0.791429 -0.245864 -0.296494 -0.883623 -0.362355 -0.306530 -0.949438 -0.067874 0.563113 -0.825092 -0.046115 0.469819 -0.879393 0.077062 0.361804 -0.916397 0.171212 0.010437 -0.935608 0.352886 0.089147 -0.940518 0.327840 0.074374 -0.976632 0.201638 0.074071 -0.980957 0.179546 0.244945 -0.921856 0.300306 -0.286211 -0.950069 0.124306 -0.205273 -0.948542 0.241103 -0.155924 -0.942993 0.294025 -0.093541 -0.927143 0.362843 0.060794 -0.993463 -0.096624 -0.152535 -0.986257 -0.063480 -0.175637 -0.950696 0.255596 -0.009736 -0.949380 0.313978 0.051303 -0.998137 -0.033022 -0.182229 -0.921125 0.343980 -0.089238 -0.921953 0.376881 0.368459 -0.873003 0.319537 0.086095 -0.913960 0.396567 0.090122 -0.968326 0.232857 0.391957 -0.903854 0.171517 0.084477 -0.996332 0.013673 0.377770 -0.925504 -0.027071 0.082431 -0.986910 -0.138615 0.358176 -0.918178 -0.169291 0.068484 -0.957498 -0.280193 0.203409 -0.948132 -0.244274 0.060794 -0.993463 -0.096624 
						0.051303 -0.998137 -0.033022 -0.183879 -0.899495 0.396354 -0.216506 -0.948028 0.233169 -0.201426 -0.977281 0.065952 -0.174784 -0.979486 -0.100286 -0.159402 -0.958881 -0.234814 -0.152535 -0.986257 -0.063480 0.640576 -0.767721 0.016328 -0.161172 -0.940999 -0.297563 -0.089634 -0.995740 -0.021607 0.071994 -0.996779 -0.035341 0.067507 -0.997289 0.029298 -0.108220 -0.992593 0.055208 -0.065159 -0.990380 -0.122077 -0.070529 -0.992136 -0.103398 -0.079441 -0.979808 -0.183479 -0.015687 -0.976048 -0.216988 -0.186958 -0.968148 -0.166541 -0.229776 -0.973243 -0.001221 -0.285719 -0.952652 0.104009 -0.325644 -0.924806 0.196699 -0.329145 -0.923286 0.198006 -0.187449 -0.950397 -0.248212 -0.196694 -0.964365 -0.176948 -0.203014 -0.969933 -0.134224 -0.224741 -0.971506 -0.075290 -0.256821 -0.966458 -0.001556 -0.290270 -0.952205 0.095129 -0.061800 -0.953649 -0.294506 0.077670 -0.949892 -0.302775 -0.061800 -0.953649 -0.294506 0.064181 -0.987429 -0.144445 -0.065188 -0.987439 -0.143927 0.068209 -0.991613 -0.109776 -0.067600 -0.991201 -0.113806 0.071842 -0.992692 -0.096959 -0.078251 -0.993183 -0.086400 -0.065188 -0.987439 -0.143927 -0.067600 -0.991201 -0.113806 -0.078251 -0.993183 -0.086400 -0.089634 -0.995740 -0.021607 -0.108220 -0.992593 0.055208 0.180091 -0.938239 -0.295422 0.224623 -0.957944 -0.178569 0.228408 -0.968355 -0.100592 0.243329 -0.967609 -0.067264 0.252516 -0.967399 -0.019349 0.246743 -0.968113 0.043306 -0.088169 -0.968885 0.231273 0.033479 -0.971205 0.235881 -0.013337 -0.991486 0.129525 -0.058567 -0.987880 0.143746 0.149026 -0.971185 0.185985 0.078435 -0.994258 0.072789 -0.108192 -0.979525 0.169780 -0.088169 -0.968885 0.231273 0.220348 -0.963154 0.154213 0.058749 -0.985126 0.161477 -0.108192 -0.979525 0.169780 -0.058567 -0.987880 0.143746 -0.067660 -0.997659 0.009949 0.053927 -0.997419 -0.047396 -0.058383 -0.998073 -0.021028 -0.065159 -0.990380 -0.122077 
						-0.015687 -0.976048 -0.216988 0.045138 -0.952378 -0.301559 0.095646 -0.955577 -0.278790 -0.067660 -0.997659 0.009949 0.041536 -0.990924 -0.127844 0.006958 -0.974209 -0.225538 0.008820 -0.963822 -0.266401 -0.079655 -0.958390 -0.274122 0.045138 -0.952378 -0.301559 0.093908 -0.981593 -0.166300 0.095646 -0.955577 -0.278790 -0.042818 -0.974613 -0.219765 0.033571 -0.981338 -0.189340 0.056002 -0.991864 -0.114324 -0.005982 -0.988852 -0.148781 0.093908 -0.981593 -0.166300 0.093939 -0.995542 0.008484 0.029634 -0.997909 -0.057437 0.051973 -0.997714 -0.043184 0.051973 -0.997714 -0.043184 0.135476 -0.982450 0.128212 0.060946 -0.995150 0.077212 0.156289 -0.981105 0.114051 0.070957 -0.988918 0.130409 0.159554 -0.960104 0.229657 0.133279 -0.936708 0.323752 0.035433 -0.988097 0.149698 0.156959 -0.981671 0.108098 0.102149 -0.975465 0.195020 -0.269181 -0.960660 0.068364 -0.300496 -0.944766 0.130838 0.025972 -0.998474 0.048740 0.025972 -0.998474 0.048740 0.056917 -0.996248 0.065188 -0.107731 -0.994086 0.013672 0.161507 -0.971484 0.173593 0.128456 -0.981473 0.142159 0.056917 -0.996248 0.065188 0.115759 -0.976126 0.183787 0.089818 -0.980036 0.177378 0.014619 -0.998498 0.052798 0.011933 -0.957646 0.287700 0.039492 -0.977256 0.208355 0.042330 -0.984855 0.168130 -0.277844 -0.936993 0.211771 -0.171549 -0.949578 0.262436 -0.102941 -0.959493 0.262252 -0.059634 -0.961158 0.269481 -0.017579 -0.989150 0.145850 -0.075809 -0.987805 0.135992 -0.147163 -0.981251 0.124457 -0.086919 -0.977165 0.193889 -0.054293 -0.980268 0.190072 -0.151220 -0.972600 0.176581 0.128456 -0.981473 0.142159 0.161507 -0.971484 0.173593 0.107246 -0.951111 0.289631 0.140600 -0.948008 0.285504 0.070042 -0.951469 0.299669 0.079533 -0.948561 0.306441 0.100898 -0.957307 0.270892 0.150397 -0.954752 0.256572 0.171118 -0.939030 0.298229 0.178138 -0.945565 0.272350 
						0.266524 -0.963216 0.034334 0.146307 -0.988992 -0.022126 0.205483 -0.898322 0.388322 0.066807 -0.879055 0.472016 0.083074 -0.917574 0.388790 0.259293 -0.885185 0.386284 0.230577 -0.855470 0.463687 0.196240 -0.905817 0.375481 0.278272 -0.891186 0.358263 0.133889 -0.947232 0.291247 -0.020875 -0.985034 0.171090 0.088658 -0.960927 0.262221 0.047366 -0.957486 0.284563 0.049655 -0.949265 0.310532 0.259995 -0.959866 0.105170 0.107030 -0.972635 0.206216 -0.033876 -0.965923 0.256603 -0.066348 -0.977330 0.201057 -0.127294 -0.927465 0.351576 -0.156534 -0.931115 0.329426 -0.120185 -0.948174 0.294145 -0.078069 -0.969845 0.230879 -0.004273 -0.987205 0.159402 0.198925 -0.836778 0.510130 0.143530 -0.928811 0.341628 0.056766 -0.874904 0.480958 0.086064 -0.847332 0.524043 0.091130 -0.911082 0.402026 0.166817 -0.847483 0.503930 0.149088 -0.850305 0.504732 0.126929 -0.850719 0.510065 0.083165 0.862503 0.499172 0.252302 0.773723 0.581116 -0.006165 0.989969 0.141149 -0.025911 0.991025 0.131142 
					</float_array>
					<technique_common>
						<accessor count="2211" offset="0" source="#meshId0-normals-array" stride="3">
							<param name="X" type="float" />
							<param name="Y" type="float" />
							<param name="Z" type="float" />
						</accessor>
					</technique_common>
				</source>
				<source id="meshId0-tangents" name="meshId0-tangents">
					<float_array id="meshId0-tangents-array" count="6633"> 
						-0.111234 -0.990692 0.078462 -0.037796 -0.995433 0.087663 -0.123567 -0.831169 0.542115 -0.317179 -0.816677 0.482116 -0.013101 -0.998438 -0.054322 0.021928 -0.998160 -0.056537 0.033947 -0.996459 0.076928 0.039645 -0.996405 -0.074869 0.084401 -0.995663 0.039126 0.056235 -0.994151 -0.092204 0.140355 -0.990101 0.000280 -0.454139 -0.826239 0.333297 -0.159804 -0.986524 0.035106 0.068119 -0.991535 -0.110536 0.207943 -0.977723 -0.028591 0.052509 -0.988581 -0.141248 0.216003 -0.972650 -0.085413 0.035022 -0.986958 -0.157119 0.188034 -0.971534 -0.144102 0.012675 -0.985155 -0.171199 0.165549 -0.968438 -0.186336 -0.005714 -0.982570 -0.185806 0.141242 -0.963326 -0.228153 -0.047552 -0.983908 -0.172234 0.073907 -0.965779 -0.248612 -0.170630 -0.985271 -0.011268 -0.108330 -0.987385 -0.115476 -0.086579 -0.986030 -0.142297 -0.157257 -0.984957 -0.071619 -0.052064 -0.971338 -0.231932 -0.117108 -0.990048 -0.078041 -0.066599 -0.975362 -0.210319 0.140631 -0.964889 -0.221836 0.190033 -0.976643 -0.100276 0.178685 -0.975397 -0.129125 0.132474 -0.966883 -0.218147 -0.542630 -0.821434 0.175494 -0.171660 -0.984541 -0.034814 -0.582239 -0.812455 0.030245 -0.119458 -0.987377 -0.104000 -0.036801 -0.987494 -0.153304 -0.590194 -0.799998 -0.108048 -0.517657 -0.807651 -0.282367 0.013196 -0.982649 -0.185007 0.061613 -0.978088 -0.198864 -0.371686 -0.793477 -0.481916 -0.161613 -0.779422 -0.605296 0.108299 -0.972666 -0.205405 0.009885 -0.738007 -0.674721 -0.007749 -0.981995 -0.188745 0.011034 -0.981104 -0.193164 0.005191 -0.985309 -0.170704 -0.009186 -0.985151 -0.171444 -0.019062 -0.988394 -0.150710 0.003936 -0.989309 -0.145784 -0.004534 -0.999906 0.012969 0.012813 -0.999868 0.010015 0.011574 -0.981143 -0.192935 -0.034634 -0.997752 -0.057365 0.034694 -0.980156 -0.195167 -0.038191 -0.996378 -0.075981 0.065704 -0.977940 -0.198284 -0.032185 -0.993857 -0.105888 0.098460 -0.975658 -0.195954 
						0.003614 -0.990340 -0.138615 0.122672 -0.974925 -0.185670 0.046998 -0.986167 -0.158951 0.126535 -0.976485 -0.174547 0.078315 -0.982647 -0.168142 0.149904 -0.975774 -0.159356 0.120094 -0.979220 -0.163417 0.188321 -0.972850 -0.134531 0.157817 -0.976650 -0.145770 0.215087 -0.972146 -0.093110 0.233085 -0.971661 -0.039329 0.241893 -0.970012 0.023761 -0.170041 -0.983927 0.054523 -0.154464 -0.982731 -0.101886 -0.146826 -0.981587 -0.122185 -0.136942 -0.980180 -0.143155 -0.124678 -0.979774 -0.156517 -0.111426 -0.979037 -0.170502 -0.023897 -0.984445 -0.174061 -0.020027 -0.983860 -0.177813 -0.045107 -0.982466 -0.180904 -0.040834 -0.983857 -0.174237 -0.079019 -0.980069 -0.182263 -0.074746 -0.979665 -0.186200 -0.079549 -0.980923 -0.177378 -0.000127 -0.988995 -0.147950 0.022475 -0.983546 -0.179256 0.014851 -0.987258 -0.158434 0.001656 -0.999566 -0.029417 -0.040918 -0.985766 -0.163070 -0.016811 -0.996146 -0.086087 -0.064880 -0.983367 -0.169644 -0.032984 -0.992143 -0.120681 -0.076910 -0.982560 -0.169296 -0.034531 -0.990274 -0.134777 -0.073624 -0.983445 -0.165577 -0.053653 -0.985083 -0.163503 -0.038007 -0.987401 -0.153603 -0.054392 -0.985883 -0.158356 -0.063278 -0.984861 -0.161385 -0.030581 -0.988881 -0.145529 -0.062785 -0.984613 -0.163078 -0.079190 -0.984898 -0.153961 -0.095894 -0.984304 -0.148152 -0.117171 -0.985076 -0.126081 -0.136686 -0.984688 -0.108198 0.213257 -0.976875 -0.015402 0.190072 -0.980760 -0.044517 0.173978 -0.980328 -0.093214 0.200206 -0.977341 -0.068716 -0.147095 -0.986639 -0.070050 -0.165493 -0.985157 -0.045573 -0.153636 -0.988085 -0.009163 -0.169495 -0.985360 0.018341 0.135295 -0.981013 -0.138952 0.172198 -0.978226 -0.115856 0.078861 -0.982482 -0.168851 0.142031 -0.978946 -0.146602 0.010873 -0.983837 -0.178736 0.118668 -0.979896 -0.160383 -0.062742 -0.985827 -0.155590 0.094071 -0.981397 -0.167364 0.050937 -0.980347 -0.190591 0.040658 -0.983638 -0.175508 
						0.079256 -0.977209 -0.196928 0.063662 -0.980655 -0.185103 0.095292 -0.976611 -0.192742 0.076538 -0.979911 -0.184164 -0.067455 -0.990392 -0.120723 0.077698 -0.982578 -0.168832 -0.092828 -0.978954 -0.181747 -0.108267 -0.977490 -0.181082 -0.109628 -0.978005 -0.177450 -0.079331 -0.980586 -0.179327 -0.037747 -0.984321 -0.172299 -0.039602 -0.984168 -0.172757 -0.019593 -0.983741 -0.178520 -0.019531 -0.983779 -0.178321 -0.006138 -0.981954 -0.189023 -0.006460 -0.981968 -0.188937 -0.102905 -0.979622 -0.172483 -0.121290 -0.978280 -0.168097 -0.124337 -0.978734 -0.163156 -0.109013 -0.980745 -0.162036 -0.130229 -0.979365 -0.154548 -0.135623 -0.979618 -0.148174 -0.116544 -0.981698 -0.150619 -0.145477 -0.980081 -0.135194 -0.146939 -0.980752 -0.128590 -0.139594 -0.981787 -0.128873 -0.170789 -0.979450 -0.107282 -0.166700 -0.980801 -0.101195 -0.171033 -0.980939 -0.092235 -0.193900 -0.978750 -0.066716 -0.186148 -0.980705 -0.059721 -0.195764 -0.980025 -0.035028 -0.210840 -0.977458 -0.011072 -0.199600 -0.979862 -0.005592 -0.204162 -0.978401 0.032391 -0.214822 -0.975215 0.052984 -0.202807 -0.977692 0.054663 0.238422 -0.969416 -0.058198 0.246194 -0.968216 -0.044122 0.257235 -0.965969 0.027089 0.250154 -0.968148 0.010577 0.242884 -0.969100 -0.043044 0.253682 -0.966966 0.024933 0.207965 -0.971058 -0.117464 0.220031 -0.969946 -0.103878 0.219149 -0.970594 -0.099605 0.174765 -0.972530 -0.153758 0.189719 -0.971230 -0.143942 0.189663 -0.971849 -0.139779 0.140440 -0.974968 -0.172378 0.153296 -0.973933 -0.167196 0.151828 -0.974702 -0.164023 0.109422 -0.976473 -0.185816 0.124514 -0.974660 -0.185836 0.125641 -0.975104 -0.182718 0.116217 -0.973329 -0.197800 0.118890 -0.973544 -0.195136 0.095917 -0.974236 -0.204117 0.096193 -0.974735 -0.201592 0.064511 -0.977299 -0.201806 0.064556 -0.977566 -0.200490 0.033556 -0.979947 -0.196414 0.033984 -0.980044 -0.195853 0.011553 -0.981130 -0.193006 
						0.094444 -0.978903 -0.181191 0.094262 -0.979598 -0.177490 0.076590 -0.980650 -0.180165 0.094215 -0.980577 -0.172023 0.077183 -0.981646 -0.174396 -0.028617 -0.993802 -0.107420 0.072272 -0.983239 -0.167383 0.068181 -0.982019 -0.176041 0.065469 -0.981190 -0.181603 -0.017214 -0.996172 -0.085702 0.055585 -0.985315 -0.161445 0.047962 -0.984313 -0.169787 0.043469 -0.983834 -0.173729 -0.025480 -0.998847 -0.040693 0.028213 -0.987952 -0.152168 0.020583 -0.987432 -0.156697 0.016473 -0.987261 -0.158255 0.125311 -0.976795 -0.173691 0.123314 -0.977603 -0.170544 0.121021 -0.978732 -0.165642 0.157237 -0.974510 -0.160022 0.152865 -0.975667 -0.157181 0.147666 -0.977204 -0.152536 0.192291 -0.973033 -0.127400 0.187096 -0.974349 -0.125056 0.180432 -0.976084 -0.121258 0.225480 -0.971569 -0.072198 0.219121 -0.973056 -0.071745 0.211060 -0.974916 -0.070655 -0.181997 -0.981640 -0.057097 -0.192633 -0.981167 0.014249 -0.176895 -0.982799 -0.053045 -0.185601 -0.982498 0.015822 -0.171804 -0.983907 -0.049104 -0.178471 -0.983791 0.017409 -0.147387 -0.981813 -0.119669 -0.144255 -0.982718 -0.115995 -0.140724 -0.983693 -0.112006 0.239266 -0.970914 -0.008865 0.232599 -0.972510 -0.010999 0.224479 -0.974392 -0.013029 -0.108021 -0.982069 -0.154506 -0.104599 -0.982583 -0.153589 -0.100307 -0.983428 -0.151020 -0.085544 -0.982179 -0.167353 -0.073745 -0.982983 -0.168246 -0.066013 -0.983863 -0.166299 -0.085965 -0.980685 -0.175691 -0.087992 -0.981225 -0.171624 -0.077000 -0.981476 -0.175430 -0.070921 -0.982303 -0.173353 -0.067879 -0.982803 -0.171730 -0.057847 -0.983648 -0.170559 -0.076057 -0.980198 -0.182833 -0.074174 -0.980570 -0.181604 -0.073058 -0.981587 -0.176492 -0.070223 -0.979735 -0.187587 -0.070497 -0.980017 -0.186002 -0.072295 -0.980839 -0.180911 -0.051834 -0.981561 -0.183985 -0.053601 -0.981736 -0.182542 -0.057399 -0.982249 -0.178582 -0.028106 -0.985032 -0.170063 -0.030743 -0.985138 -0.168992 
						-0.034535 -0.985346 -0.167035 -0.012593 -0.988080 -0.153424 -0.014717 -0.988130 -0.152914 -0.016851 -0.988196 -0.152263 0.000712 -0.989044 -0.147616 -0.000467 -0.989000 -0.147915 -0.045009 -0.955915 0.290174 0.082227 -0.950761 0.298817 0.169700 -0.970029 0.173910 0.152441 -0.988261 0.010112 0.156654 -0.986759 -0.042021 0.181489 -0.981286 -0.064339 0.186733 -0.975160 -0.119134 0.115271 -0.978892 -0.168772 0.010655 -0.984023 -0.177724 -0.040916 -0.982238 -0.183125 -0.089732 -0.981906 -0.166758 -0.136336 -0.983911 -0.115460 -0.150360 -0.986838 -0.059526 0.167213 -0.981282 -0.095522 0.138213 -0.980656 -0.138603 0.079240 -0.981645 -0.173477 -0.009903 -0.981579 -0.190800 -0.137233 -0.970582 -0.197832 -0.239968 -0.961145 -0.136442 -0.235306 -0.970129 -0.059004 -0.166073 -0.986103 -0.004530 -0.137435 -0.988670 0.060366 -0.111447 -0.977011 0.181741 -0.085013 -0.614738 0.784136 -0.343256 -0.542320 0.766853 -0.393988 -0.545571 0.739680 -0.135449 -0.586062 0.798865 0.168858 -0.635241 0.753629 0.139966 -0.649718 0.747179 0.223799 -0.659851 0.717294 0.260771 -0.675323 0.689882 0.176977 -0.680561 0.710996 0.312215 -0.712081 0.628859 0.153643 -0.749203 0.644274 0.334896 -0.815575 0.471893 -0.452337 -0.538438 0.710968 -0.499733 -0.531830 0.683684 -0.623511 -0.525947 0.578458 -0.645043 -0.523597 0.556566 -0.806861 -0.492184 0.326697 -0.813971 -0.490100 0.311854 -0.881809 -0.467133 0.064810 -0.885672 -0.461044 0.054984 0.886163 -0.434585 -0.160780 0.886305 -0.442651 -0.136104 0.865693 -0.474740 0.158739 0.872691 -0.471516 0.126819 0.682670 -0.532913 0.499965 0.696700 -0.532798 0.480348 0.383563 -0.563766 0.731469 0.415044 -0.563043 0.714648 0.210747 -0.572218 0.792561 0.341026 -0.560868 0.754406 0.142915 -0.600150 0.787016 0.321659 -0.555261 0.766955 0.004205 -0.633619 0.773634 0.174079 -0.586459 0.791052 -0.143736 -0.678379 0.720515 
						-0.034524 -0.651019 0.758276 -0.189006 -0.716210 0.671804 -0.069673 -0.671474 0.737746 -0.220382 -0.769684 0.599181 -0.006360 -0.670939 0.741485 0.073075 -0.792681 0.605241 0.194003 -0.925633 0.324911 0.002688 -0.775104 0.631828 -0.027456 -0.944630 0.326987 -0.012624 -0.724430 0.689233 -0.183444 -0.877288 0.443524 0.034814 -0.648752 0.760203 0.031950 -0.627015 0.778351 0.008915 -0.560267 0.828264 0.029030 -0.574767 0.817802 -0.011843 -0.499330 0.866331 -0.035603 -0.481618 0.875658 -0.039222 -0.455554 0.889344 -0.014683 -0.471249 0.881878 -0.020401 -0.442644 0.896465 -0.035894 -0.426793 0.903637 -0.032528 -0.408272 0.912281 -0.021746 -0.427927 0.903552 -0.026947 -0.451354 0.891938 -0.021283 -0.421537 0.906562 -0.043624 -0.573839 0.817806 -0.025000 -0.563707 0.825597 0.072392 -0.637766 0.766821 0.083691 -0.614672 0.784331 0.044351 -0.566555 0.822830 0.118268 -0.576527 0.808473 0.030135 -0.525977 0.849965 -0.017484 -0.508869 0.860666 0.049731 -0.607137 0.793040 0.056745 -0.538607 0.840644 0.123352 -0.536715 0.834698 0.130320 -0.499545 0.856429 0.198651 -0.610704 0.766537 0.182824 -0.614402 0.767519 0.119686 -0.577180 0.807798 -0.057885 -0.579844 0.812669 -0.312566 -0.563730 0.764534 -0.129743 -0.567404 0.813154 0.005616 -0.566139 0.824291 0.068180 -0.611787 0.788079 0.121751 -0.562846 0.817546 0.047922 -0.648891 0.759371 0.055053 -0.648745 0.759012 0.035545 -0.582964 0.811721 0.025297 -0.546403 0.837140 0.027813 -0.521491 0.852804 -0.007981 -0.548225 0.836293 -0.026253 -0.526515 0.849760 -0.047815 -0.552903 0.831873 -0.072093 -0.536959 0.840522 0.017539 -0.597464 0.801704 -0.051518 -0.623579 0.780061 0.159002 -0.580955 0.798254 0.372450 -0.552081 0.745981 0.078705 -0.541238 0.837178 0.187891 -0.473964 0.860265 -0.057407 -0.588908 0.806158 0.037325 -0.490320 0.870743 0.021756 -0.536894 0.843369 
						0.098886 -0.571879 0.814356 0.062360 -0.541827 0.838173 0.243949 -0.562301 0.790131 0.119596 -0.550136 0.826467 -0.493929 -0.539958 0.681527 -0.655046 -0.523844 0.544520 -0.818767 -0.488478 0.301679 -0.891663 -0.450317 0.046386 0.885450 -0.425666 -0.186511 0.879993 -0.466707 0.088301 0.728014 -0.526336 0.439279 0.453941 -0.563200 0.690466 0.377273 -0.561113 0.736761 0.289767 -0.570069 0.768802 0.205566 -0.568443 0.796627 0.455320 -0.568291 0.685368 0.744588 -0.527501 0.409062 0.878155 -0.474219 0.062933 0.876563 -0.434506 -0.206981 -0.891415 -0.449344 0.058898 -0.812944 -0.491113 0.312938 -0.646916 -0.525606 0.552484 -0.457729 -0.544628 0.702755 -0.284868 -0.554032 0.782240 -0.119241 -0.552908 0.824667 -0.143857 -0.537641 0.830811 -0.263240 -0.541370 0.798513 -0.425209 -0.541219 0.725451 -0.625220 -0.531559 0.571441 -0.791627 -0.502730 0.347260 -0.878195 -0.468244 0.097578 0.859030 -0.462718 -0.218998 0.865659 -0.497475 0.056148 0.152937 -0.497381 0.853945 0.103983 -0.514418 0.851212 0.096218 -0.518199 0.849831 0.117894 -0.536786 0.835441 0.201728 -0.559557 0.803867 0.426695 -0.573801 0.699059 0.731072 -0.544182 0.411582 0.011946 -0.491681 0.870693 -0.082203 -0.450896 0.888783 0.064593 -0.500408 0.863377 0.022615 -0.505694 0.862416 0.064798 -0.468312 0.881184 0.073382 -0.467903 0.880728 0.127895 -0.422801 0.897152 0.039927 -0.431126 0.901408 0.359117 -0.161885 0.919146 0.415759 -0.139516 0.898710 0.426969 -0.031399 0.903721 0.398426 -0.066936 0.914755 -0.056225 -0.524821 0.849354 -0.155532 -0.530665 0.833189 -0.267190 -0.538021 0.799464 -0.441191 -0.542131 0.715154 -0.650180 -0.529309 0.545067 -0.805241 -0.502619 0.314580 -0.883325 -0.463097 0.072654 0.839528 -0.485478 -0.243936 0.851164 -0.523395 0.039717 0.726634 -0.557267 0.401816 0.440372 -0.569835 0.693802 -0.060010 -0.461376 0.885173 
						-0.022468 -0.522595 0.852285 -0.005672 -0.493284 0.869850 0.019461 -0.484640 0.874497 0.022115 -0.443552 0.895976 -0.106015 -0.403018 0.909031 -0.096301 -0.394399 0.913880 -0.000535 -0.464669 0.885484 -0.065986 -0.433299 0.898831 -0.140037 -0.401741 0.904983 -0.095337 -0.440818 0.892519 -0.175658 -0.398818 0.900049 -0.074061 -0.430390 0.899600 -0.142689 -0.420945 0.895793 0.152383 -0.450401 0.879726 0.212748 -0.429287 0.877753 0.137893 -0.452975 0.880795 0.175066 -0.433029 0.884216 0.089080 -0.402604 0.911030 0.048546 -0.398486 0.915889 0.211844 -0.415581 0.884542 0.152628 -0.413244 0.897738 0.123694 -0.435572 0.891615 0.198579 -0.398924 0.895224 0.001759 -0.496261 0.868171 -0.125305 -0.510621 0.850626 -0.248511 -0.523251 0.815138 -0.445236 -0.540566 0.713830 -0.678332 -0.531864 0.506938 -0.827452 -0.504711 0.246151 -0.895165 -0.445317 0.019308 0.803038 -0.534996 -0.262505 0.821075 -0.570372 0.022600 0.127503 -0.475325 0.870522 0.042321 -0.414662 0.908991 0.719377 -0.576675 0.387225 0.458541 -0.560288 0.689795 0.212750 -0.537997 0.815658 0.105617 -0.510491 0.853372 0.113498 -0.480906 0.869395 -0.019738 -0.483927 0.874886 -0.094575 -0.412765 0.905914 -0.028834 -0.481951 0.875724 0.018197 -0.501691 0.864856 0.065736 -0.489658 0.869433 0.006568 -0.500762 0.865560 0.045514 -0.485363 0.873127 -0.003676 -0.499954 0.866044 0.029513 -0.486956 0.872928 -0.139755 -0.403143 0.904403 -0.191846 -0.343536 0.919336 -0.219317 -0.356835 0.908058 -0.159015 -0.363563 0.917898 0.274787 -0.225947 0.934580 0.315589 -0.140716 0.938404 0.251932 -0.196170 0.947654 0.204646 -0.271871 0.940322 0.169322 -0.294174 0.940634 0.159869 -0.332473 0.929464 0.040035 -0.405166 0.913366 0.015570 -0.412126 0.910994 0.040374 -0.434927 0.899560 0.049464 -0.469706 0.881436 0.174875 -0.507646 0.843632 0.412435 -0.554597 0.722716 
						0.656633 -0.618943 0.430979 0.752970 -0.654443 0.068847 0.736368 -0.644604 -0.205543 -0.779859 -0.569618 0.259528 -0.868252 -0.496056 0.008120 -0.609774 -0.569348 0.551379 -0.364548 -0.542654 0.756724 -0.181802 -0.506769 0.842694 -0.060774 -0.478618 0.875918 0.076430 -0.453777 0.887832 0.081364 -0.444968 0.891842 0.060354 -0.437095 0.897388 0.071652 -0.379562 0.922387 0.008335 -0.399669 0.916622 -0.004380 -0.419463 0.907762 -0.061465 -0.374727 0.925095 -0.051286 -0.362364 0.930624 -0.012582 -0.390999 0.920305 -0.030701 -0.540090 0.841047 0.051876 -0.311394 0.948864 0.008616 -0.395358 0.918487 -0.254451 0.366633 0.894894 -0.277664 0.399754 0.873556 -0.245477 0.259690 0.933971 -0.226917 0.260827 0.938338 0.357522 -0.189190 0.914541 0.363810 -0.086779 0.927422 0.241024 -0.267075 0.933048 0.271722 -0.160918 0.948827 0.131484 -0.315569 0.939749 0.184163 -0.199412 0.962455 -0.004416 -0.371289 0.928507 0.065547 -0.241415 0.968206 -0.229312 -0.488157 0.842092 -0.092108 -0.334537 0.937870 -0.436501 -0.627953 0.644315 -0.191917 -0.471002 0.861002 -0.421247 -0.573072 0.702951 -0.188171 -0.479029 0.857393 -0.622946 -0.669846 0.404035 -0.018625 -0.414017 0.910079 0.101745 -0.362141 0.926554 0.245802 -0.306102 0.919719 0.293759 -0.282654 0.913133 0.032862 -0.364652 0.930564 -0.035519 -0.396356 0.917410 0.012313 -0.361039 0.932469 0.080880 -0.340250 0.936850 0.192255 -0.303623 0.933194 -0.714473 -0.686222 0.136488 0.629262 -0.740453 0.236133 0.649740 -0.760119 0.007515 -0.559016 -0.705784 0.435167 -0.302118 -0.564824 0.767918 0.534883 -0.654527 0.534317 0.463996 -0.730728 0.500743 0.503289 -0.781460 0.368810 0.316393 -0.551702 0.771699 0.340668 -0.595200 0.727793 0.300326 -0.526241 0.795534 0.091614 -0.435329 0.895598 -0.021497 -0.374206 0.927096 -0.080960 -0.336509 0.938194 -0.104184 -0.307234 0.945914 
						-0.100649 -0.302050 0.947964 -0.043571 -0.337280 0.940395 0.042503 -0.378967 0.924434 0.185104 -0.425999 0.885585 0.110185 -0.422633 0.899578 0.377279 -0.619002 0.688838 0.213417 -0.464368 0.859544 0.167331 -0.461126 0.871415 0.073537 -0.309071 0.948192 -0.007100 -0.341367 0.939903 -0.062185 -0.192217 0.979380 -0.106784 -0.263913 0.958617 -0.139419 -0.143187 0.979826 -0.087787 -0.295593 0.951272 -0.177867 -0.221802 0.958732 -0.230302 -0.174502 0.957345 -0.219060 -0.193097 0.956413 -0.180522 -0.216108 0.959536 -0.190487 -0.094857 0.977096 -0.228189 -0.065475 0.971413 -0.267855 -0.017095 0.963308 -0.278743 -0.024592 0.960051 -0.202686 -0.117125 0.972214 0.216567 -0.411207 0.885442 -0.148933 -0.433704 0.888662 -0.209165 -0.372576 0.904122 -0.013120 -0.371522 0.928332 -0.137794 -0.213638 0.967146 0.130943 -0.412058 0.901700 0.086805 -0.409382 0.908224 0.086575 -0.364263 0.927263 0.100984 -0.255275 0.961580 0.022048 -0.367563 0.929737 -0.061191 -0.476906 0.876822 -0.050200 -0.489798 0.870390 -0.109011 -0.631251 0.767880 -0.097947 -0.626570 0.773186 0.154633 -0.411070 0.898393 0.094833 -0.408682 0.907737 0.075841 -0.384024 0.920203 0.124936 -0.264842 0.956164 0.034809 -0.343719 0.938427 -0.048306 -0.442407 0.895513 -0.006195 -0.396567 0.917985 -0.218957 -0.323251 0.920634 -0.168715 -0.337809 0.925970 -0.095969 -0.331030 0.938727 -0.080129 -0.330842 0.940278 0.024521 -0.328731 0.944105 0.041027 -0.310030 0.949841 -0.254758 -0.322927 0.911491 -0.181068 -0.344019 0.921339 -0.119292 -0.320231 0.939799 -0.124986 -0.317454 0.940001 0.069196 -0.281294 0.957124 0.048932 -0.222124 0.973790 -0.110739 -0.355733 0.928004 -0.119379 -0.352029 0.928345 -0.096989 -0.342518 0.934492 -0.105881 -0.340826 0.934145 -0.080397 -0.384355 0.919678 -0.070787 -0.379070 0.922656 0.117394 -0.301312 0.946272 0.115288 -0.319887 0.940415 
						0.115984 -0.270848 0.955609 0.137148 -0.275019 0.951607 0.079135 -0.331811 0.940021 0.068715 -0.321123 0.944541 0.024333 -0.405166 0.913919 0.017519 -0.402192 0.915388 -0.039317 -0.428976 0.902460 -0.037774 -0.427819 0.903075 -0.016215 -0.443349 0.896202 -0.018350 -0.442982 0.896343 -0.087933 -0.320192 0.943263 -0.054300 -0.336238 0.940211 -0.025211 -0.314217 0.949016 -0.029071 -0.328640 0.944008 0.037043 -0.302163 0.952536 0.000696 -0.321977 0.946747 -0.039907 -0.354379 0.934250 -0.027584 -0.354864 0.934511 -0.015747 -0.350087 0.936585 -0.044621 -0.490017 0.870570 -0.055156 -0.436794 0.897869 -0.056848 -0.487135 0.871475 -0.073525 -0.445619 0.892198 -0.053119 -0.460168 0.886241 -0.070548 -0.447319 0.891588 -0.023742 -0.462645 0.886225 -0.037742 -0.453996 0.890204 -0.028090 -0.429230 0.902758 -0.014561 -0.413018 0.910606 -0.021931 -0.397809 0.917206 -0.023754 -0.422775 0.905923 -0.289984 0.401486 0.868745 -0.267633 0.136586 0.953791 -0.256085 0.172524 0.951134 -0.254041 0.225741 0.940481 -0.028621 -0.391690 0.919652 -0.025197 -0.392080 0.919586 -0.020240 -0.368962 0.929224 -0.021767 -0.398816 0.916773 -0.021683 -0.392139 0.919650 -0.022138 -0.397101 0.917508 -0.275491 0.391123 0.878139 -0.252835 0.253668 0.933663 -0.114096 -0.414366 0.902930 -0.146009 -0.377465 0.914441 -0.113463 -0.469452 0.875638 -0.057006 -0.451817 0.890287 -0.099378 -0.383114 0.918340 -0.083461 -0.372674 0.924201 -0.116880 -0.443337 0.888702 -0.065087 -0.430309 0.900332 0.037311 -0.348545 0.936549 0.045381 -0.380972 0.923472 0.059860 -0.236025 0.969901 -0.076837 -0.373820 0.924313 -0.187030 -0.353877 0.916401 -0.113430 -0.353434 0.928557 -0.142128 -0.400245 0.905320 -0.270197 -0.311080 0.911166 -0.190139 -0.311934 0.930884 -0.101893 -0.344670 0.933178 -0.216549 -0.372256 0.902514 0.096635 -0.163378 0.981819 -0.267691 -0.276386 0.923012 
						-0.214577 -0.276910 0.936631 -0.251825 -0.341598 0.905481 -0.073773 -0.314474 0.946395 0.132404 -0.130434 0.982576 -0.140486 -0.274894 0.951156 -0.144839 -0.280220 0.948946 0.036645 -0.302128 0.952563 -0.003398 -0.304204 0.952601 0.168229 -0.310972 0.935412 0.097113 -0.315373 0.943986 -0.201780 -0.310901 0.928776 -0.022839 -0.286734 0.957738 0.185295 -0.128560 0.974237 0.213536 -0.148005 0.965659 0.072076 -0.263135 0.962063 -0.065725 -0.292822 0.953905 0.087730 -0.284576 0.954631 0.182441 -0.224647 0.957209 0.279599 -0.090985 0.955796 0.373342 0.039743 0.926842 0.282042 -0.190211 0.940357 0.193019 -0.279049 0.940678 0.116308 -0.283690 0.951836 0.212001 -0.276180 0.937433 0.086365 -0.237563 0.967525 0.140702 -0.236555 0.961376 0.157432 -0.423118 0.892292 0.121321 -0.437361 0.891065 0.237727 -0.246393 0.939562 0.173152 -0.218213 0.960417 0.307508 -0.169531 0.936322 0.219194 -0.181963 0.958563 0.391007 0.013412 0.920290 0.306880 -0.157972 0.938547 0.110617 -0.416561 0.902353 0.083824 -0.390597 0.916738 0.096717 -0.349973 0.931754 0.092999 -0.309196 0.946440 0.061648 -0.306641 0.949827 0.022773 -0.339851 0.940204 0.101180 -0.430516 0.896894 0.073035 -0.402162 0.912651 0.033138 -0.366612 0.929783 -0.026787 -0.328683 0.944060 -0.081446 -0.308813 0.947629 -0.074848 -0.332030 0.940294 0.568639 0.650962 0.502889 0.387903 0.597875 0.701482 0.300536 0.644993 0.702611 0.503052 0.677824 0.536184 0.026788 -0.408747 0.912255 -0.094022 -0.283097 0.954471 0.026716 -0.419664 0.907286 -0.076852 -0.343594 0.935968 -0.003324 -0.385891 0.922538 -0.105424 -0.331566 0.937523 -0.068165 -0.339336 0.938192 -0.151732 -0.278661 0.948328 -0.562488 -0.792049 0.237204 -0.573096 -0.816175 0.073613 -0.963932 -0.223044 0.145212 -0.964002 -0.219972 0.149374 -0.597505 -0.800981 -0.037650 -0.960597 -0.241637 0.137348 
						-0.667069 -0.733992 -0.127572 -0.958637 -0.256064 0.124285 -0.695222 -0.611296 0.378132 -0.970884 -0.182926 0.154672 -0.981054 -0.117074 0.154359 -0.866826 -0.369228 0.335087 0.130909 -0.720722 -0.680751 0.066792 -0.736510 -0.673121 -0.089829 -0.729880 -0.677647 0.289672 -0.724686 -0.625237 -0.014108 -0.970452 -0.240880 0.491469 -0.704818 -0.511556 0.624840 -0.673863 -0.394315 0.681500 -0.684112 -0.259901 0.716348 -0.688956 -0.110382 0.700158 -0.712701 0.042840 0.649819 -0.729014 0.215112 0.463323 -0.800704 0.379744 0.270248 -0.816657 0.509938 0.067618 -0.835905 0.544693 -0.988800 -0.037959 0.144342 -0.969634 -0.122792 0.211497 -0.990716 0.019696 0.134510 -0.992778 0.056867 0.105635 -0.989280 0.066604 0.129961 -0.968963 0.246179 -0.022524 -0.984985 0.118979 0.125098 -0.872286 0.476710 -0.108921 -0.762920 0.642412 -0.072524 -0.982621 0.134769 0.127644 -0.985138 0.108289 0.133325 -0.734283 0.678306 0.027025 -0.986212 0.094460 0.135877 -0.706954 0.696720 0.121646 -0.986502 0.087198 0.138600 -0.708286 0.668803 0.225906 -0.985850 0.087440 0.143015 -0.715367 0.622959 0.316499 -0.983468 0.102437 0.149322 -0.771758 0.504557 0.387055 -0.984438 0.085033 0.153788 -0.853407 0.347321 0.388670 -0.950838 0.135542 0.278450 -0.989573 0.015128 0.143234 -0.989563 -0.041215 0.138080 -0.990682 -0.047884 0.127502 -0.987382 -0.082400 0.135232 -0.973512 -0.227250 -0.025134 -0.981444 -0.136560 0.134606 -0.903442 -0.413204 -0.114259 -0.970427 -0.207406 0.123504 -0.786231 -0.595527 -0.164886 -0.988530 -0.016396 0.150133 -0.989084 0.002157 0.147339 -0.989505 0.009082 0.144212 -0.989580 -0.000169 0.143982 -0.987617 -0.021747 0.155368 -0.989523 -0.004930 0.144289 -0.998260 -0.010397 0.058035 -0.989442 -0.011156 0.144497 -0.988388 0.037839 0.147167 -0.989227 0.024264 0.144362 -0.987563 0.056797 0.146609 -0.989075 0.032216 0.143848 
						-0.988427 0.048590 0.143709 -0.989328 0.031250 0.142318 -0.983211 -0.048968 0.175781 -0.996207 -0.018606 0.085007 -0.976929 -0.077106 0.199159 -0.992168 -0.039047 0.118654 -0.983042 -0.088601 0.160557 -0.989888 -0.053105 0.131535 -0.984678 -0.091516 0.148439 -0.988648 -0.062810 0.136489 -0.986150 -0.078977 0.145845 -0.988118 -0.064279 0.139607 -0.987636 -0.058183 0.145570 -0.988571 -0.054455 0.140579 -0.989329 -0.041610 0.139631 -0.989154 -0.035758 0.142460 -0.989881 -0.012535 0.141348 -0.989894 -0.021886 0.140111 -0.990139 0.005794 0.139969 -0.990134 -0.002442 0.140104 -0.990058 0.020313 0.139186 -0.990040 0.014075 0.140080 -0.989191 0.045620 0.139352 -0.989705 0.030428 0.139853 -0.987373 0.073497 0.140329 -0.988842 0.047209 0.141287 -0.987140 0.075433 0.140938 -0.988835 0.047410 0.141269 -0.987993 0.061935 0.141539 -0.989384 0.035982 0.140801 -0.988541 0.051310 0.141965 -0.989451 0.031861 0.141323 -0.989042 0.053618 0.137551 -0.988490 0.055234 0.140841 -0.988588 0.055008 0.140242 -0.988356 0.052929 0.142656 -0.988569 0.064262 0.136388 -0.987847 0.068694 0.139426 -0.987995 0.075678 0.134683 -0.987305 0.078010 0.138362 -0.988205 0.075970 0.132966 -0.987703 0.075036 0.137157 -0.989890 0.044737 0.134597 -0.989600 0.044911 0.136659 -0.990640 0.018569 0.135230 -0.990383 0.019092 0.137030 -0.990541 0.010613 0.136808 -0.990296 0.009168 0.138675 -0.990135 -0.002410 0.140094 -0.989964 -0.005534 0.141212 -0.989254 -0.026866 0.143720 -0.989180 -0.029620 0.143688 -0.987000 -0.055750 0.150738 -0.987239 -0.056490 0.148891 -0.984738 -0.082287 0.153359 -0.985267 -0.081135 0.150555 -0.983164 -0.095243 0.155940 -0.983488 -0.094088 0.154590 -0.983519 -0.091394 0.156007 -0.982788 -0.090735 0.160919 -0.985202 -0.079102 0.152052 -0.985220 -0.077022 0.152998 -0.988787 -0.049315 0.140957 -0.979531 -0.054301 0.193832 
						-0.985717 -0.031501 0.165436 -0.986709 0.072016 0.145665 -0.986877 0.067415 0.146729 -0.988038 0.047997 0.146550 -0.988060 0.045011 0.147348 -0.989620 -0.007786 0.143500 -0.989333 -0.004790 0.145596 -0.988122 -0.027592 0.151174 -0.989086 -0.029480 0.144358 -0.988853 -0.025373 0.146714 -0.988349 -0.025820 0.149996 -0.990117 0.009937 0.139895 -0.990179 -0.009506 0.139482 -0.990273 0.009054 0.138845 -0.991840 0.004353 0.127413 -0.989722 -0.033350 0.139061 -0.990987 -0.002866 0.133931 -0.990558 -0.012180 0.136553 -0.990149 -0.023542 0.138023 -0.989746 -0.033787 0.138788 -0.990230 -0.008018 0.139209 -0.990317 -0.003467 0.138779 -0.990412 0.002048 0.138127 -0.990510 0.005946 0.137315 -0.989923 0.012201 0.141082 -0.990103 0.012851 0.139756 -0.990111 0.013605 0.139627 -0.990062 0.014004 0.139935 -0.990035 0.013515 0.140168 0.876469 0.144446 -0.459278 0.936576 0.192548 -0.292831 0.940375 0.095000 -0.326602 0.638493 -0.175687 -0.749307 0.957124 -0.036039 -0.287427 0.982698 -0.057915 -0.175929 0.959164 0.269029 0.087336 0.673328 -0.330504 -0.661360 0.806197 0.560188 0.190356 0.780704 0.580483 0.231389 0.802944 0.548540 0.233206 0.947433 0.037132 -0.317792 0.854291 0.476112 0.208576 0.935065 0.014431 -0.354184 0.384898 -0.274077 -0.881326 0.229648 -0.188414 -0.954862 0.864667 0.467048 0.184980 0.922511 -0.038327 -0.384062 0.103821 -0.251324 -0.962319 0.247942 0.589427 0.768831 0.497766 0.662679 0.559540 0.561169 0.603165 0.566817 0.603810 0.585659 0.540757 0.326763 0.513485 0.793447 0.225314 0.352604 0.908242 0.113792 0.465267 0.877826 0.100268 0.169972 0.980335 0.297408 -0.150914 0.942748 0.265365 -0.367505 0.891360 -0.059785 0.065565 0.996056 0.305879 -0.331004 0.892678 -0.092807 0.047235 0.994563 0.434606 -0.216836 0.874128 0.070334 0.068754 0.995151 0.040180 0.424019 0.904761 
						0.402574 0.492291 0.771740 0.414350 0.475265 0.776168 0.560697 0.567304 0.603146 0.139725 0.368392 0.919111 0.953044 -0.058495 -0.297128 0.342772 -0.248912 -0.905842 0.211751 -0.174306 -0.961654 -0.007776 -0.209189 -0.977844 0.366984 -0.309719 -0.877153 0.015936 -0.181261 -0.983306 -0.123688 0.143810 -0.981845 -0.172387 0.032278 -0.984500 -0.150818 0.485396 -0.861188 -0.022062 0.434784 -0.900264 0.579890 -0.319493 -0.749434 0.316543 -0.160068 -0.934975 0.795249 -0.150617 -0.587276 0.682882 0.019314 -0.730273 0.901267 0.163681 -0.401156 0.905880 0.326572 -0.269691 0.903706 0.425631 -0.046410 0.773210 0.614822 0.155370 0.962251 0.241391 -0.125713 -0.223775 -0.051322 -0.973289 -0.178098 -0.031774 -0.983500 -0.183098 0.032315 -0.982564 -0.177235 0.036504 -0.983491 -0.183754 0.008576 -0.982935 -0.165707 0.024933 -0.985860 -0.214251 0.050164 -0.975490 -0.394799 0.312054 -0.864151 0.744504 0.548211 0.381023 0.915943 0.370908 0.153217 0.677657 0.603331 0.420442 0.857982 0.419966 0.295798 0.675347 0.623068 0.394580 0.849576 0.452581 0.270910 -0.203264 0.039157 -0.978341 -0.198556 0.063378 -0.978038 -0.192095 0.042064 -0.980474 0.541144 0.615304 0.573205 0.568141 0.568334 0.595158 0.780703 0.520808 0.345343 0.921160 0.340437 -0.188593 0.240196 0.372576 0.896378 0.216814 0.077056 0.973167 0.544075 -0.156647 0.824284 0.421835 0.503499 0.754019 0.292303 0.305462 0.906230 0.306306 0.082011 0.948394 0.569298 -0.091407 0.817034 0.479632 0.529758 0.699507 0.344935 0.331960 0.877965 0.342984 0.172194 0.923424 0.607829 -0.025296 0.793665 0.731445 0.057551 0.679467 0.581692 0.092905 0.808086 0.479519 0.321507 0.816514 0.758658 0.440458 0.480036 0.937903 0.338747 -0.074758 0.797705 0.340584 0.497664 0.843008 0.248354 0.477135 0.877512 0.151655 0.454944 0.782743 0.200096 -0.589300 
						0.695623 0.168428 -0.698384 0.949657 0.312561 0.021393 0.275933 0.024245 -0.960871 0.333663 0.222689 -0.916012 0.806414 0.279894 -0.520919 0.966348 0.254849 0.034988 0.975977 0.196249 0.094627 0.836685 0.330416 -0.436788 0.940381 0.268214 -0.209154 0.985992 0.139900 -0.090813 0.597937 0.448129 0.664569 0.522469 0.009144 -0.852609 0.984965 0.146006 -0.092334 -0.027817 -0.087726 -0.995756 -0.217580 0.029401 -0.975600 -0.223890 0.053631 -0.973138 -0.154818 0.028999 -0.987517 -0.031046 0.024561 -0.999216 0.023273 0.203582 -0.978781 0.441227 0.456386 -0.772678 0.567844 0.477973 -0.670145 0.729112 0.493123 -0.474578 -0.144973 0.244332 -0.958793 0.129233 0.464824 -0.875921 0.277511 0.563472 -0.778131 0.498183 0.587009 -0.638149 0.021546 0.707372 -0.706513 0.417415 0.697230 -0.582782 0.420437 0.689122 -0.590206 -0.016210 0.716160 -0.697748 -0.228716 0.349809 -0.908473 -0.230761 0.275488 -0.933196 -0.059453 0.198280 -0.978341 0.502575 0.168433 -0.847967 0.997949 -0.062679 -0.013024 0.998235 0.058543 0.010006 0.536901 -0.057578 0.841678 0.074224 -0.164996 0.983497 0.295045 0.524807 0.798452 0.989466 -0.142000 0.028182 0.603242 0.226286 -0.764784 0.654520 0.283529 -0.700868 0.989297 -0.141491 0.035674 0.515014 -0.244394 0.821604 0.992947 -0.111875 0.039256 0.978363 -0.206869 0.003405 0.729919 -0.423229 0.536745 0.915784 0.028709 -0.400643 0.989478 -0.074965 -0.123750 0.996917 -0.024807 -0.074445 0.959969 -0.223688 0.168594 -0.010809 0.315497 -0.948865 -0.165191 0.489225 -0.856371 0.084354 0.492557 -0.866182 -0.134501 0.509803 -0.849712 -0.061141 0.450496 -0.890683 0.461367 0.367787 -0.807386 0.999533 0.018087 0.024613 0.841660 -0.196302 -0.503065 0.822830 0.145983 0.549217 0.047601 -0.094988 -0.994340 -0.016083 0.189459 -0.981757 0.775205 0.206443 -0.597024 0.795073 -0.033675 -0.605578 
						0.803425 -0.109201 0.585306 0.796569 0.301089 -0.524236 0.762654 0.101386 0.638812 0.668034 0.061513 0.741584 0.811146 0.364085 -0.457694 0.926230 0.185271 -0.328287 0.902071 -0.112656 0.416626 0.424220 0.639662 -0.640992 0.087879 0.661655 -0.744641 0.676208 -0.397594 -0.620211 0.853695 0.432907 0.289476 0.857140 0.421544 0.295993 0.774293 -0.370829 -0.512792 0.875544 0.383779 0.293490 0.810681 -0.318240 -0.491446 0.883045 0.340086 0.323378 0.848894 -0.263264 -0.458336 0.955432 0.194966 0.221673 0.942690 -0.291246 -0.162822 0.986858 0.076265 -0.142462 0.958367 -0.050248 -0.281083 0.844500 -0.060836 -0.532088 0.678243 -0.260795 -0.687002 0.725374 -0.016241 -0.688163 0.545983 -0.092316 -0.832695 0.841426 0.186748 0.507078 0.986044 0.090660 0.139637 0.840742 0.172417 0.513250 0.956414 0.057562 0.286284 0.820217 0.191894 0.538907 0.931194 0.076203 0.356470 0.863092 0.208948 0.459797 0.951351 0.117081 0.284999 0.673164 -0.176835 -0.718038 0.580310 -0.137296 -0.802740 0.773479 -0.341222 -0.534133 0.718240 -0.221842 -0.659482 0.901924 -0.277384 -0.331045 0.873442 -0.210489 -0.439083 0.963813 -0.105405 -0.244857 0.963412 -0.062058 -0.260743 0.991516 0.111674 -0.066518 0.991131 0.092227 -0.095671 0.967763 0.227284 0.108522 0.962276 0.179537 0.204431 -0.150721 0.503077 -0.850997 -0.201053 0.399418 -0.894451 -0.192741 0.303438 -0.933154 -0.168169 0.362246 -0.916786 -0.215238 0.372008 -0.902930 -0.201778 0.391787 -0.897657 -0.091338 0.532499 -0.841488 -0.090197 0.542033 -0.835502 -0.182370 0.376996 -0.908083 -0.168799 0.398252 -0.901611 -0.179377 0.485567 -0.855599 -0.178466 0.440510 -0.879830 -0.100779 0.518178 -0.849315 0.044155 0.669054 -0.741901 -0.193692 0.423192 -0.885094 -0.218643 0.570436 -0.791706 -0.186109 0.806543 -0.561117 -0.053885 0.835855 -0.546299 -0.240555 0.725477 -0.644838 
						0.046897 0.831345 -0.553774 0.315244 0.603865 0.732099 0.326327 0.499919 0.802242 0.432470 0.577023 0.692831 0.418328 0.425488 0.802473 0.458154 0.384470 0.801422 0.489374 0.337761 0.804009 0.551980 0.267206 0.789885 0.722897 0.193980 0.663168 0.342518 -0.617169 0.708367 0.079081 -0.337391 0.938037 0.055293 0.009786 0.998422 0.054450 -0.069583 0.996089 0.008324 -0.388940 0.921226 0.189065 -0.669961 0.717918 0.165294 -0.741578 0.650184 0.025993 -0.308795 0.950773 0.095031 0.026272 0.995128 0.095532 -0.028923 0.995006 0.146308 0.008373 0.989204 0.304883 0.021680 0.952143 0.497746 0.022640 0.867028 0.714871 0.021419 0.698928 0.917470 0.031431 0.396562 0.937158 0.135397 0.321562 0.998780 0.039807 0.029216 0.997001 0.071124 -0.030502 0.068970 -0.334511 0.939865 0.095689 -0.272347 0.957429 0.184997 -0.708668 0.680856 0.277546 -0.609307 0.742774 0.210558 -0.220687 0.952346 0.445633 -0.494286 0.746386 0.427639 -0.188005 0.884183 0.621278 -0.132438 0.772317 0.784315 -0.078529 0.615372 0.935051 -0.032446 0.353025 0.956199 -0.037997 -0.290240 0.864031 -0.109950 -0.491286 0.691275 -0.115455 -0.713309 0.389306 -0.111579 -0.914325 0.157941 -0.143806 -0.976921 0.301949 -0.416749 -0.857407 0.220270 -0.529258 -0.819370 0.172504 -0.530191 -0.830144 0.119672 -0.494404 -0.860955 0.224796 -0.420504 -0.879001 0.752335 -0.108955 0.649708 0.639307 -0.352793 0.683245 0.765830 -0.250869 0.592089 0.871553 -0.161669 0.462880 0.962860 -0.089980 0.254566 0.958375 0.013463 -0.285195 0.860080 0.005608 -0.510129 0.999174 0.012626 0.038625 0.999368 -0.024422 0.025824 0.967554 0.033697 -0.250406 0.981405 0.034438 -0.188835 0.654138 0.014179 -0.756243 0.302985 0.062934 -0.950915 0.010115 0.079467 -0.996786 -0.096252 0.068884 -0.992971 0.096269 -0.294722 -0.950722 0.871765 0.061052 -0.486106 
						0.903274 0.113483 -0.413784 0.668276 0.125385 -0.733271 0.738755 0.235213 -0.631598 0.305058 0.160872 -0.938648 0.013961 0.257716 -0.966120 0.425049 0.342790 -0.837752 0.131088 0.473989 -0.870718 -0.021594 -0.282493 -0.959026 -0.038415 -0.303760 -0.951974 -0.034832 -0.272223 -0.961604 -0.062149 -0.218619 -0.973829 -0.111076 0.170429 -0.979089 -0.081247 0.256845 -0.963031 0.007170 0.539601 -0.841890 -0.096536 0.163271 -0.981847 -0.105446 0.185564 -0.976958 -0.141007 0.197778 -0.970052 -0.117078 0.620542 -0.775384 0.081633 0.563350 -0.822176 0.233708 0.349695 -0.907245 -0.270374 0.472739 -0.838699 0.127989 0.952264 -0.277151 0.117035 0.779123 -0.615849 -0.155895 0.625202 -0.764735 0.058535 0.783618 -0.618479 -0.084715 0.401632 -0.911875 -0.047292 0.677387 -0.734105 0.069840 0.287934 -0.955100 -0.104056 0.506135 -0.856154 -0.075197 0.446392 -0.891673 -0.079125 0.380358 -0.921448 -0.070364 0.416816 -0.906263 -0.031526 0.533739 -0.845062 0.271235 0.443571 -0.854211 0.091108 0.675372 -0.731828 -0.013360 0.624222 -0.781132 0.058403 0.657869 -0.750864 -0.039243 0.900739 -0.432584 0.197431 0.840802 -0.504057 0.346167 0.768558 -0.538040 0.385610 0.269528 -0.882417 -0.338438 0.442202 -0.830612 0.472701 0.287250 -0.833092 -0.279119 0.438214 -0.854437 0.521166 0.372761 -0.767747 -0.238217 0.440679 -0.865479 0.550364 0.469352 -0.690513 -0.185115 0.490231 -0.851708 0.498446 0.509392 -0.701478 -0.044379 0.566472 -0.822885 0.432590 0.474425 -0.766672 -0.009752 0.543688 -0.839231 0.538754 0.679447 -0.498093 0.467847 0.573383 -0.672570 0.527916 0.763613 -0.371753 0.539173 0.582972 -0.607812 0.461631 0.836514 -0.295195 0.532898 0.654196 -0.536701 0.391090 0.887288 -0.244475 0.450256 0.787743 -0.420394 0.532504 0.710331 -0.460293 0.485822 0.719157 -0.496779 0.439658 0.686700 -0.578916 0.207882 0.893987 0.396953 
						0.375810 0.831263 0.409596 0.032248 0.781933 0.622528 0.085642 0.909080 0.407723 0.420842 0.629347 0.653310 -0.035679 0.604969 0.795449 0.270242 0.524728 0.807236 -0.079241 0.229959 0.969969 0.516057 0.434556 -0.738137 0.025623 0.994756 0.099017 0.105588 0.993245 -0.048125 0.271023 0.959000 0.082863 0.209810 0.972492 0.101193 0.190311 0.939871 0.283591 0.433266 0.799149 0.416703 0.060257 0.911413 0.407057 0.138711 0.977323 0.159997 -0.031366 0.728368 0.684468 -0.178279 0.978158 0.106885 0.127231 0.955801 -0.265059 0.298675 0.453781 -0.839569 -0.217857 0.201211 -0.955014 0.089589 0.994955 -0.045140 -0.002547 0.952470 -0.304622 -0.049012 0.918757 -0.391770 0.008998 0.990583 -0.136619 0.032093 0.998661 0.040574 0.148589 0.988860 -0.008782 0.306011 0.948567 0.081104 -0.128804 0.958424 0.254624 0.060053 0.997115 0.046429 0.133791 0.990682 0.025484 0.289045 0.917789 -0.272244 0.323771 0.761516 -0.561486 0.185203 0.932272 -0.310754 0.087643 0.800446 -0.592963 0.077310 0.908377 -0.410943 -0.055222 0.800798 -0.596384 -0.177445 0.621659 -0.762924 -0.185507 0.667324 -0.721295 -0.187680 0.620828 -0.761150 -0.218809 0.732795 -0.644309 -0.155673 0.665618 -0.729875 -0.096455 0.801144 -0.590648 -0.283681 0.673129 -0.682951 -0.230164 0.734623 -0.638242 -0.156800 0.789223 -0.593751 -0.148372 0.837725 -0.525550 -0.150886 0.868266 -0.472596 -0.050201 0.967206 -0.248984 -0.226306 0.826614 -0.515262 -0.090728 0.931806 -0.351435 -0.146773 0.851647 -0.503146 -0.197966 0.798945 -0.567888 -0.025350 0.921727 -0.387011 0.158283 0.964298 -0.212311 0.212798 0.952538 -0.217689 0.185044 0.981858 0.041385 0.283292 0.918673 -0.275292 0.347384 0.899293 -0.265699 0.217619 0.975627 -0.028190 0.237403 0.970923 -0.030794 0.414200 0.876048 -0.246938 0.092538 0.947580 0.305824 0.004053 0.810514 0.585705 
						0.442215 0.870810 -0.214792 0.397168 0.911590 -0.106118 0.361905 0.931948 -0.022319 0.326880 0.944767 -0.023755 0.296791 0.947327 -0.120360 0.247464 0.956419 -0.155000 -0.101793 0.433437 -0.895417 -0.107825 0.543674 -0.832341 -0.117124 0.565097 -0.816669 -0.112857 0.530957 -0.839850 -0.063522 0.518668 -0.852613 -0.095917 0.521958 -0.847561 -0.101109 0.797042 -0.595400 0.088380 0.800223 -0.593154 -0.059026 0.553476 -0.830771 -0.092430 0.437093 -0.894654 -0.027635 0.561267 -0.827173 -0.020921 0.578245 -0.815595 0.115700 0.713062 -0.691488 -0.007060 0.593248 -0.804988 -0.123774 0.581837 -0.803832 -0.180258 0.752007 -0.634029 0.254293 0.967060 0.011435 0.282251 0.953384 0.106738 0.284665 0.948034 0.142114 0.118792 0.970558 0.209537 0.046935 0.879815 0.472994 0.140193 0.971753 0.189845 0.076382 0.892217 0.445101 0.177956 0.958217 0.223946 0.109804 0.884087 0.454238 -0.168056 0.278359 0.945660 -0.119195 0.416144 0.901453 -0.061856 0.688912 0.722201 -0.036357 0.675756 0.736228 -0.028152 0.732819 0.679841 0.212416 0.939263 0.269564 0.153318 0.880170 0.449216 0.038755 0.733892 0.678160 0.281822 0.948031 0.147692 0.247045 0.928030 0.278800 0.210397 0.875866 0.434271 0.123560 0.779749 0.613779 0.290268 0.952998 0.086834 0.305578 0.951694 0.030028 -0.071868 0.917012 -0.392331 0.254393 0.898146 0.358632 0.265105 0.930646 0.252226 0.227271 0.827517 0.513385 -0.015785 0.942076 -0.335029 0.097334 0.965699 -0.240732 0.064374 0.983487 0.169143 0.095255 0.984358 0.148209 0.265496 0.816762 -0.512262 0.195057 0.974472 -0.111166 0.260534 0.931237 -0.254792 0.355754 0.689559 -0.630831 0.252526 0.964229 -0.080578 -0.033321 -0.380605 0.924137 -0.059616 -0.397720 0.915568 -0.055379 -0.399253 0.915167 -0.017430 -0.391114 0.920177 -0.003773 -0.390627 0.920541 -0.694046 0.374982 0.614563 
						-0.981877 0.004134 0.189474 -0.897205 -0.272997 -0.347126 -0.804485 0.360205 0.472289 -0.947324 -0.123398 -0.295551 -0.873331 0.302494 0.381824 -0.976997 0.063168 -0.203681 -0.901547 0.254441 0.349962 -0.978434 0.158813 -0.132080 -0.868738 0.260019 0.421526 -0.894522 0.039440 0.445280 -0.752132 -0.103187 0.650884 -0.807064 -0.477961 -0.346701 -0.821134 -0.140138 0.553263 -0.649347 -0.424023 -0.631311 -0.103887 0.972630 0.207842 -0.031284 0.973748 -0.225469 -0.082369 0.947847 -0.307900 -0.098567 0.986530 0.130546 -0.650320 0.546706 -0.527444 -0.849414 0.043841 0.525902 -0.907420 -0.098105 0.408613 -0.820431 0.532726 -0.207595 -0.199518 0.608959 0.767699 -0.334532 0.511214 0.791674 -0.295479 0.368537 0.881404 -0.311654 0.420017 0.852325 0.430778 0.449071 -0.782793 -0.156158 0.223052 -0.962218 0.418745 0.407936 -0.811321 -0.164325 0.345116 -0.924063 0.325934 0.517187 -0.791381 -0.171574 0.521198 -0.836012 0.200658 0.620191 -0.758353 -0.188858 0.657212 -0.729661 0.240207 0.540529 -0.806306 -0.198520 0.625090 -0.754886 0.225550 0.941882 0.248967 0.294279 0.871076 0.393225 -0.063545 0.828929 0.555732 0.031158 0.906502 0.421050 0.111225 0.988380 0.103604 0.158895 0.968546 0.191495 0.269002 0.912508 0.308167 0.289346 0.938380 0.189001 0.291267 0.915146 0.278697 0.301401 0.853322 0.425440 0.358759 0.871712 0.333783 0.332330 0.920369 0.206099 0.321553 0.939087 0.121327 0.290620 0.956838 0.000737 0.316342 0.944027 0.093489 0.348593 0.912565 0.213793 0.161555 0.977139 -0.138200 0.212773 0.976586 -0.031747 0.268923 0.956544 0.112715 0.073840 0.974771 -0.210639 0.133925 0.986326 -0.096051 0.017174 0.968565 -0.248166 0.182726 0.981871 0.050406 0.068167 0.989971 -0.123735 0.112713 0.992786 0.040881 -0.016569 0.983354 -0.180944 0.018627 0.998569 -0.050138 0.060923 0.992165 0.109073 
						0.003003 0.998350 -0.057339 0.022936 0.997552 0.066063 0.061233 0.971372 0.229538 0.049972 0.996710 0.063819 0.073035 0.984527 0.159290 0.137836 0.943898 0.300098 0.522487 0.723543 0.451102 0.552607 0.720280 0.419313 -0.252416 0.542967 0.800920 0.415588 0.763778 0.493893 0.073928 -0.615830 0.784403 0.123182 -0.531751 0.837895 0.107082 -0.417122 0.902520 0.104134 -0.467366 0.877910 0.099450 -0.535023 0.838964 0.069587 -0.582644 0.809743 0.107196 -0.777853 0.619236 -0.011870 -0.788065 0.615478 0.296180 0.875660 -0.381440 0.347205 0.681952 -0.643732 0.312053 0.653937 -0.689194 0.312091 0.824212 -0.472519 0.310923 0.825013 -0.471890 0.312322 0.629489 -0.711477 0.300943 0.700826 -0.646742 0.234107 0.512082 -0.826418 0.283434 0.655362 -0.700119 0.231466 0.541998 -0.807875 0.232343 0.746710 -0.623250 0.198183 0.618670 -0.760244 0.119938 0.859373 -0.497085 0.122906 0.743744 -0.657069 0.004643 0.891627 -0.452746 0.000074 0.781294 -0.624164 -0.045069 0.912261 -0.407122 -0.062743 0.800983 -0.595390 -0.157897 0.947827 -0.276935 -0.238169 0.843199 -0.481965 0.105527 -0.462908 0.880102 0.111902 -0.476436 0.872059 0.118241 -0.557645 0.821615 0.144519 -0.699452 0.699915 0.841340 -0.438946 0.315393 0.801339 -0.549833 0.235665 0.660084 -0.695097 0.284832 0.627813 -0.710546 0.317766 0.655156 -0.646321 0.391202 0.731255 -0.524314 0.436303 0.826695 -0.400994 0.394688 0.897353 -0.299964 0.323697 0.948684 -0.198295 0.246327 0.986771 -0.116413 0.112828 0.997505 -0.056720 -0.042025 0.111089 0.966706 0.230519 0.035891 0.921577 0.386533 0.150743 0.850381 0.504112 -0.242017 0.668706 0.703036 -0.312017 0.551621 0.773537 -0.420069 0.409792 0.809699 -0.403120 0.546080 0.734364 -0.165560 0.772431 0.613139 0.173180 0.984890 -0.000722 0.098504 0.976658 0.190884 -0.057180 0.898233 0.435785 
						0.195789 0.959279 -0.203594 0.118147 0.992996 0.000834 -0.010997 0.955189 0.295792 -0.291098 0.622766 0.726240 -0.177669 0.733971 0.655530 0.186601 0.891764 -0.412233 -0.026377 0.770435 -0.636972 -0.109679 0.710495 -0.695103 -0.171588 0.688849 -0.704304 -0.205767 0.677755 -0.705909 -0.264739 0.724528 -0.636374 -0.292370 0.744918 -0.599680 -0.365086 0.728883 -0.579173 -0.287890 0.641398 -0.711146 -0.442224 0.730639 -0.520196 -0.378799 0.692791 -0.613639 -0.348788 0.854309 -0.385360 -0.368794 0.772358 -0.517160 -0.234924 0.929553 -0.284151 0.047312 -0.603678 0.795823 0.055367 -0.590473 0.805156 0.022746 -0.677049 0.735587 -0.057320 -0.771660 0.633447 -0.143567 0.914922 -0.377234 -0.107556 0.992716 0.054286 -0.045852 -0.364664 0.930009 0.260977 0.861497 -0.435562 0.142686 0.935719 -0.322600 0.061002 0.959554 -0.274835 -0.008101 0.953465 -0.301395 -0.054144 0.968917 -0.241386 -0.074976 0.994669 -0.070792 -0.084852 0.995434 -0.043713 -0.136333 0.988758 -0.061409 -0.176729 0.981137 -0.078338 -0.330984 0.865260 -0.376530 0.043139 0.993531 -0.105045 -0.208540 0.894432 -0.395603 -0.272157 0.896030 -0.350800 -0.306554 0.871842 -0.381989 -0.187182 0.976694 -0.105034 -0.160822 0.982369 -0.095328 -0.124939 0.991523 -0.035679 -0.873982 -0.035948 0.484627 -0.564935 0.007459 -0.825102 0.308113 0.850529 -0.426223 -0.114966 0.962037 0.247522 0.205573 0.946624 -0.248278 0.205482 0.944100 -0.257783 0.171231 0.954578 -0.243845 0.097740 0.978724 -0.180403 0.019921 0.996619 -0.079708 0.093623 0.994714 -0.042164 -0.030738 0.963529 0.265834 0.065469 0.997024 -0.040695 -0.055024 0.962568 0.265395 0.030710 0.999526 -0.002146 -0.020490 0.996876 0.076279 -0.056351 0.981869 0.180990 -0.010149 0.999869 0.012605 -0.013535 0.999731 0.018850 -0.012524 0.998401 0.055127 -0.001381 0.989699 0.143158 0.017334 0.987677 0.155544 
						-0.006008 0.988053 0.153995 -0.042371 0.987910 0.149126 -0.056046 0.988138 0.142977 -0.132956 -0.290540 0.947581 -0.196348 -0.246461 0.949054 -0.176877 -0.260782 0.949056 -0.194998 -0.209851 0.958091 -0.262241 -0.099712 0.959837 -0.268035 -0.061085 0.961471 -0.229428 -0.136012 0.963776 -0.111860 -0.314983 0.942483 -0.098755 -0.344046 0.933745 -0.219075 -0.170298 0.960731 -0.059442 -0.371068 0.926701 -0.020859 -0.390652 0.920302 -0.026625 -0.388814 0.920932 -0.054796 -0.383059 0.922097 -0.235155 -0.177599 0.955594 -0.086339 -0.359447 0.929163 -0.079114 -0.367282 0.926739 -0.176114 -0.267937 0.947203 -0.095901 -0.349557 0.931994 -0.209354 -0.232860 0.949709 0.034208 0.682251 0.730318 -0.104780 0.872787 0.476722 -0.062266 0.908471 0.413285 0.082263 0.707895 0.701511 -0.145503 0.883926 0.444414 0.049028 0.662448 0.747502 -0.014744 0.914211 0.404970 -0.011491 0.952449 0.304480 0.090810 0.715605 0.692577 0.108892 0.781866 0.613863 0.114700 0.833555 0.540397 -0.022282 0.975069 0.220781 0.094620 0.893421 0.439143 0.075525 0.921136 0.381844 0.073767 0.926319 0.369447 0.070609 0.925188 0.372884 0.044017 0.928721 0.368157 0.017653 0.933230 0.358845 -0.015194 0.941379 0.337008 -0.049125 0.819756 0.570602 0.013106 0.810021 0.586254 -0.053643 0.652189 0.756156 0.011965 0.641399 0.767114 0.081330 0.809733 0.581135 -0.051426 0.961861 0.268661 -0.072482 0.946882 0.313306 -0.092449 0.926901 0.363743 -0.105713 0.887936 0.447655 -0.098667 0.853737 0.511271 -0.157777 0.789100 0.593656 -0.162567 0.791529 0.589112 -0.177756 0.797878 0.576015 -0.189493 0.770603 0.608493 -0.170559 0.727089 0.665020 -0.118687 0.676645 0.726681 0.105458 0.642186 0.759260 0.121730 0.804808 0.580917 0.147096 0.792032 0.592493 0.169355 0.765279 0.621021 0.197587 0.724946 0.659858 0.203179 0.652316 0.730207 
						0.182209 0.627730 0.756806 0.228395 0.586670 0.776952 0.253197 0.543441 0.800352 0.033421 0.161883 0.986244 -0.095019 0.203888 0.974372 -0.085132 0.090614 0.992241 0.048623 0.070130 0.996352 0.099008 -0.496821 0.862187 -0.206139 -0.439018 0.874511 -0.209055 -0.302849 0.929827 0.086922 -0.338416 0.936973 0.070727 -0.166217 0.983550 -0.093799 -0.156678 0.983186 -0.094538 0.050464 0.994241 0.032478 0.032729 0.998936 -0.144712 -0.184784 0.972067 0.069215 -0.199698 0.977410 -0.258152 -0.117625 0.958917 -0.159819 0.081361 0.983788 -0.351811 -0.139348 0.925641 -0.444873 -0.214490 0.869530 0.145515 0.086028 0.985609 0.201256 -0.150296 0.967940 0.226826 -0.201524 0.952858 0.281070 -0.329975 0.901175 0.250464 0.475210 0.843471 0.299281 0.490798 0.818259 0.418725 0.106204 0.901881 0.445718 0.128450 0.885910 0.410957 -0.217863 0.885240 0.369657 -0.143742 0.917983 0.305096 0.362007 0.880833 0.410725 0.060181 0.909771 0.320913 -0.107646 0.940972 0.256068 0.436675 0.862406 0.319725 0.268976 0.908531 0.229543 0.148653 0.961879 0.225377 0.610306 0.759429 0.282089 0.489140 0.825329 0.342769 0.400129 0.849945 0.412535 0.306033 0.857997 -0.070907 0.469188 0.880247 0.022546 0.463958 0.885570 -0.079204 0.322382 0.943290 0.045543 0.295093 0.954382 -0.123274 -0.004580 0.992362 0.051876 0.006627 0.998632 -0.133427 -0.134460 0.981895 0.064284 -0.134962 0.988763 -0.170569 -0.332667 0.927490 0.089321 -0.385943 0.918188 0.111088 0.437106 0.892523 0.152504 0.275815 0.949036 0.206510 0.374315 0.904015 0.267895 0.295678 0.916955 0.286305 0.270239 0.919239 0.324928 0.188056 0.926853 0.398146 -0.002382 0.917319 0.450503 -0.164433 0.877501 0.316918 -0.413778 0.853435 0.293387 -0.273471 0.916045 0.228782 -0.004112 0.973469 0.199765 0.113463 0.973252 0.198375 0.131145 0.971313 
						0.152794 0.191355 0.969555 -0.456799 -0.204223 0.865811 -0.342474 0.472133 0.812282 -0.261705 0.561103 0.785286 -0.244173 0.588336 0.770870 -0.147733 0.512428 0.845927 -0.287679 0.078855 0.954475 -0.371776 -0.034239 0.927691 -0.302593 0.353189 0.885265 -0.358875 0.295787 0.885279 -0.471166 0.145005 0.870044 -0.466575 0.332568 0.819577 -0.543504 0.012006 0.839321 -0.500941 0.221903 0.836551 -0.498603 -0.011492 0.866754 -0.454074 0.138503 0.880133 -0.391286 -0.023528 0.919968 -0.314387 0.309561 0.897404 -0.228608 0.190121 0.954774 -0.242045 0.595212 0.766248 -0.229110 0.575527 0.785033 -0.198003 0.553149 0.809210 -0.162200 0.381382 0.910076 -0.210899 0.280316 0.936453 -0.204042 0.206660 0.956900 -0.252780 0.153572 0.955258 -0.277272 0.381415 0.881841 -0.242829 0.393239 0.886790 -0.201916 0.412309 0.888387 -0.419666 -0.466762 -0.778468 -0.176589 -0.337420 -0.924642 0.015381 0.113256 -0.993447 -0.005288 0.456088 -0.889919 -0.243382 0.800757 -0.547315 -0.210664 0.370958 0.904440 -0.348493 0.460230 0.816542 -0.524766 0.382454 0.760493 -0.682623 0.226933 0.694642 -0.733839 0.195968 0.650444 -0.740664 0.216287 0.636111 -0.713596 0.273274 0.645060 -0.695029 0.233967 0.679849 -0.643521 0.103506 0.758397 -0.765596 0.102112 0.635166 -0.782213 0.361011 0.507754 -0.921323 0.298866 0.248684 -0.927055 0.173571 0.332330 -0.983694 0.158973 -0.084111 -0.974601 0.182831 -0.129330 -0.635402 -0.335300 -0.695585 -0.803268 -0.089098 -0.588916 -0.877651 0.024275 -0.478686 -0.797068 0.041933 -0.602432 -0.909934 0.114309 -0.398691 -0.745587 0.052746 -0.664317 -0.890986 0.056992 -0.450440 -0.841295 0.100420 -0.531168 -0.925075 -0.020220 -0.379245 0.223668 0.678038 -0.700170 0.086513 0.750460 -0.655229 0.104538 0.609730 -0.785685 0.114084 0.566859 -0.815877 0.147668 0.640319 -0.753781 0.139900 0.707936 -0.692283 
						0.153056 0.873173 -0.462756 0.284004 0.824562 -0.489326 0.133762 0.720613 -0.680312 0.162597 0.657929 -0.735317 0.113152 0.786392 -0.607277 0.112466 0.814589 -0.569031 0.057997 0.881663 -0.468302 0.212886 0.671845 -0.709439 0.235376 0.693320 -0.681106 0.356233 0.682171 -0.638546 -0.028187 -0.037825 0.998887 -0.100756 -0.031723 0.994405 -0.230997 0.094336 0.968370 -0.410138 0.073573 0.909051 -0.577668 0.054796 0.814431 -0.140207 -0.403779 0.904049 -0.078918 -0.366812 0.926942 -0.198325 -0.267901 0.942813 -0.329926 -0.199937 0.922591 -0.490343 -0.136096 0.860838 -0.630325 -0.057310 0.774213 -0.777963 -0.024842 0.627819 -0.937124 0.087677 0.337803 -0.970592 0.201645 -0.131493 -0.778459 0.231401 -0.583485 -0.385490 -0.239733 -0.891025 -0.151330 0.022913 -0.988218 -0.083094 0.373858 -0.923756 -0.603426 -0.071044 -0.794248 -0.407590 0.039831 -0.912296 -0.262219 0.230524 -0.937070 -0.602654 0.086345 -0.793318 -0.575550 0.208806 -0.790660 -0.428455 0.212628 -0.878189 -0.386690 -0.408231 0.826933 -0.406451 -0.540030 0.736998 -0.449149 -0.524080 0.723606 -0.516330 -0.409582 0.752094 -0.613807 -0.313236 0.724654 -0.283161 0.774385 -0.565816 -0.377429 0.661242 -0.648310 -0.485125 0.585653 -0.649357 -0.616273 0.516601 -0.594417 -0.803194 0.399257 -0.442124 -0.973658 0.209916 -0.089025 -0.951698 -0.012310 0.306788 -0.817483 -0.170973 0.549991 -0.702118 -0.247355 0.667717 -0.975557 0.032661 0.217306 -0.949993 0.309298 -0.042980 -0.943232 0.332080 -0.006057 -0.976254 0.033194 0.214072 -0.973005 0.000286 0.230785 -0.941748 0.327478 0.076603 -0.951765 0.306231 0.019132 -0.972514 0.020495 0.231942 -0.324014 0.358326 0.875567 -0.413881 0.264352 0.871103 -0.346646 0.244584 0.905547 -0.451726 -0.030860 0.891623 -0.348550 0.171499 0.921467 -0.403160 -0.170811 0.899047 -0.321907 0.040065 0.945923 -0.318586 -0.213128 0.923623 
						-0.964428 -0.018754 0.263679 -0.983561 0.177790 -0.031586 -0.975455 0.214431 -0.050059 -0.974788 -0.004118 0.223097 -0.959921 0.275139 -0.053376 -0.977153 0.012846 0.212149 -0.824504 -0.341364 0.451291 -0.840273 -0.324743 0.434146 -0.816465 -0.290442 0.499027 -0.843736 -0.270021 0.463894 -0.799394 -0.239686 0.550927 -0.689029 0.704284 -0.170946 -0.826054 0.541706 -0.155530 -0.683853 0.669366 -0.290334 -0.726887 0.585010 -0.359721 -0.770972 0.517010 -0.371890 -0.834094 0.454634 -0.312403 -0.861561 -0.225507 0.454817 -0.894520 0.362794 -0.261177 -0.882475 -0.191035 0.429818 -0.199614 0.191766 0.960926 -0.296683 0.353195 0.887261 -0.186380 0.059251 0.980689 -0.303662 0.372997 0.876734 -0.306245 0.486149 0.818458 -0.393923 0.328035 0.858614 -0.308206 0.551134 0.775410 -0.303307 0.534605 0.788798 -0.211673 0.004537 0.977330 -0.304199 0.354218 0.884303 -0.219458 -0.019769 0.975422 -0.302118 0.329067 0.894673 -0.236791 -0.020619 0.971342 -0.302924 0.315397 0.899312 -0.308397 0.332706 0.891178 -0.277323 0.034487 0.960158 -0.313779 0.081875 0.945959 -0.316690 0.376292 0.870696 -0.367857 0.214732 0.904749 -0.314141 0.443270 0.839540 -0.239850 0.417023 0.876678 -0.292308 0.466524 0.834812 -0.274605 0.424745 0.862661 -0.334156 0.423826 0.841850 -0.256844 0.686149 0.680610 -0.313830 0.617155 0.721547 -0.288843 0.344904 0.893091 0.378892 0.347477 0.857730 0.344083 0.396554 0.851089 0.311024 0.473886 0.823830 0.289998 0.624541 0.725155 0.303780 0.372573 0.876873 0.287736 0.687615 0.666629 0.291039 0.423532 0.857856 0.277554 0.516002 0.810374 0.230363 0.621301 0.748945 0.245176 0.534108 0.809084 0.259619 0.461586 0.848255 0.145449 0.773612 0.616740 0.985274 0.025047 -0.169136 0.942587 0.119383 -0.311893 0.827651 0.263132 -0.495736 0.642478 0.488591 -0.590340 0.399991 0.612790 -0.681539 
						0.970604 0.091853 -0.222466 0.996708 0.047691 -0.065568 0.998364 0.007421 -0.056695 0.952167 0.186902 -0.241754 0.928691 0.290976 -0.229927 0.996044 -0.066866 -0.058529 0.993499 -0.100144 -0.054135 0.950005 0.171846 -0.260690 0.945177 0.123497 -0.302306 0.995039 -0.068286 -0.072349 0.993944 -0.033582 -0.104633 0.933005 0.127935 -0.336355 0.229719 0.900283 0.369756 0.277962 0.851077 0.445427 0.511803 0.154781 0.845045 0.225328 0.060527 0.972401 0.224035 -0.081776 0.971144 0.568414 0.034007 0.822039 0.658172 -0.134158 0.740818 0.237116 -0.335774 0.911609 0.375597 -0.332691 0.865011 0.702752 -0.113843 0.702267 0.695195 0.088745 0.713322 0.488465 -0.047783 0.871274 0.467113 0.334982 0.818286 0.628760 0.393779 0.670521 0.304045 0.726135 0.616672 0.380212 0.778918 0.498723 0.381810 0.844206 0.376215 0.334304 0.894882 0.295680 0.296689 0.905237 0.304175 0.247267 0.922776 0.295538 0.256393 0.534459 0.805368 0.420629 0.611666 0.670027 -0.159776 0.266217 0.950579 -0.245510 0.298136 0.922410 -0.279344 0.325017 0.903510 -0.274386 0.396422 0.876106 -0.302017 0.352342 0.885800 0.726619 0.350400 0.590969 0.637880 0.561872 0.526696 0.708597 0.308280 0.634708 0.637408 0.409180 0.652904 0.556457 0.504356 0.660289 0.242500 0.309575 0.919433 0.471409 0.399889 0.786042 0.230087 0.145295 0.962263 0.475645 0.238379 0.846721 0.522709 0.567131 0.636504 0.344906 0.303397 0.888251 0.289259 -0.097907 0.952231 0.282581 0.302013 0.910459 0.117238 -0.064351 0.991017 0.176904 -0.350230 0.919806 -0.092561 -0.197797 0.975863 -0.135976 -0.048585 0.989520 -0.055364 -0.237562 0.969793 -0.128787 0.295668 0.946570 -0.049926 0.325848 0.944103 -0.064587 0.426138 0.902349 -0.003311 0.492956 0.870048 -0.009576 0.016307 0.999821 0.021560 0.152375 0.988088 0.043020 0.224927 0.973425 
						0.070026 0.343367 0.936587 0.508202 0.589235 0.628118 0.493464 0.672272 0.551855 0.434407 0.735332 0.520170 0.117394 0.515251 0.848961 0.103317 0.611009 0.784853 0.223090 0.701528 0.676823 0.982504 -0.159514 0.096128 0.995045 -0.080868 0.057836 0.991162 -0.018049 -0.131420 0.934153 0.093929 -0.344290 0.857910 0.172606 -0.483939 0.782118 0.302041 -0.545034 0.284524 0.436077 0.853746 0.270788 0.433186 0.859665 0.280410 0.438336 0.853951 0.275368 0.478611 0.833729 0.269482 0.467012 0.842188 0.264092 0.539520 0.799483 0.964063 -0.232899 0.127833 0.936967 -0.320928 0.138194 0.753638 0.415626 -0.509201 0.766560 0.462455 -0.445558 0.375692 0.705302 -0.601169 0.254266 0.727410 -0.637356 0.715613 0.581812 -0.386514 0.212060 0.713297 -0.668010 0.287753 0.723482 -0.627513 0.386124 0.580069 -0.717237 0.998578 -0.016646 -0.050651 0.927275 0.293177 -0.232828 0.694386 0.609736 -0.382165 0.926996 -0.357532 0.113355 0.936235 -0.313598 0.158497 0.744006 0.530480 -0.406259 0.818816 0.401502 -0.410287 0.884363 0.279273 -0.374044 0.998641 -0.008270 -0.051462 0.984737 0.033826 -0.170731 0.995206 0.059814 -0.077374 0.980266 0.038530 -0.193891 0.938734 0.148044 -0.311225 0.949600 -0.263945 0.169097 0.972511 -0.170017 0.159110 0.983182 -0.119512 0.138092 0.994461 -0.069463 0.078880 0.433970 -0.060867 0.898869 0.387464 -0.118767 0.914202 0.433772 0.158335 0.887002 0.400161 0.284056 0.871311 0.417826 -0.008580 0.908487 0.406766 0.247874 0.879261 0.377665 0.318813 0.869326 0.918316 0.288299 -0.271254 0.985167 0.137405 0.102794 0.992125 0.107709 0.063927 0.896276 0.333109 -0.292793 0.994529 0.085155 0.060509 0.874553 0.366269 -0.317812 0.996267 0.078026 0.036926 0.859836 0.395053 -0.323444 0.993800 0.040817 0.103418 0.912987 0.273797 -0.302473 0.956941 0.030483 0.288677 
						0.952120 0.058863 -0.300005 0.866682 0.041872 0.497101 0.867625 -0.077340 0.491166 0.845917 -0.139615 0.514715 0.803837 -0.200771 0.559944 0.721719 -0.275479 0.635006 0.597772 -0.143220 0.788769 0.285435 0.257795 0.923076 0.100551 -0.315592 0.943552 -0.058611 -0.016384 0.998147 -0.083055 -0.041301 0.995689 -0.132708 0.020129 0.990951 -0.115942 0.067758 0.990942 -0.201134 -0.106791 0.973725 -0.193059 -0.088119 0.977222 -0.180351 -0.166897 0.969339 -0.191824 -0.210046 0.958689 0.204271 -0.204138 0.957393 0.298005 -0.071551 0.951879 0.352188 -0.003446 0.935923 0.419359 0.045182 0.906695 0.425600 0.042132 0.903930 -0.071310 -0.238858 0.968433 0.008069 -0.182060 0.983254 0.089415 -0.154869 0.983880 0.194069 -0.120345 0.973578 0.282693 -0.076661 0.956142 0.361372 -0.017024 0.932266 -0.128570 -0.285005 0.949864 0.182274 -0.285045 0.941024 0.231674 -0.300717 0.925147 0.093726 -0.138139 0.985968 0.150935 -0.152332 0.976736 0.027678 -0.108109 0.993754 0.073909 -0.118728 0.990172 -0.030404 -0.099345 0.994589 0.009991 -0.087442 0.996120 0.043419 -0.146904 0.988197 0.114027 -0.120995 0.986082 0.187622 -0.099788 0.977159 0.275475 -0.045634 0.960224 0.358121 0.012882 0.933586 0.100023 -0.281308 0.954390 0.047590 -0.172249 0.983903 -0.046262 -0.114002 0.992403 -0.109825 -0.096388 0.989266 -0.149568 -0.058782 0.987003 -0.184317 -0.003011 0.982862 -0.231623 0.245755 0.941252 -0.247474 0.220608 0.943445 -0.238863 0.128945 0.962454 -0.232304 0.153527 0.960450 -0.278824 0.139182 0.950203 -0.242732 0.051770 0.968711 0.425372 0.108746 0.898461 0.422839 0.173816 0.889379 -0.253020 0.096249 0.962661 -0.210237 0.145919 0.966700 -0.182490 0.187449 0.965174 0.369283 0.112340 0.922502 0.310360 -0.011569 0.950549 -0.205749 -0.057546 0.976911 -0.215112 -0.007991 0.976557 0.214647 -0.133384 0.967541 
						0.129339 -0.217172 0.967527 0.084960 -0.297113 0.951055 0.109537 -0.268270 0.957096 -0.212625 0.024161 0.976835 -0.177313 -0.133235 0.975094 -0.157463 -0.223798 0.961832 -0.170387 -0.263964 0.949364 -0.191472 -0.255165 0.947750 -0.198674 -0.304395 0.931597 0.150582 -0.151112 0.976980 -0.202138 -0.292884 0.934537 -0.206742 -0.206562 0.956342 -0.194873 -0.192238 0.961805 -0.217104 -0.123861 0.968258 -0.217662 -0.143929 0.965354 -0.217743 -0.183244 0.958650 -0.258835 -0.016193 0.965786 -0.246182 -0.062978 0.967175 0.188589 -0.032659 0.981513 -0.240200 -0.054462 0.969194 -0.271832 0.087583 0.958351 -0.256278 0.059161 0.964791 -0.272596 0.068140 0.959713 -0.260372 0.107843 0.959467 -0.282060 0.178602 0.942626 -0.290868 0.275311 0.916297 -0.257885 0.135679 0.956602 -0.266503 0.063294 0.961754 -0.307267 0.155519 0.938830 0.300388 -0.016303 0.953678 0.320579 0.029151 0.946773 -0.247738 0.040806 0.967967 0.215522 0.053202 0.975049 0.270523 0.078240 0.959529 0.285531 -0.017765 0.958205 -0.248827 0.130132 0.959766 -0.251016 0.106501 0.962106 -0.254294 0.048674 0.965901 0.291548 0.210272 0.933159 0.297676 0.196373 0.934252 0.299473 0.054752 0.952533 0.320429 0.276210 0.906109 0.311905 0.210155 0.926580 0.310053 0.172922 0.934861 0.363689 0.101438 0.925981 0.370614 0.184613 0.910254 0.350411 0.211769 0.912341 0.330256 0.235761 0.913973 0.304422 0.133652 0.943114 0.303996 0.106996 0.946646 0.309805 0.073768 0.947934 0.330494 0.155319 0.930940 0.319820 0.163253 0.933308 0.337118 0.117183 0.934141 0.297170 0.174855 0.938678 0.294703 0.215354 0.931006 0.290855 0.308580 0.905639 0.292364 0.315264 0.902847 0.291317 0.306821 0.906088 0.289289 0.316148 0.903528 0.293995 0.288811 0.911129 0.295382 0.291066 0.909962 0.290488 0.337323 0.895449 0.291249 0.315042 0.903285 
						-0.294492 -0.047464 0.954475 -0.279140 -0.062732 0.958199 -0.299358 0.320076 0.898853 -0.316000 0.430079 0.845680 -0.309077 0.347176 0.885404 -0.291515 0.309577 0.905086 -0.313172 0.385931 0.867745 -0.297111 0.309996 0.903121 -0.255167 0.291002 0.922067 -0.256900 0.250671 0.933363 -0.263595 0.170495 0.949447 -0.256242 0.232394 0.938261 -0.255154 0.263834 0.930209 -0.257106 0.288288 0.922381 -0.310340 0.020074 0.950414 -0.339702 0.159153 0.926970 -0.336085 0.252808 0.907268 -0.311265 0.211719 0.926439 -0.319326 0.373908 0.870760 -0.322260 0.363434 0.874108 -0.328282 0.317583 0.889591 -0.323068 0.243700 0.914460 -0.323347 0.152204 0.933960 -0.325878 0.434433 0.839686 -0.299226 0.288315 0.909581 -0.317499 0.440907 0.839521 -0.324879 0.473375 0.818761 -0.309252 0.357855 0.881081 -0.325686 0.435043 0.839444 -0.325345 0.439835 0.837076 -0.325164 0.450123 0.831660 -0.042224 -0.497408 0.866489 -0.053619 -0.588444 0.806758 -0.983210 -0.031744 0.179696 -0.989422 -0.044155 0.138185 
					</float_array>
					<technique_common>
						<accessor count="2211" offset="0" source="#meshId0-tangents-array" stride="3">
							<param name="X" type="float" />
							<param name="Y" type="float" />
							<param name="Z" type="float" />
						</accessor>
					</technique_common>
				</source>
				<source id="meshId0-bitangents" name="meshId0-bitangents">
					<float_array id="meshId0-bitangents-array" count="6633"> 
						0.892776 -0.064933 0.445796 0.983368 -0.021455 0.180355 0.980807 -0.019264 0.194024 0.879133 -0.062525 0.472457 0.986904 -0.021646 0.159849 0.991685 0.028889 -0.125404 0.992041 0.024258 -0.123558 0.891820 0.069077 -0.447086 0.900453 0.059398 -0.430878 0.743728 0.103324 -0.660449 0.732306 0.103620 -0.673046 0.700282 -0.099767 0.706860 0.722842 -0.092724 0.684764 0.477537 0.129682 -0.868989 0.461931 0.123925 -0.878215 0.150560 0.147664 -0.977511 0.167814 0.123159 -0.978095 -0.008104 0.156930 -0.987576 -0.009573 0.144900 -0.989400 -0.156830 0.167136 -0.973381 -0.174120 0.157273 -0.972084 -0.320163 0.177826 -0.930523 -0.343537 0.168448 -0.923909 -0.569153 0.168389 -0.804805 -0.573025 0.162906 -0.803184 -0.944838 0.166851 -0.281855 -0.951387 0.136661 -0.276018 -0.796237 0.154333 -0.584968 -0.777154 0.168175 -0.606423 -0.963661 0.109800 -0.243520 -0.990228 0.110415 0.085182 -0.995660 0.051232 0.077695 -0.987926 -0.151471 0.032547 -0.978854 -0.196353 0.057368 -0.919643 -0.212221 0.330483 -0.937842 -0.193499 0.288115 0.465724 -0.120349 0.876708 0.492369 -0.116348 0.862575 0.237124 -0.134115 0.962178 0.235144 -0.129906 0.963240 0.056984 -0.155232 0.986233 0.039449 -0.162267 0.985958 -0.228893 -0.187269 0.955269 -0.164459 -0.184637 0.968949 -0.513332 -0.201925 0.834096 -0.587947 -0.200536 0.783648 -0.852319 -0.198924 0.483716 -0.789699 -0.209681 0.576549 -0.970873 -0.168622 0.170215 0.993515 0.013852 -0.112858 0.986850 -0.020469 0.160339 0.986175 -0.023229 0.164071 0.993457 0.010527 -0.113722 0.976285 0.014112 -0.216030 0.990732 -0.015937 0.134896 0.989436 -0.002606 0.144950 0.967928 0.009889 -0.251033 0.987975 -0.018530 0.153501 0.902096 -0.055915 0.427897 0.902665 -0.053084 0.427057 0.725290 -0.079944 0.683786 0.718616 -0.091492 0.689362 0.491018 -0.108000 0.864429 0.484481 -0.125003 0.865825 
						0.209675 -0.134784 0.968437 0.212027 -0.157019 0.964567 0.032081 -0.157554 0.986989 0.036537 -0.171254 0.984549 -0.162115 -0.178968 0.970407 -0.160326 -0.183034 0.969945 -0.499439 -0.201854 0.842506 -0.483099 -0.211026 0.849755 -0.764351 -0.214282 0.608154 -0.742234 -0.224688 0.631351 -0.904924 -0.231529 0.357081 -0.967555 -0.239294 0.081089 -0.982732 0.173412 0.064554 -0.536582 0.170032 -0.826541 -0.295141 0.161371 -0.941728 -0.142415 0.162497 -0.976377 -0.007101 0.158625 -0.987313 0.155241 0.152316 -0.976064 0.910674 0.050393 -0.410040 0.908088 0.056509 -0.414950 0.693196 0.099614 -0.713832 0.711548 0.093789 -0.696350 0.428824 0.131635 -0.893746 0.407076 0.140480 -0.902527 0.476058 0.118955 -0.871332 0.986991 -0.023911 0.158988 0.886166 -0.063407 0.459008 0.879892 -0.062360 0.471063 0.805232 0.018776 -0.592663 0.846093 0.052626 -0.530432 0.569937 0.061195 -0.819407 0.619129 0.093658 -0.779684 0.390672 0.098342 -0.915262 0.408054 0.123908 -0.904510 0.293167 0.118887 -0.948641 0.276728 0.139362 -0.950789 -0.041654 0.165804 -0.985279 -0.020296 0.154445 -0.987793 -0.194995 0.166025 -0.966650 -0.204316 0.171068 -0.963842 0.156698 0.139054 -0.977809 0.118519 0.154888 -0.980797 -0.450175 0.173133 -0.875995 -0.467134 0.175931 -0.866507 -0.768955 0.170332 -0.616195 -0.766172 0.174319 -0.618541 -0.973048 -0.213785 0.086448 -0.976371 -0.193581 0.096050 -0.898479 -0.196768 0.392451 -0.897523 -0.211077 0.387169 -0.959211 0.159573 -0.233346 -0.952308 0.171645 -0.252285 -0.982763 0.151831 0.105467 -0.981617 0.170450 0.085873 -0.692332 -0.193927 0.695031 -0.689732 -0.203705 0.694819 -0.417386 -0.186359 0.889415 -0.399995 -0.192233 0.896131 -0.182114 -0.177705 0.967086 -0.151300 -0.177483 0.972424 0.076918 -0.160210 0.984082 0.096867 -0.158290 0.982630 0.673585 -0.107174 0.731298 0.657741 -0.105878 0.745766 
						0.441844 -0.142647 0.885678 0.431696 -0.140167 0.891062 0.258005 -0.162776 0.952333 0.268417 -0.157637 0.950317 0.307349 -0.135741 0.941866 0.300952 -0.138328 0.943554 0.183205 0.162626 -0.969530 0.173266 0.160810 -0.971658 0.164155 0.158261 -0.973656 0.454885 0.124463 -0.881810 0.741055 0.088098 -0.665640 0.728058 0.089995 -0.679582 0.894174 0.062640 -0.443317 0.900901 0.060030 -0.429853 0.991982 0.017882 -0.125106 0.992723 0.016422 -0.119293 -0.004325 0.173843 -0.984764 -0.009959 0.170538 -0.985301 -0.011302 0.165819 -0.986091 -0.141677 0.176673 -0.974020 -0.144435 0.172952 -0.974282 -0.143650 0.167418 -0.975365 -0.282702 0.178169 -0.942515 -0.284847 0.172353 -0.942951 -0.287261 0.166709 -0.943234 -0.511402 0.182928 -0.839646 -0.510571 0.181097 -0.840548 -0.514827 0.174111 -0.839428 -0.750857 0.190382 -0.632431 -0.753548 0.192140 -0.628687 -0.764035 0.182702 -0.618765 -0.932412 0.197080 -0.302931 -0.933078 0.204618 -0.295798 -0.940190 0.193121 -0.280619 -0.977788 0.205414 0.041673 -0.975165 0.217172 0.043468 -0.977129 0.205704 0.053895 -0.903233 -0.243365 0.353473 -0.901675 -0.245496 0.355968 -0.964845 -0.255170 0.062952 -0.967044 -0.249304 0.051710 -0.902430 -0.242007 0.356446 -0.965172 -0.251340 0.072602 -0.713250 -0.232728 0.661145 -0.721750 -0.233509 0.651575 -0.732197 -0.231072 0.640698 -0.454935 -0.218252 0.863365 -0.463888 -0.217878 0.858683 -0.474124 -0.215318 0.853724 -0.179666 -0.196308 0.963941 -0.173540 -0.193099 0.965710 -0.166628 -0.188812 0.967773 0.075110 -0.178282 0.981109 0.063460 -0.179088 0.981784 0.049080 -0.177842 0.982834 0.244270 -0.165023 0.955563 0.227222 -0.164638 0.959825 0.457487 -0.138974 0.878289 0.472131 -0.133616 0.871343 0.691908 -0.101920 0.714756 0.706268 -0.097179 0.701243 0.892813 -0.058932 0.446556 0.898032 -0.056059 0.436343 0.987454 -0.019204 0.156732 
						0.081522 -0.173788 0.981403 0.086106 -0.169593 0.981745 0.278154 -0.152507 0.948352 0.091097 -0.163576 0.982316 0.288907 -0.145393 0.946252 0.418093 -0.109513 0.901779 0.420687 -0.122112 0.898950 0.424274 -0.131162 0.895984 0.427941 -0.136799 0.893394 0.583606 -0.079609 0.808125 0.609312 -0.094621 0.787265 0.626819 -0.102686 0.772369 0.642855 -0.105567 0.758678 0.839431 -0.043483 0.541723 0.859705 -0.053688 0.507962 0.867470 -0.060283 0.493824 0.873964 -0.062670 0.481933 -0.177041 -0.194277 0.964838 -0.168896 -0.190024 0.967143 -0.160388 -0.183956 0.969761 -0.443518 -0.214460 0.870229 -0.429720 -0.208851 0.878477 -0.415263 -0.201233 0.887165 -0.708732 -0.227494 0.667792 -0.702622 -0.221700 0.676144 -0.696317 -0.213831 0.685142 -0.903619 -0.236260 0.357285 -0.901635 -0.230041 0.366245 -0.899607 -0.222010 0.376057 -0.936963 0.190743 -0.292775 -0.979820 0.193118 0.051566 -0.942141 0.184676 -0.279759 -0.980545 0.186232 0.062047 -0.947189 0.178682 -0.266280 -0.981065 0.179273 0.073297 -0.754245 0.189837 -0.628551 -0.758242 0.185093 -0.625147 -0.762316 0.179845 -0.621716 -0.969487 -0.239396 0.052759 -0.970471 -0.232825 0.063080 -0.971571 -0.224821 0.074201 -0.505131 0.188078 -0.842300 -0.492766 0.185351 -0.850192 -0.480177 0.180788 -0.858339 -0.258432 0.184093 -0.948326 -0.228630 0.180876 -0.956563 -0.213652 0.176734 -0.960790 0.004378 0.175970 -0.984386 -0.125862 0.181863 -0.975236 0.024753 0.174017 -0.984432 -0.101185 0.179979 -0.978452 0.065592 0.167359 -0.983712 -0.073566 0.174581 -0.981891 0.198699 0.164788 -0.966108 0.221789 0.161325 -0.961657 0.247636 0.153569 -0.956605 0.397869 0.144937 -0.905921 0.400397 0.142984 -0.905118 0.403747 0.137079 -0.904543 0.676014 0.101118 -0.729918 0.659388 0.102482 -0.744785 0.640589 0.100963 -0.761218 0.902444 0.048162 -0.428107 0.886505 0.051222 -0.459875 
						0.867900 0.053302 -0.493871 0.991524 0.007503 -0.129706 0.987693 0.009449 -0.156119 0.982759 0.011673 -0.184522 0.989423 -0.020716 0.143573 0.988171 -0.023140 0.151603 0.983751 0.008125 0.179355 0.964036 -0.000155 -0.265770 0.759364 0.016229 -0.650464 0.488362 0.066427 -0.870109 0.381999 0.099770 -0.918762 0.312292 0.119550 -0.942434 0.110695 0.141380 -0.983747 -0.100455 0.157546 -0.982389 -0.227760 0.170674 -0.958642 -0.437403 0.182392 -0.880575 -0.774297 0.174085 -0.608406 -0.965103 0.158217 -0.208672 -0.982080 0.142172 0.123714 -0.979352 -0.176483 0.098611 -0.901083 -0.182590 0.393332 -0.701368 -0.178566 0.690071 -0.488632 -0.161727 0.857370 -0.314740 -0.146644 0.937782 0.041681 -0.150620 0.987713 0.324324 -0.135604 0.936176 0.463258 -0.082073 0.882415 0.570990 -0.029279 0.820435 0.803030 0.019196 0.595630 0.228242 0.754044 0.615892 -0.008316 0.818183 0.574898 -0.084979 0.822949 0.561724 0.168457 0.780933 0.601469 0.389433 0.745395 0.541043 0.375452 0.733079 0.567125 0.470881 0.717571 0.513188 0.417357 0.723239 0.550217 0.546973 0.668578 0.503809 0.497433 0.686488 0.530372 0.781582 0.491079 0.384670 0.738324 0.538290 0.406352 -0.185068 0.836503 0.515764 -0.200288 0.838868 0.506147 -0.330803 0.847875 0.414340 -0.313785 0.845605 0.431846 -0.424299 0.867629 0.259210 -0.408988 0.864734 0.291486 -0.457715 0.880823 0.121030 -0.448058 0.879714 0.159208 -0.447086 -0.893081 -0.050203 -0.448948 -0.893377 -0.018004 -0.447869 -0.876206 -0.177980 -0.442417 -0.873486 -0.203200 -0.376231 -0.842882 -0.384709 -0.349780 -0.836917 -0.420979 -0.214185 -0.824758 -0.523354 -0.156046 -0.817914 -0.553775 -0.087029 -0.818534 -0.567828 -0.059611 -0.813801 -0.578078 0.054349 -0.789220 -0.611700 0.038974 -0.801552 -0.596654 0.217036 -0.754621 -0.619227 0.270472 -0.743946 -0.611056 0.331367 -0.719039 -0.610884 
						0.487319 -0.673383 -0.555946 0.367070 -0.686069 -0.628147 0.501870 -0.662731 -0.555800 0.461700 -0.623425 -0.631011 0.534980 -0.628745 -0.564336 0.972860 0.190252 0.131712 0.965482 0.238837 0.103934 0.977316 -0.131766 -0.165804 0.967147 -0.107805 -0.230227 0.815453 -0.406371 -0.412188 0.756161 -0.414229 -0.506591 0.992237 -0.068435 -0.103841 0.981108 0.168341 0.095337 0.988701 0.128887 0.076542 0.994805 -0.063247 -0.079765 0.997390 -0.067617 -0.025338 0.996966 0.043571 0.064500 0.998177 0.022995 0.055800 0.997580 -0.066854 -0.019115 0.997618 -0.068105 -0.010925 0.998902 -0.042577 0.019569 0.997980 -0.063101 0.007344 0.997438 -0.070892 -0.009570 0.994764 -0.100097 -0.020599 0.995969 -0.087965 -0.017520 0.978595 -0.189333 -0.080651 0.999272 0.009709 0.036889 0.803997 0.492285 0.333532 0.561512 0.679325 0.472464 0.514559 0.718939 0.467286 0.268846 0.802369 0.532846 0.294470 0.817284 0.495313 0.484579 0.748633 0.452473 0.896921 -0.322165 -0.302889 0.917969 -0.302934 -0.256056 0.619404 -0.615517 -0.487317 0.639924 -0.617406 -0.457501 0.232082 0.789192 0.568608 0.381186 0.763908 0.520712 0.084150 0.816617 0.571013 -0.015065 0.814448 0.580040 -0.153968 0.824284 0.544839 -0.127909 0.822811 0.553734 -0.041537 0.823460 0.565851 0.878183 -0.338049 -0.338403 0.607792 -0.608910 -0.509722 0.987846 -0.081754 -0.132200 0.973997 0.202207 0.102184 0.794311 0.509387 0.331051 0.185598 0.825417 0.533142 0.173404 0.842716 0.509667 0.101788 0.831530 0.546074 0.091299 0.845238 0.526533 0.040903 0.831043 0.554702 0.054658 0.839322 0.540880 0.478769 -0.698906 -0.531329 0.387914 -0.732261 -0.559747 0.111947 -0.792716 -0.599223 -0.062656 -0.816938 -0.573312 0.334395 -0.776795 -0.533637 0.280110 -0.813633 -0.509451 0.170523 -0.801408 -0.573295 0.102869 -0.864836 -0.491403 -0.012652 -0.843650 -0.536745 
						-0.027180 -0.819614 -0.572271 -0.091640 -0.839369 -0.535782 -0.093828 -0.824609 -0.557868 -0.099316 -0.834895 -0.541374 -0.202986 0.833761 0.513458 -0.291898 0.840151 0.457102 -0.392574 0.859756 0.326657 -0.433491 0.878866 0.199196 -0.446045 -0.891067 -0.083929 -0.436684 -0.868065 -0.236158 -0.323892 -0.828801 -0.456271 -0.108762 -0.804135 -0.584412 -0.059521 -0.808597 -0.585344 -0.059035 -0.812380 -0.580132 -0.042696 -0.818446 -0.572995 -0.119604 -0.801858 -0.585422 -0.336388 -0.825819 -0.452621 -0.447513 -0.860848 -0.242224 -0.457961 -0.885270 -0.081054 -0.428335 0.877831 0.214341 -0.391325 0.858669 0.330986 -0.296380 0.840853 0.452908 -0.193802 0.832531 0.518973 -0.129293 0.830802 0.541342 -0.037112 0.832494 0.552789 -0.016244 0.840714 0.541236 -0.101151 0.838632 0.535224 -0.198808 0.837794 0.508505 -0.323097 0.842795 0.430470 -0.409688 0.858387 0.308752 -0.443892 0.873855 0.198338 -0.479931 -0.876793 -0.029989 -0.477083 -0.853727 -0.208668 0.060295 -0.857804 -0.510427 -0.015394 -0.856581 -0.515782 -0.024332 -0.854761 -0.518450 0.017909 -0.840022 -0.542256 0.020966 -0.818085 -0.574715 -0.140676 -0.805659 -0.575434 -0.368911 -0.822714 -0.432489 0.217984 0.851093 0.477622 0.447310 0.780237 0.437200 0.109682 0.863502 0.492275 0.049919 0.862132 0.504218 0.034345 0.883563 0.467051 0.034308 0.883771 0.466661 0.050999 0.906188 0.419789 0.002247 0.902164 0.431388 -0.642309 0.671637 0.369247 -0.570317 0.729737 0.377123 -0.734557 0.570811 0.366879 -0.741918 0.562867 0.364333 0.038552 0.848924 0.527107 -0.005313 0.843891 0.536489 -0.051194 0.836380 0.545754 -0.125846 0.826407 0.548831 -0.249751 0.826427 0.504621 -0.374724 0.842527 0.386949 -0.434713 0.867257 0.242674 -0.514229 -0.854929 -0.068298 -0.502080 -0.833894 -0.229207 -0.374857 -0.811723 -0.447871 -0.128159 -0.804751 -0.579614 0.849102 0.442631 0.288276 
						0.823862 0.473252 0.311902 0.992055 0.106548 0.066891 0.972643 -0.193337 -0.128791 0.979292 -0.170785 -0.108718 0.952313 0.221892 0.209438 0.973956 0.152008 0.168233 0.093949 0.881545 0.462658 0.028042 0.899634 0.435744 0.525661 0.744386 0.411789 0.171972 0.875828 0.450944 0.247090 0.867137 0.432458 0.881003 0.394444 0.261241 0.085006 0.896498 0.434817 0.736951 -0.541330 -0.404802 0.341261 -0.809104 -0.478427 0.015564 -0.888189 -0.459214 0.010815 -0.897185 -0.441522 -0.117070 -0.912558 -0.391832 -0.049294 -0.916808 -0.396273 0.036758 -0.901056 -0.432142 -0.154806 -0.907165 -0.391264 0.804787 -0.481620 -0.346930 0.489962 -0.750676 -0.443195 0.059779 0.866672 0.495283 0.055983 0.852379 0.519920 0.045849 0.834241 0.549491 -0.023487 0.803984 0.594187 -0.183891 0.790874 0.583697 -0.353999 0.809123 0.469046 -0.421303 0.859448 0.289574 -0.577880 -0.806683 -0.123762 -0.543920 -0.793780 -0.272148 0.036151 -0.874875 -0.482997 0.000854 -0.909791 -0.415066 -0.381169 -0.793759 -0.473979 -0.114928 -0.807078 -0.579153 0.072529 -0.823770 -0.562265 0.111272 -0.846715 -0.520280 0.068932 -0.869129 -0.489757 0.993591 0.087921 0.071049 0.920115 0.311164 0.237834 0.995424 0.066001 0.069098 0.996357 -0.062983 -0.057499 0.945137 -0.248866 -0.211619 0.996825 -0.065406 -0.045404 0.957114 -0.229145 -0.177271 0.997150 -0.067092 -0.034498 0.965821 -0.211104 -0.150417 0.122784 0.899261 0.419825 0.634869 0.670902 0.383186 0.303816 0.859464 0.411117 0.084792 0.921263 0.379585 -0.701356 0.617792 0.355574 -0.787957 0.512155 0.341792 -0.832206 0.455877 0.315610 -0.720466 0.608463 0.332720 -0.857595 0.426330 0.287705 -0.682583 0.642960 0.347395 -0.850448 0.466043 0.244012 -0.622104 0.709288 0.331508 0.044125 -0.898640 -0.436463 0.055297 -0.879875 -0.471977 -0.021591 -0.858606 -0.512181 -0.196481 -0.828816 -0.523889 
						-0.443147 -0.779007 -0.443585 -0.623564 -0.743015 -0.243097 -0.667045 -0.742503 -0.061154 -0.444435 0.795839 0.411239 -0.483037 0.848972 0.214293 -0.260390 0.800974 0.539109 -0.084054 0.828506 0.553636 0.020372 0.854851 0.518474 0.072541 0.873101 0.482112 0.095908 0.889653 0.446451 0.863537 -0.415336 -0.286006 0.901165 -0.362757 -0.237298 0.932302 -0.303199 -0.197188 0.996928 -0.068074 -0.038747 0.998778 -0.046523 -0.016679 0.995914 0.038416 0.081731 0.998287 0.007655 0.057996 0.995095 -0.095210 -0.026846 0.988911 -0.138734 -0.052992 0.987683 -0.124452 -0.094841 0.995715 -0.081185 -0.044286 -0.886537 -0.458159 -0.064369 -0.944684 -0.278851 -0.172666 -0.963644 -0.170225 -0.205945 -0.945160 -0.291365 -0.147577 -0.578032 0.724324 0.375810 -0.771427 0.529956 0.352204 -0.632267 0.686170 0.359735 -0.811190 0.492192 0.315780 -0.654701 0.684179 0.321349 -0.856089 0.448547 0.256745 -0.675402 0.685835 0.271038 -0.895591 0.413639 0.163768 -0.725584 0.662405 0.186408 -0.911262 0.407997 0.056038 -0.805808 0.591392 0.030468 -0.937720 0.346856 -0.019274 -0.458383 0.803322 0.380209 -0.341446 0.850440 0.400208 -0.635888 0.734431 0.237188 -0.313142 0.866857 0.387946 -0.262158 0.888704 0.376135 -0.205382 0.910839 0.358036 -0.220569 0.909457 0.352474 -0.294208 0.886284 0.357690 -0.316258 0.875268 0.365904 -0.339412 0.875665 0.343527 -0.361296 0.865997 0.345709 -0.328602 0.876121 0.352751 -0.692658 0.721266 0.000459 -0.741860 -0.662828 -0.101504 -0.753714 -0.642918 0.136282 -0.824433 0.529071 -0.200984 -0.950288 0.242125 -0.195778 -0.576030 -0.745125 -0.336121 -0.859977 -0.507165 0.056769 -0.859586 -0.409106 0.306177 -0.937018 -0.308637 0.163523 -0.937159 -0.152931 0.313599 -0.350117 -0.836637 -0.421256 -0.242878 -0.881987 -0.403868 -0.184717 -0.909859 -0.371532 -0.181568 -0.920555 -0.345850 -0.209843 -0.922888 -0.322867 
						-0.256818 -0.912625 -0.318058 -0.309397 -0.890458 -0.333705 -0.364830 -0.867262 -0.338756 -0.138581 -0.903468 -0.405635 -0.371371 -0.857041 -0.357161 -0.731043 -0.655687 -0.188817 -0.896162 -0.443401 -0.017038 -0.558832 -0.772534 -0.301493 -0.836703 -0.536499 -0.109986 -0.552071 -0.782362 -0.288319 -0.849865 -0.504320 -0.152941 -0.557195 -0.782631 -0.277531 -0.839380 -0.507878 -0.193654 -0.622036 -0.729621 -0.284122 -0.591971 -0.754152 -0.284297 -0.572447 -0.771270 -0.278294 -0.560243 -0.777637 -0.285322 -0.557881 -0.780958 -0.280845 -0.844706 -0.491295 -0.212372 -0.834910 -0.500103 -0.229832 -0.834266 -0.496012 -0.240776 -0.855411 -0.448058 -0.259839 -0.884583 -0.403962 -0.233083 0.127121 -0.887367 -0.443192 -0.246610 0.886579 0.391357 0.063014 0.917517 0.392673 -0.614108 -0.729690 -0.300704 -0.882145 -0.417532 -0.217915 0.624265 -0.672298 -0.397881 0.707382 -0.616610 -0.345546 0.771547 -0.564310 -0.293717 0.924314 -0.333463 -0.185596 0.955102 -0.267086 -0.128239 0.948412 -0.301569 -0.097836 0.976273 -0.207870 -0.060668 0.933300 -0.330886 -0.139517 0.987235 -0.159218 -0.003963 0.265312 -0.858651 -0.438552 0.394888 -0.821594 -0.411153 0.493074 -0.787687 -0.369360 0.669549 -0.688684 -0.278240 0.739005 -0.623287 -0.255704 0.751577 -0.606612 -0.259140 0.761808 -0.596540 -0.252563 0.745579 0.553218 0.371567 0.837440 0.446328 0.315412 0.928131 0.311013 0.204560 0.943548 0.278981 0.178569 0.986481 0.161020 0.030444 0.994484 0.104515 -0.008841 0.401289 0.822294 0.403484 0.510110 0.768101 0.387051 0.640021 0.698841 0.319366 0.728913 0.613376 0.304066 0.844480 0.527288 0.093915 0.805353 0.585443 0.093073 0.582514 0.733313 0.350613 0.885428 0.385279 0.259958 0.605649 0.724758 0.328504 0.908932 0.347817 0.229925 0.985753 0.106101 0.130516 0.991733 0.072503 0.105874 0.831370 -0.491358 -0.259597 0.566114 -0.756772 -0.326821 
						0.882946 -0.412541 -0.224091 0.616665 -0.728109 -0.299302 0.954728 -0.246032 -0.167218 0.973012 -0.187484 -0.134526 0.986606 -0.137766 -0.087344 0.992671 -0.102493 -0.064030 0.999004 0.002213 0.044576 0.999279 -0.019567 0.032529 0.997612 -0.067362 -0.015275 0.997620 -0.067713 -0.013041 0.822816 0.510388 0.249956 0.960056 0.241259 0.141725 0.868234 0.463668 0.176584 0.970155 0.218174 0.105829 0.868645 0.480981 0.118796 0.978634 0.194878 0.065557 0.999194 -0.018123 0.035807 0.998957 -0.043808 0.012851 0.997869 -0.064829 -0.007455 0.967457 -0.238461 -0.084635 0.771409 -0.589578 -0.239429 0.970561 -0.231597 -0.066146 0.778408 -0.584896 -0.227986 0.963644 -0.256344 -0.075345 0.762186 -0.600781 -0.241110 0.995418 -0.093074 -0.021921 0.990450 -0.135209 -0.026963 0.981756 -0.181752 -0.055869 0.998577 -0.052733 -0.007950 0.997312 -0.072867 -0.007757 0.996544 -0.082160 -0.012211 -0.956019 -0.163265 -0.243664 -0.962675 0.003577 -0.270638 -0.960615 0.064395 -0.270318 -0.963416 0.026791 -0.266667 0.996856 -0.079191 -0.002705 0.995830 -0.090527 -0.011312 0.995645 -0.092039 -0.014859 0.997396 -0.071729 -0.007522 0.997944 -0.063976 -0.003750 0.997483 -0.070603 -0.006489 -0.956793 -0.199957 -0.211105 -0.965113 -0.134008 -0.224942 -0.121153 0.907885 0.401331 0.152585 0.904693 0.397804 -0.504197 0.786618 0.356394 -0.786629 0.569450 0.238624 -0.023473 0.923554 0.382749 0.217311 0.898310 0.381858 -0.331222 0.861004 0.385958 -0.652261 0.701165 0.287964 -0.978497 0.177510 0.105044 -0.986002 0.131384 0.102655 -0.949906 0.285118 0.128010 -0.548748 0.789869 0.273830 0.035379 0.929830 0.366283 0.253312 0.893415 0.371002 -0.192925 0.908265 0.371260 0.099131 0.932348 0.347707 0.326951 0.873937 0.359633 -0.510207 0.823395 0.248413 -0.141075 0.926679 0.348374 -0.928334 0.340968 0.148109 0.171970 0.928886 0.328020 
						0.466018 0.813745 0.347341 -0.125229 0.939269 0.319517 -0.514666 0.824850 0.233967 -0.904737 0.389012 0.173555 0.598851 0.741437 0.302733 0.261992 0.913967 0.309879 0.371696 0.888936 0.267648 0.678883 0.698742 0.225558 0.421587 0.880468 0.216886 0.698830 0.696946 0.160947 -0.094406 0.950040 0.297509 -0.482896 0.841986 0.240564 -0.888765 0.401037 0.221959 -0.803179 0.536114 0.259777 -0.447333 0.853590 0.266980 -0.034710 0.956065 0.291093 0.049875 0.958379 0.281110 -0.380014 0.881782 0.279375 -0.749173 0.601924 0.276455 -0.745688 0.607199 0.274334 -0.298823 0.913977 0.274501 0.414740 0.892055 0.179524 0.648185 0.747806 0.143676 0.116539 0.959536 0.256337 0.579442 0.801976 0.145191 0.377207 0.910605 0.168856 -0.045360 -0.905705 -0.421475 -0.328018 -0.864929 -0.379872 0.139181 0.965951 0.218098 0.146661 0.969988 0.193946 -0.272343 0.927156 0.257315 -0.283759 0.928099 0.241066 -0.726038 0.619029 0.299453 -0.753601 0.561968 0.340995 0.075643 -0.901763 -0.425561 0.200641 -0.894518 -0.399476 0.248517 -0.898000 -0.363091 0.264265 -0.908802 -0.322866 0.252508 -0.915888 -0.312072 0.288816 -0.898112 -0.331631 -0.250821 -0.883437 -0.395762 -0.166192 -0.907208 -0.386464 -0.129085 -0.924073 -0.359760 -0.117665 -0.936797 -0.329493 -0.133940 -0.938772 -0.317438 -0.187845 -0.921364 -0.340298 0.140931 0.525215 -0.839219 0.107767 0.726434 -0.678734 0.181745 0.684441 -0.706052 0.211084 0.505250 -0.836759 -0.603730 -0.733966 -0.311134 -0.895159 -0.395551 -0.205500 -0.584152 -0.743074 -0.326507 -0.900532 -0.379001 -0.213074 -0.564908 -0.760514 -0.320152 -0.892781 -0.383674 -0.236084 -0.558390 -0.766317 -0.317741 -0.881208 -0.396451 -0.257488 0.062988 0.245008 0.967473 0.146444 -0.013617 0.989125 0.168215 -0.087754 0.981837 0.160145 -0.031871 0.986579 0.195495 -0.191047 0.961916 0.166430 -0.104282 0.980524 
						0.257614 -0.387936 0.884953 0.168684 -0.159395 0.972697 -0.022341 0.544186 0.838667 0.146076 0.059649 0.987473 0.138969 0.129879 0.981743 -0.034345 0.714661 0.698628 -0.990644 -0.121815 -0.061535 -0.980018 0.078254 -0.182868 -0.995210 0.039427 0.089459 -0.847609 0.109199 -0.519264 -0.810190 0.152278 -0.566041 -0.611392 0.139081 -0.779010 -0.412943 0.143388 -0.899399 -0.229008 0.137949 -0.963600 -0.026539 0.131181 -0.991003 0.173809 0.111940 -0.978397 0.422162 0.110818 -0.899721 0.716887 0.086740 -0.691773 0.913415 0.050036 -0.403943 0.994453 0.012379 -0.104453 0.137945 0.136778 0.980950 0.050003 0.747001 0.662940 0.135910 0.121289 0.983269 0.113597 0.728729 0.675315 0.137077 0.116640 0.983669 0.161270 0.698546 0.697155 0.134018 0.070166 0.988492 0.203633 0.556634 0.805414 0.182468 0.321589 0.929132 0.127771 -0.007741 0.991773 0.129639 -0.040428 0.990737 0.147565 0.120632 0.981668 0.129811 -0.067672 0.989227 0.130778 -0.040258 0.990594 0.127368 -0.123343 0.984156 0.110414 -0.211119 0.971204 0.130680 -0.133437 0.982404 0.093175 -0.363862 0.926781 0.134463 -0.139190 0.981094 0.069826 -0.537740 0.840214 0.134471 -0.198893 0.970752 0.017058 -0.726649 0.686797 0.057155 -0.806883 0.587939 0.134444 -0.259729 0.956277 0.144099 -0.279986 0.949128 0.109810 -0.834624 0.539763 0.152979 -0.275618 0.949016 0.171833 -0.799732 0.575241 0.166747 -0.261239 0.950763 0.239312 -0.707201 0.665280 0.170165 -0.224883 0.959412 0.280139 -0.581353 0.763905 0.150975 -0.132998 0.979550 0.145917 -0.125038 0.981363 0.141864 -0.128651 0.981491 0.142758 -0.131293 0.981011 0.156882 -0.138446 0.977865 0.143625 -0.135237 0.980348 0.058923 -0.141790 0.988141 0.144660 -0.136490 0.980022 0.142305 -0.109135 0.983788 0.140334 -0.123454 0.982377 0.139712 -0.110696 0.983985 0.138665 -0.127786 0.982060 
						0.136258 -0.132058 0.981832 0.136865 -0.135797 0.981238 0.180625 -0.124385 0.975655 0.086698 -0.128274 0.987942 0.206099 -0.095978 0.973813 0.122381 -0.113549 0.985966 0.167850 -0.082108 0.982387 0.136331 -0.100007 0.985603 0.156656 -0.090295 0.983517 0.141923 -0.092204 0.985574 0.152481 -0.085769 0.984578 0.144706 -0.082999 0.985988 0.148857 -0.056834 0.987224 0.144051 -0.066157 0.987356 0.141743 -0.053051 0.988481 0.143738 -0.036148 0.988955 0.141589 -0.021053 0.989702 0.140943 -0.042759 0.989094 0.139866 -0.015490 0.990049 0.140085 -0.041204 0.989282 0.138816 -0.018631 0.990143 0.139380 -0.042209 0.989339 0.137611 -0.039328 0.989705 0.137947 -0.057650 0.988760 0.135496 -0.067082 0.988504 0.137371 -0.077884 0.987453 0.136407 -0.062210 0.988698 0.136798 -0.087082 0.986764 0.135733 -0.089627 0.986683 0.136039 -0.111491 0.984410 0.133879 -0.136462 0.981557 0.135722 -0.137281 0.981190 0.130351 -0.120251 0.984149 0.133188 -0.123807 0.983327 0.132443 -0.126225 0.983121 0.135064 -0.126577 0.982719 0.131884 -0.069792 0.988805 0.134154 -0.076184 0.988028 0.130427 -0.058642 0.989722 0.133970 -0.058993 0.989228 0.127832 -0.068876 0.989401 0.132117 -0.068467 0.988867 0.132896 -0.039056 0.990360 0.134951 -0.039092 0.990081 0.134921 -0.016978 0.990711 0.136704 -0.017457 0.990458 0.136636 -0.015513 0.990500 0.138523 -0.015520 0.990238 0.140115 -0.018553 0.989961 0.141294 -0.019341 0.989779 0.144544 -0.031769 0.988988 0.144642 -0.033093 0.988930 0.153757 -0.054517 0.986604 0.151992 -0.055263 0.986836 0.160860 -0.093945 0.982496 0.157759 -0.091211 0.983256 0.164904 -0.094875 0.981736 0.163296 -0.093174 0.982168 0.162642 -0.070282 0.984179 0.167771 -0.073727 0.983065 0.158741 -0.086539 0.983520 0.159743 -0.090725 0.982981 0.145982 -0.120317 0.981944 0.199097 -0.119448 0.972673 
						0.168217 -0.137353 0.976134 0.138493 -0.096187 0.985681 0.139585 -0.100671 0.985079 0.141110 -0.101899 0.984736 0.142060 -0.104016 0.984378 0.143330 -0.126209 0.981595 0.145026 -0.126610 0.981294 0.153541 -0.136829 0.978623 0.147031 -0.134376 0.979962 0.148809 -0.135496 0.979539 0.152135 -0.138347 0.978629 0.138451 -0.089854 0.986285 0.139782 -0.085391 0.986493 0.136390 -0.134263 0.981515 0.125776 -0.129756 0.983536 0.141310 -0.078866 0.986819 0.133217 -0.126311 0.983005 0.137034 -0.117674 0.983552 0.139748 -0.105141 0.984589 0.141379 -0.093043 0.985573 0.139271 -0.106033 0.984561 0.138206 -0.118686 0.983266 0.136733 -0.127947 0.982310 0.135323 -0.132625 0.981885 0.138131 -0.136245 0.980998 0.136773 -0.134905 0.981373 0.136657 -0.131431 0.981861 0.137153 -0.123884 0.982773 0.137833 -0.110851 0.984233 -0.459008 0.538590 -0.706563 -0.336907 0.264513 -0.903618 -0.338608 0.170483 -0.925354 -0.468626 0.683554 -0.559592 -0.208481 0.603191 -0.769868 -0.114859 0.554608 -0.824146 -0.049633 0.464064 -0.884410 -0.446984 0.530564 -0.720213 0.032160 0.279771 -0.959528 0.105235 0.242864 -0.964335 0.119206 0.235564 -0.964520 -0.319334 0.171513 -0.931992 0.081149 0.274183 -0.958248 -0.345213 0.264008 -0.900626 -0.590747 0.660513 -0.463402 -0.638073 0.711683 -0.293888 0.060766 0.268284 -0.961422 -0.377052 0.123182 -0.917964 -0.632930 0.729657 -0.258845 0.285630 0.713856 -0.639394 0.277285 0.489692 -0.826629 0.262888 0.519467 -0.813046 0.220572 0.529138 -0.819366 0.282478 0.748095 -0.600467 0.026924 0.929603 -0.367576 0.104445 0.873067 -0.476283 -0.344255 0.930370 -0.126098 -0.757389 0.563904 0.329202 -0.765704 0.481480 0.426468 -0.299112 0.950813 -0.080540 -0.722627 0.529751 0.444042 -0.246973 0.966566 -0.068952 -0.662843 0.580072 0.473451 -0.283378 0.957897 -0.046152 0.175524 0.888417 -0.424154 
						0.237594 0.757987 -0.607458 0.203106 0.783028 -0.587891 0.237908 0.587330 -0.773592 0.124277 0.914352 -0.385377 -0.298928 -0.024692 -0.953956 -0.875690 0.264440 -0.404027 -0.852391 0.448424 -0.268972 -0.550566 0.817206 -0.170446 -0.756853 0.448810 -0.475125 -0.465509 0.869003 -0.167735 -0.834991 0.519544 0.181285 -0.984417 0.029594 0.173342 -0.986965 -0.024448 0.159065 -0.899336 0.384707 0.207835 -0.613381 0.434202 -0.659721 -0.384552 0.879377 -0.280742 -0.420559 0.560670 -0.713287 -0.368818 0.872012 -0.321821 -0.429610 0.457619 -0.778473 -0.417533 0.795410 -0.439306 -0.232612 0.397078 -0.887818 -0.292872 0.563523 -0.772442 -0.142785 0.054510 -0.988252 -0.913373 0.359516 0.191042 -0.982819 0.054970 0.176199 -0.982768 0.019767 0.183786 -0.860231 0.479723 0.172828 -0.982966 0.002029 0.183778 -0.824648 0.544733 0.152387 -0.837686 -0.523075 0.157086 -0.845533 -0.491381 0.208850 0.178737 0.386215 -0.904926 0.088033 0.186789 -0.978448 0.164198 0.433163 -0.886233 0.203462 0.250908 -0.946387 0.051974 0.493484 -0.868201 0.160754 0.267010 -0.950192 -0.951314 -0.244351 0.187869 -0.898486 -0.410421 0.155810 -0.860598 -0.487398 0.147699 0.155963 0.596372 -0.787411 0.023369 0.711783 -0.702011 -0.279220 0.785128 -0.552820 -0.380013 0.891369 -0.247085 0.036009 0.919356 -0.391776 -0.382637 0.923819 0.012100 -0.604505 0.608104 0.514572 0.094394 0.802725 -0.588831 -0.026735 0.949856 -0.311543 -0.376067 0.925667 0.041414 -0.579571 0.660227 0.477701 -0.148078 0.834620 -0.530550 -0.137000 0.943160 -0.302786 -0.451841 0.892097 0.001474 -0.577124 0.672433 0.463423 -0.563151 0.612853 0.554322 -0.428412 0.879489 0.207273 -0.303632 0.933782 -0.189366 -0.359156 0.897510 -0.255896 -0.333469 0.939791 0.074771 -0.446660 0.888145 0.108135 -0.458169 0.796257 0.395039 -0.445812 0.607546 0.657373 -0.078961 0.971181 0.224883 
						-0.245541 0.969326 -0.010800 -0.291568 0.856761 0.425381 -0.084809 0.996397 0.000787 0.064735 0.963992 0.257934 0.043060 0.850763 0.523782 -0.221083 0.753268 0.619443 -0.192312 0.571861 0.797491 0.068642 0.727966 0.682168 0.036249 0.532401 0.845716 -0.157946 0.958121 -0.238866 -0.105633 0.865936 -0.488872 -0.145289 0.986274 -0.078453 -0.164229 0.957210 -0.238282 -0.207097 0.975034 -0.080115 -0.217066 0.973057 0.077734 -0.198270 0.975099 0.099355 -0.166485 0.984508 0.055011 -0.109090 0.993643 0.027814 0.078849 0.975623 0.204800 0.113773 0.825626 0.552628 0.207477 0.704739 0.678451 0.216173 0.491994 0.843333 0.062749 0.969350 0.237534 0.201950 0.852478 0.482179 0.288364 0.723744 0.626930 0.373085 0.519246 0.768889 0.308533 0.667479 0.677701 0.501097 0.358398 0.787689 0.506223 0.361673 0.782899 0.252273 0.678192 0.690228 0.083791 0.936820 0.339629 0.039447 0.960942 0.273924 0.016720 0.980134 0.197628 0.040628 0.975153 0.217775 0.064009 0.980425 0.186200 -0.059382 0.980680 0.186387 -0.003829 0.997492 0.070679 0.094017 0.982983 0.157814 0.157681 0.797451 -0.582416 0.123818 0.930949 0.343515 0.091169 0.933056 0.347986 0.073358 0.898828 0.432119 0.111917 0.892621 0.436694 -0.021348 0.954540 0.297319 0.091814 0.935048 0.342427 0.184498 0.879772 0.438135 -0.010790 0.778018 0.628149 0.296436 0.624758 0.722359 0.140256 0.706980 0.693186 0.069967 0.710510 0.700200 0.001488 0.605953 0.795499 0.092405 0.945175 0.313217 0.153300 0.870483 0.467716 0.133076 0.855925 0.499684 0.223072 0.851070 0.475308 0.238106 0.873173 0.425294 0.613842 0.524726 0.589797 0.010144 0.563500 -0.826054 -0.034069 0.910430 -0.412259 0.075345 0.929887 -0.360047 -0.162508 0.981469 -0.101538 -0.038979 0.981019 0.189955 -0.046718 0.961241 0.271723 0.059943 0.997932 0.023207 
						-0.036226 0.972251 0.231119 -0.183991 0.946759 0.264188 -0.137638 0.990457 0.007125 -0.196037 0.975921 0.095643 -0.220571 0.915247 0.337151 0.075662 0.761788 0.643392 -0.233980 0.683506 0.691429 0.459466 0.457920 0.761052 0.310956 0.691956 0.651539 -0.518566 0.341101 -0.784053 0.174882 0.285267 -0.942358 0.177309 0.298058 -0.937936 -0.421074 0.303000 -0.854920 0.177473 0.309523 -0.934183 -0.398787 0.314438 -0.861451 0.201569 0.347419 -0.915789 -0.362699 0.340635 -0.867420 0.131281 0.391957 -0.910569 -0.034871 0.399309 -0.916153 -0.161194 0.402839 -0.900964 -0.217831 0.507795 -0.833483 -0.396419 0.597024 -0.697434 -0.360930 0.696131 -0.620589 -0.529246 0.626086 -0.572639 -0.471968 0.787299 -0.396744 0.351653 0.523266 -0.776230 0.089347 0.419558 -0.903321 0.323950 0.599361 -0.731999 0.228978 0.460581 -0.857575 0.278204 0.689342 -0.668887 0.268652 0.517501 -0.812415 0.110569 0.810144 -0.575710 0.140134 0.659359 -0.738653 -0.452432 0.669567 -0.589055 -0.342158 0.853369 -0.393305 -0.114553 0.753580 -0.647297 -0.105631 0.902060 -0.418484 0.051389 0.829974 -0.555430 0.084461 0.953563 -0.289109 -0.047840 0.835210 -0.547846 -0.001548 0.971521 -0.236948 -0.127774 0.931329 -0.341029 -0.130426 0.813037 -0.567415 -0.108143 0.764117 -0.635949 -0.066677 0.884075 -0.462565 -0.971186 0.085406 0.222496 -0.979515 -0.092527 0.178856 -0.980793 -0.088591 0.173773 -0.930716 0.248080 0.268746 -0.966404 -0.214145 0.142141 -0.962520 -0.248899 0.107725 -0.893267 0.329685 0.305585 -0.928544 0.257562 0.267335 -0.982181 -0.112508 0.150542 -0.917757 0.270117 0.291136 -0.982965 -0.123861 0.135787 -0.927920 0.222078 0.299410 -0.804791 0.459438 0.375804 -0.780668 0.486500 0.392269 -0.949620 -0.307445 0.060813 -0.936430 -0.350806 0.005849 -0.982199 -0.137928 0.127515 -0.963493 0.100163 0.248289 -0.943606 -0.330477 -0.019794 
						-0.902169 0.273247 0.333807 0.187208 0.716705 -0.671779 0.272444 0.762944 -0.586252 0.225284 0.674881 -0.702697 0.306327 0.765642 -0.565647 0.310437 0.775633 -0.549567 0.240879 0.833730 -0.496862 0.155497 0.897666 -0.412329 0.013367 0.955678 -0.294111 -0.240304 0.671345 0.701106 -0.009992 0.940669 0.339179 0.136078 0.990548 -0.017245 0.148706 0.987009 0.060820 0.022031 0.921105 0.388690 -0.320157 0.649097 0.690052 -0.237671 0.609872 0.756022 0.028965 0.950928 0.308053 0.123009 0.991681 -0.037928 0.118541 0.992795 0.017477 0.120968 0.992308 -0.026291 0.070220 0.996508 -0.045175 -0.012146 0.999743 -0.019133 -0.077654 0.995780 0.048910 -0.085228 0.989257 0.118772 -0.065664 0.973608 -0.218577 -0.043494 0.989357 0.138858 -0.075594 0.979439 -0.187044 0.030230 0.942376 0.333187 0.003027 0.961918 0.273322 -0.147770 0.664879 0.732189 -0.153128 0.735209 0.660318 -0.059180 0.969521 0.237752 -0.175903 0.769149 0.614384 -0.124113 0.956658 0.263443 -0.173106 0.938065 0.300112 -0.180830 0.919938 0.347871 -0.121615 0.906017 0.405391 -0.015421 0.983623 -0.179576 0.015652 0.981255 -0.192078 -0.045757 0.978178 -0.202670 -0.141663 0.973573 -0.179127 -0.181950 0.968160 -0.171933 -0.419062 0.749809 -0.512029 -0.384635 0.724812 -0.571580 -0.367476 0.747293 -0.553638 -0.363453 0.785172 -0.501405 -0.253934 0.845637 -0.469485 0.044275 0.992361 0.115148 -0.199470 0.782039 0.590447 -0.205167 0.777312 0.594720 -0.187731 0.762094 0.619653 -0.100217 0.756379 0.646412 0.021367 0.992705 0.118663 0.050460 0.994101 0.096005 -0.027475 0.910219 0.413215 0.001877 0.761804 0.647805 0.062198 0.928802 0.365320 0.090984 0.782780 0.615611 0.035732 0.998129 0.049622 0.002198 0.997768 0.066735 0.018175 0.996658 0.079642 0.019465 0.997542 0.067315 -0.230527 0.922586 -0.309342 0.107742 0.944025 0.311783 
						0.157278 0.809687 0.565394 0.111082 0.957824 0.265018 0.193982 0.823265 0.533484 0.109391 0.973186 0.202343 0.097077 0.961300 0.257833 0.216832 0.860012 0.461912 0.200270 0.847528 0.491515 -0.199881 0.941103 -0.272713 -0.194609 0.936710 -0.291036 -0.220697 0.940528 -0.258262 -0.230983 0.952377 -0.199062 -0.002243 0.985140 0.171737 0.095323 0.963799 0.249007 0.173274 0.828506 0.532498 -0.048801 0.984491 0.168509 -0.076803 0.977981 0.194048 -0.072727 0.975125 0.209384 -0.960540 0.127595 0.247150 -0.996246 0.022276 -0.083652 -0.929781 -0.192559 -0.313734 -0.725272 0.472890 0.500356 -0.418304 0.305209 0.855493 -0.993052 0.099469 -0.062877 -0.955008 0.102351 0.278360 -0.998210 0.053559 -0.026615 -0.799657 0.518579 0.302696 -0.938454 0.221607 0.264941 0.078080 0.952923 0.292987 0.100501 0.861772 0.497241 0.081656 0.893958 0.440649 0.077322 0.923904 0.374731 0.064016 0.908529 0.412888 0.145031 0.838977 0.524485 0.128252 0.862910 0.488812 0.299847 0.682176 0.666879 0.201398 0.766872 0.609382 0.311494 0.702587 0.639799 -0.825340 -0.273256 -0.494110 -0.458865 -0.375111 -0.805441 -0.383603 -0.407415 -0.828771 -0.888349 -0.149934 -0.433999 -0.679884 0.495343 0.540734 -0.860446 -0.053625 -0.506711 -0.717171 0.496576 0.488956 -0.834949 0.036370 -0.549125 -0.781959 0.441495 0.440026 -0.817978 0.137321 -0.558619 -0.882581 0.298221 0.363476 -0.865432 0.244978 -0.437050 -0.958584 0.207814 0.194755 -0.900632 0.266597 -0.343203 -0.967783 0.206037 0.144725 -0.752695 0.122641 -0.646846 -0.870375 0.166729 -0.463302 -0.663504 0.097582 -0.741782 -0.802220 0.135796 -0.581381 -0.701624 0.140693 -0.698520 -0.783018 0.140793 -0.605855 -0.845546 0.241493 -0.476165 -0.843928 0.221662 -0.488521 -0.620307 -0.042500 -0.783207 -0.499341 -0.238121 -0.833041 -0.460173 -0.381306 -0.801777 -0.776910 0.397471 -0.488290 
						-0.677755 0.547984 -0.490267 -0.096614 0.622374 -0.776734 -0.118897 0.415628 -0.901730 -0.554610 0.748417 -0.363703 -0.149490 0.783770 -0.602791 -0.891878 0.452252 0.004601 -0.481520 0.843153 -0.239231 0.359065 0.672630 0.647025 -0.753201 0.084336 -0.652361 -0.223872 -0.023409 -0.974337 -0.633240 0.112801 0.765691 -0.792091 0.108383 0.600704 -0.702885 0.332117 -0.629008 -0.758838 0.572915 -0.309731 -0.013343 0.408497 -0.912662 -0.029433 0.165555 -0.985761 -0.044668 0.683099 -0.728959 -0.855436 -0.100392 -0.508085 -0.222741 -0.232873 -0.946656 -0.680894 -0.515097 -0.520633 -0.875419 0.392322 0.282358 -0.021330 0.047228 0.998656 -0.041635 0.304258 0.951680 -0.030342 0.390691 0.920022 0.023237 0.136381 0.990384 -0.596136 0.051710 -0.801217 -0.848829 0.132094 0.511898 -0.713189 0.171975 0.679548 -0.705293 0.091960 -0.702926 -0.632795 0.074001 -0.770775 -0.832047 0.098324 0.545922 -0.957187 0.272404 -0.097929 -0.946031 0.251740 -0.204090 -0.910810 0.281571 0.301897 -0.929106 0.280372 0.241150 -0.769925 0.316265 0.554249 -0.795969 0.325301 0.510502 -0.904786 0.201907 0.374961 -0.829932 0.286610 0.478610 -0.860579 0.269612 0.432104 -0.775234 0.270441 0.570854 -0.807722 0.339571 0.481952 -0.700653 0.366830 0.611981 -0.576680 0.449270 0.682347 -0.270793 0.581600 0.767081 -0.191800 0.565409 0.802201 -0.178402 0.500040 0.847427 -0.062237 0.468778 0.881121 0.042248 0.251131 0.967031 -0.220435 0.471800 0.853706 0.011661 0.353860 0.935226 -0.486201 0.380856 0.786484 -0.441639 0.444516 0.779333 -0.468717 0.330986 0.818995 -0.668803 0.262889 0.695408 -0.137800 -0.191308 -0.971809 -0.039200 0.049454 -0.998007 -0.159720 -0.237848 -0.958080 -0.239019 -0.189069 -0.952430 -0.099200 -0.006624 -0.995045 -0.203569 0.018729 -0.978881 -0.392099 -0.073098 -0.917014 -0.001938 0.307313 -0.951607 -0.017593 0.585677 -0.810354 
						-0.477550 0.025890 -0.878223 -0.461566 0.098468 -0.881624 -0.559749 0.198099 -0.804635 -0.810059 0.267149 -0.521954 -0.953984 0.288481 -0.081818 -0.889662 0.287661 0.354615 -0.994610 -0.026477 0.100253 -0.993301 -0.023908 0.113060 -0.981181 -0.192957 0.007201 -0.959962 -0.276373 -0.045727 -0.915357 0.310093 0.256835 -0.994571 -0.084769 0.060350 -0.994776 -0.089459 0.049175 -0.929036 0.281007 0.240679 -0.966030 0.178081 0.187277 -0.940712 0.256173 0.222344 -0.880372 0.378282 0.286090 -0.921785 0.304730 0.239694 -0.789449 0.488508 0.371659 -0.822556 0.454326 0.342037 -0.939030 -0.330546 -0.094667 -0.939389 -0.322736 -0.115716 -0.285467 0.086351 -0.954490 -0.353217 0.206722 -0.912416 -0.536748 0.280457 -0.795767 -0.050241 0.216636 -0.974959 -0.052706 0.475038 -0.878385 -0.131502 0.208314 -0.969181 -0.107332 0.451168 -0.885961 -0.214277 0.259851 -0.941575 -0.187690 0.467223 -0.863988 -0.286810 0.903997 -0.317065 -0.172984 0.885335 -0.431576 -0.167074 0.706230 -0.687986 -0.214790 0.714213 -0.666157 -0.300627 0.642417 -0.704928 -0.323454 0.327892 -0.887617 -0.334880 0.473970 -0.814376 -0.458545 0.616055 -0.640478 -0.818747 0.317876 -0.478130 -0.548209 0.371102 -0.749500 -0.584784 0.468734 -0.662055 -0.658637 0.527080 -0.537015 -0.955409 0.293746 -0.030110 -0.871063 0.266674 0.412473 -0.128382 0.381572 0.915380 -0.848529 0.385203 -0.362791 -0.827400 0.353885 -0.436091 -0.875135 0.404806 -0.265086 -0.221463 0.323454 0.919963 -0.324429 0.259455 0.909631 -0.725342 0.162522 -0.668929 -0.053641 0.153745 -0.986654 -0.195681 -0.474620 -0.858163 -0.007152 -0.111927 -0.993691 -0.030480 -0.255841 -0.966238 -0.346913 -0.529330 -0.774248 -0.591436 0.219729 0.775837 0.287070 -0.889332 -0.355920 0.293192 -0.883721 -0.364795 0.265318 -0.889506 -0.372002 0.252226 -0.892272 -0.374475 0.286880 -0.882277 -0.373213 0.314149 -0.610340 0.727183 
						0.141933 -0.646469 0.749621 -0.202630 -0.443924 0.872853 0.262581 -0.497545 0.826741 -0.183059 -0.548593 0.815803 0.137221 -0.599320 0.788661 -0.186726 -0.714734 0.674009 0.027830 -0.773046 0.633740 -0.206499 -0.736651 0.643975 0.050936 -0.799682 0.598260 0.287685 -0.711623 0.640960 0.219469 -0.970507 0.099750 0.252169 -0.809927 0.529555 0.152178 -0.988052 -0.024410 0.220695 -0.899478 0.377138 -0.286797 -0.229391 0.930122 -0.261827 0.209718 0.942054 -0.086719 0.300961 0.949685 -0.055510 -0.136432 0.989093 -0.140436 -0.768868 -0.623794 -0.207921 -0.943738 -0.257152 -0.231332 -0.695150 -0.680626 -0.074311 -0.459367 -0.885133 -0.799263 0.352113 -0.487026 -0.874650 -0.481164 -0.058889 -0.932733 -0.310845 -0.182715 -0.940173 -0.006372 -0.340637 -0.640726 -0.458653 -0.615717 -0.894830 0.380512 0.233428 -0.765683 -0.321744 -0.556965 -0.906857 0.315709 0.279176 -0.892979 -0.106432 -0.437334 -0.936895 0.176065 0.302043 -0.967699 0.004878 -0.252061 -0.959140 0.035955 0.280639 -0.968384 0.075824 -0.237661 -0.959767 0.032077 0.278961 -0.594275 0.335517 -0.730935 -0.519430 0.491145 -0.699263 -0.002657 0.556715 -0.830699 0.011235 0.420910 -0.907033 -0.021007 -0.101889 0.994574 -0.029314 -0.189245 0.981492 -0.058760 -0.303816 0.950917 -0.955620 0.294601 0.000307 -0.955388 0.293176 0.035791 -0.952860 0.285865 0.101679 -0.851286 0.158873 0.500071 -0.858583 0.204772 0.470003 -0.861514 0.236977 0.449038 -0.556501 0.168399 0.813602 -0.537751 0.097263 0.837474 -0.539151 0.008651 0.842165 -0.265767 0.177945 0.947472 -0.246531 0.085096 0.965392 -0.271518 -0.036991 0.961722 -0.130354 0.218837 0.967015 -0.104868 0.110485 0.988330 -0.031702 0.248605 0.968086 -0.128963 -0.026890 0.991285 -0.013532 0.124929 0.992073 -0.033108 -0.037368 0.998753 0.063045 0.181636 0.981343 0.066803 0.048792 0.996573 0.050386 -0.112193 0.992408 
						0.068128 0.057002 0.996047 0.067499 -0.067475 0.995435 0.062491 -0.233250 0.970407 0.034863 -0.065601 0.997237 0.038050 -0.162351 0.985999 0.032300 -0.307112 0.951125 -0.217363 -0.398552 0.891016 -0.634321 0.037133 0.772177 -0.909728 0.148839 -0.387610 -0.086662 -0.507285 0.857410 0.977291 -0.111893 -0.179954 0.990098 0.123133 -0.067414 0.990191 0.126688 -0.058932 0.955540 -0.197823 -0.218655 0.991934 0.119896 -0.041123 0.951731 -0.204468 -0.228913 0.994111 0.073914 -0.079244 0.952666 -0.195913 -0.232476 -0.212196 -0.329053 -0.920161 -0.573353 -0.388833 -0.721163 -0.860668 -0.112624 -0.496555 -0.549220 -0.249312 -0.797622 -0.564391 -0.239212 -0.790089 -0.840896 -0.165258 -0.515348 -0.773539 -0.217241 -0.595352 -0.951592 -0.053444 -0.302683 -0.829136 -0.199370 -0.522289 -0.939932 -0.089577 -0.329398 -0.847265 -0.159307 -0.506718 -0.944860 -0.085711 -0.316059 -0.942663 -0.058496 -0.328578 -0.966742 -0.059905 -0.248639 -0.999628 0.016312 0.021873 -0.999874 0.009964 0.012353 -0.954189 0.081357 0.287931 -0.950672 0.133621 0.279944 -0.798732 0.042306 0.600198 -0.841697 0.068400 0.535601 0.974267 0.225388 0.001730 0.961523 0.273487 0.026034 0.958152 0.281303 0.053035 0.963748 0.259827 0.060660 -0.212229 0.268373 0.939646 -0.288335 -0.009839 0.957479 -0.404714 -0.009634 0.914393 -0.332290 0.124510 0.934923 -0.233857 0.318885 0.918490 -0.191929 0.455637 0.869228 -0.155782 0.510932 0.845388 -0.124187 0.532209 0.837456 -0.092632 0.570531 0.816036 -0.023900 0.583895 0.811477 0.067214 0.581163 0.811007 0.067392 0.224093 -0.972235 0.073610 0.383294 -0.920689 -0.700932 0.451537 -0.552095 -0.166232 0.685287 -0.709048 -0.891047 0.112611 -0.439721 -0.472257 0.663191 -0.580648 -0.251787 0.705303 -0.662685 -0.028753 0.617674 -0.785908 0.049771 -0.009484 -0.998716 0.066895 0.184884 -0.980481 0.034668 0.438022 -0.898295 
						-0.063518 -0.194771 -0.978790 -0.005750 0.001524 -0.999982 -0.012670 0.295654 -0.955211 -0.145434 0.721486 -0.676984 -0.137826 0.641004 -0.755062 -0.760953 0.396594 0.513482 -0.272342 0.607553 0.746129 -0.214358 0.665959 0.714528 -0.267274 0.655546 0.706275 -0.404795 0.597792 0.691944 -0.572895 0.412668 0.708164 -0.749914 0.210534 0.627140 -0.767383 0.116623 0.630494 -0.878941 0.117877 0.462134 -0.716027 0.061685 0.695342 -0.794553 0.096541 0.599471 -0.546923 0.148366 0.823931 -0.763142 0.066048 0.642847 -0.595425 0.093444 0.797958 0.878956 -0.353344 -0.320287 0.923229 -0.276818 -0.266495 0.847276 -0.377497 -0.373656 0.872864 -0.346706 -0.343370 -0.048351 0.374243 0.926069 0.050904 -0.049033 0.997499 -0.207796 -0.907142 -0.365942 -0.579681 -0.220936 -0.784320 -0.685384 -0.141735 -0.714255 -0.917107 -0.054791 -0.394857 -0.999960 -0.008874 -0.001196 -0.949934 0.024517 0.311487 -0.758708 -0.010833 0.651341 -0.429849 0.003008 0.902896 -0.225731 0.029352 0.973747 -0.120338 0.057455 0.991069 -0.374567 0.245770 0.894034 -0.834001 0.093703 0.543748 -0.104542 0.381792 0.918317 -0.215478 0.298553 0.929750 -0.314269 0.286101 0.905197 -0.060081 0.095341 0.993630 -0.001270 0.096379 0.995344 0.056753 0.043044 0.997460 -0.048306 -0.985894 -0.160246 0.116432 -0.989233 -0.088662 -0.436869 -0.271494 -0.857576 -0.867733 -0.218551 0.446401 -0.230189 -0.199808 -0.952413 -0.355718 -0.173339 -0.918378 -0.397867 -0.159425 -0.903485 -0.446830 -0.118817 -0.886694 -0.620777 -0.050165 -0.782381 -0.135235 -0.029252 -0.990382 -0.119865 0.260487 -0.958008 -0.251470 -0.022981 -0.967592 -0.231991 0.246199 -0.941045 -0.326616 0.008006 -0.945123 -0.421530 0.060569 -0.904789 -0.625386 0.106597 -0.773000 -0.876978 -0.002844 -0.480523 -0.998546 -0.012530 -0.052437 -0.954402 -0.028381 0.297173 -0.735134 -0.098054 0.670793 -0.412904 -0.134611 0.900772 
						-0.195555 -0.152185 0.968813 -0.049062 -0.151138 0.987294 0.028137 -0.141582 0.989527 -0.537368 -0.782217 -0.315235 -0.524803 -0.791178 -0.314037 -0.567978 -0.760456 -0.314813 -0.862160 -0.429043 -0.269447 -0.839209 -0.467472 -0.277847 -0.830919 -0.490419 -0.262798 -0.840270 -0.472065 -0.266647 -0.586910 -0.744401 -0.318441 -0.559240 -0.756950 -0.338051 -0.863887 -0.423850 -0.272123 -0.155316 -0.913599 -0.375784 -0.043927 -0.919255 -0.391203 0.009283 -0.921315 -0.388707 -0.097557 -0.917012 -0.386744 -0.798816 -0.524781 -0.294106 -0.449407 -0.818314 -0.358324 -0.357206 -0.857475 -0.370325 -0.784029 -0.543656 -0.299559 -0.505572 -0.789439 -0.348112 -0.793295 -0.527401 -0.304188 -0.343114 -0.678314 0.649741 -0.273156 -0.486182 0.830068 -0.069410 -0.417027 0.906240 -0.110717 -0.693048 0.712338 -0.862302 -0.333524 0.381047 -0.935159 -0.232425 0.267314 0.048510 -0.403883 0.913523 0.076709 -0.302764 0.949974 -0.044971 -0.691795 0.720692 -0.000324 -0.617508 0.786565 0.028051 -0.546489 0.836997 0.073479 -0.218642 0.973035 0.009663 -0.441925 0.897000 -0.086182 -0.375475 0.922817 -0.260250 -0.339739 0.903796 -0.481523 -0.295764 0.825021 -0.782763 -0.196921 0.590342 -0.972239 -0.067731 0.223972 -0.992906 0.025546 -0.116124 -0.983364 0.060331 -0.171335 -0.984066 -0.093523 0.151219 -0.984331 0.092846 -0.149910 -0.995021 -0.068274 0.072605 -0.834967 -0.263039 0.483363 -0.871222 0.088296 -0.482883 -0.328079 0.274015 -0.904035 -0.461839 0.283719 -0.840362 -0.675499 0.266242 -0.687616 -0.873771 0.171546 -0.455077 -0.226949 0.556116 -0.799518 -0.327484 0.519927 -0.788942 -0.423932 0.466151 -0.776521 -0.562049 0.423018 -0.710744 -0.735370 0.355295 -0.577058 -0.895145 0.243791 -0.373206 -0.890302 -0.279155 0.359770 -0.572137 -0.421359 0.703644 -0.362453 -0.514182 0.777332 -0.207028 -0.588440 0.781587 -0.108428 -0.652836 0.749699 -0.087161 -0.730752 0.677055 
						-0.670830 -0.483372 0.562440 -0.515232 -0.604293 0.607755 -0.406955 -0.690719 0.597742 -0.993621 -0.100956 0.050242 -0.983725 0.130717 -0.123284 -0.983581 0.151403 -0.098216 -0.990304 -0.126579 0.057238 -0.994188 -0.012582 0.106915 -0.969036 0.215736 -0.120117 -0.976230 0.120242 -0.180325 -0.996215 -0.030306 0.081472 -0.985128 -0.166431 0.042714 -0.995467 -0.000831 -0.095103 -0.992598 -0.081260 -0.090257 -0.980912 -0.190677 0.038140 -0.989466 0.031024 -0.141404 -0.993741 -0.099915 0.049958 -0.958098 0.158689 -0.238466 -0.986886 0.009724 -0.161127 -0.927948 0.181908 -0.325303 -0.877431 0.298926 -0.375178 -0.949771 -0.266829 0.163514 -0.951212 -0.265909 0.156489 -0.962916 -0.193161 0.188368 -0.957533 -0.159316 0.240312 -0.215476 -0.822025 0.527111 -0.311383 -0.760378 0.569970 -0.559036 -0.752504 0.348162 -0.641011 -0.645002 0.416025 -0.858726 -0.418552 0.295641 -0.882976 -0.361972 0.298881 -0.549799 -0.688265 0.473299 -0.758273 -0.531529 0.377490 -0.897004 -0.353413 0.265488 -0.827049 -0.362878 0.429312 -0.861093 -0.317592 0.397056 -0.921948 -0.283552 0.263835 -0.108439 -0.758927 0.642084 -0.323680 -0.761304 0.561825 -0.309676 -0.806056 0.504355 -0.365777 -0.806964 0.463699 -0.984753 0.107610 -0.136683 -0.997179 -0.053002 0.053155 -0.984930 0.120644 -0.123932 -0.996785 -0.049621 0.062909 -0.978464 0.167396 -0.120775 -0.993801 -0.098119 0.052276 -0.976158 0.188989 -0.106768 -0.996521 -0.061346 0.056415 -0.971831 0.212161 -0.102627 -0.995984 -0.028961 0.084715 -0.937332 -0.252359 0.240256 -0.954997 -0.206065 0.213350 -0.837125 -0.410720 0.361291 -0.790811 -0.476150 0.384578 -0.737364 -0.550481 0.391490 -0.685810 -0.627979 0.367841 -0.699477 -0.647750 0.301913 -0.775014 -0.559934 0.292962 -0.944286 -0.221910 0.243065 -0.931677 -0.296534 0.209868 -0.926640 -0.307368 0.216478 -0.924858 -0.306225 0.225532 -0.927268 -0.295937 0.229337 
						-0.940388 -0.273489 0.202175 -0.830022 0.447962 -0.332254 -0.366961 0.728672 -0.578253 -0.414710 0.669327 -0.616455 -0.489275 0.611588 -0.621748 -0.914881 0.254122 -0.313712 -0.872222 0.390047 -0.295113 -0.836535 0.445620 -0.318798 -0.692659 0.556534 -0.458795 -0.641231 0.611081 -0.464115 -0.622628 0.644006 -0.444512 -0.418079 0.733642 -0.535705 -0.700747 0.543990 -0.461551 -0.545544 0.669414 -0.504249 -0.791895 0.412724 -0.450068 -0.695039 0.562986 -0.447176 -0.853108 0.384164 -0.353024 -0.894962 0.218578 -0.388930 -0.948175 0.178842 -0.262640 -0.564876 0.555649 -0.610056 -0.686086 0.476620 -0.549654 -0.804256 0.380244 -0.456712 -0.925741 0.260474 -0.274147 -0.916692 0.275917 -0.289041 -0.911528 0.316396 -0.262699 -0.889334 0.351952 -0.291916 -0.735156 0.506716 -0.450316 -0.793098 0.445919 -0.414912 -0.852814 0.372015 -0.366487 -0.224802 -0.777480 0.587358 -0.183592 -0.911628 0.367734 -0.069382 -0.991049 -0.114057 0.073188 -0.887368 -0.455216 0.211949 -0.506738 -0.835640 0.194769 -0.890725 0.410699 0.193810 -0.816945 0.543174 0.150775 -0.837502 0.525222 0.121432 -0.902120 0.414046 0.102505 -0.914581 0.391196 0.147312 -0.871455 0.467831 0.040244 -0.903270 0.427181 0.098706 -0.905568 0.412557 0.006926 -0.989987 0.140991 -0.058214 -0.994268 0.089674 -0.082732 -0.867972 0.489672 -0.159363 -0.873708 0.459606 -0.154190 -0.984460 0.084046 -0.179853 -0.869174 0.460640 -0.192715 -0.978863 0.068463 -0.246807 -0.765366 0.594391 -0.268895 -0.828007 0.492036 -0.270853 -0.849082 0.453539 -0.332811 -0.862919 0.380272 -0.330352 -0.780971 0.530049 -0.284998 -0.926340 0.246314 -0.299120 -0.820041 0.487914 -0.200138 -0.970632 0.133488 -0.157055 -0.888828 0.430487 -0.840995 0.497358 0.212983 -0.996238 0.068452 -0.053137 -0.985141 0.171733 0.002197 -0.892820 0.418687 0.166055 -0.883651 0.427745 0.190249 -0.989800 0.118994 -0.078339 
						-0.988217 0.135296 -0.071563 -0.890828 0.415674 0.183416 -0.989680 0.132735 -0.053992 -0.872414 0.443996 0.204355 -0.961409 -0.067609 -0.266686 -0.933102 -0.110275 -0.342286 -0.936519 -0.114431 -0.331419 -0.724544 0.595682 0.346698 -0.661367 0.627775 0.410479 -0.701284 0.646798 0.299753 -0.000734 -0.999283 -0.037861 0.044359 -0.998641 -0.027364 0.053559 -0.992546 0.109468 0.060549 -0.992345 0.107632 0.068583 -0.990958 0.115318 -0.226067 -0.875895 -0.426265 -0.357249 -0.857676 -0.369818 -0.174554 -0.936889 -0.302936 -0.155464 -0.952462 -0.262005 -0.136531 -0.963541 -0.230102 -0.138361 -0.973012 -0.184673 -0.132374 -0.970310 -0.202425 -0.167053 -0.962530 -0.213609 -0.165118 -0.955127 -0.245901 -0.118540 -0.967037 -0.225362 -0.251573 -0.901768 0.351463 -0.151320 -0.988485 0.000253 0.013343 -0.926462 -0.376153 -0.289934 -0.908307 0.301522 -0.244874 -0.967225 0.067174 -0.059372 -0.973063 -0.222764 -0.313881 -0.939647 0.136172 -0.133246 -0.977877 -0.161253 -0.108995 -0.976983 -0.183371 -0.704406 -0.447995 -0.550556 -0.544938 -0.504176 -0.669962 -0.383592 -0.618340 -0.685939 -0.328422 -0.716367 -0.615595 -0.284366 -0.768574 -0.573088 0.160398 -0.543415 -0.823998 0.119286 -0.659541 -0.742143 0.079047 -0.710183 -0.699566 0.034216 -0.736507 -0.675564 -0.034839 -0.772381 -0.634203 -0.119202 -0.801446 -0.586067 -0.164723 -0.822753 -0.544007 -0.190641 -0.820770 -0.538510 -0.237287 -0.802849 -0.546927 -0.219722 -0.159949 -0.962361 -0.007389 -0.159862 -0.987112 0.010851 0.012584 -0.999862 -0.213266 0.026196 -0.976643 -0.219137 0.312531 -0.924285 0.023023 0.290010 -0.956747 0.039241 0.183330 -0.982268 -0.221317 0.228194 -0.948128 -0.900196 0.167871 -0.401830 -0.727250 0.479548 -0.491061 -0.918725 0.106155 -0.380363 -0.838654 0.355577 -0.412583 -0.936269 -0.017834 -0.350830 -0.912264 0.152697 -0.380076 -0.929050 -0.205768 -0.307449 -0.930793 -0.113911 -0.347344 
						-0.190470 -0.642370 -0.742349 -0.084038 -0.605510 -0.791389 -0.041459 -0.402124 -0.914646 -0.199313 -0.433435 -0.878868 -0.023171 -0.267702 -0.963223 -0.206714 -0.289499 -0.934590 -0.495951 0.051957 -0.866795 -0.399910 -0.169446 -0.900755 -0.388467 -0.363102 -0.846907 -0.305889 -0.468294 -0.828935 -0.573448 0.030824 -0.818662 0.242994 0.002284 -0.970025 0.133512 -0.080017 -0.987812 0.211272 -0.199210 -0.956911 0.182667 -0.340232 -0.922429 0.159364 -0.408745 -0.898627 0.071748 -0.472111 -0.878615 -0.264689 -0.564954 -0.781516 0.009558 -0.568599 -0.822560 -0.218795 -0.642203 -0.734646 -0.842458 -0.534408 -0.068357 -0.904057 -0.403206 -0.141793 -0.899426 -0.411949 -0.146047 -0.908727 -0.389950 -0.148843 -0.951594 -0.132742 -0.277215 -0.862914 0.189729 -0.468382 -0.892372 0.114968 -0.436411 -0.952881 -0.165948 -0.253929 -0.926215 -0.320124 -0.199116 -0.915139 -0.366455 -0.168019 -0.935456 -0.279656 -0.216134 -0.923320 -0.334422 -0.188789 -0.952456 -0.192364 -0.236271 -0.934140 -0.285142 -0.214654 -0.942137 -0.236254 -0.237830 -0.957747 -0.089221 -0.273422 -0.949225 -0.003256 -0.314581 -0.944630 -0.208260 -0.253577 -0.903315 0.148394 -0.402493 -0.948707 -0.113368 -0.295133 -0.806355 -0.588450 0.059306 -0.925829 -0.356738 -0.124818 -0.961531 -0.127932 -0.243089 -0.916626 0.061785 -0.394942 -0.895829 0.095238 -0.434074 -0.874722 -0.483494 0.033092 -0.931356 -0.317241 -0.178703 -0.925174 0.119971 0.360083 -0.938806 0.160591 0.304720 -0.946566 0.076656 0.313267 -0.917844 -0.033096 0.395560 -0.948769 0.034333 0.314099 -0.957051 0.180627 0.226777 -0.956438 0.107380 0.271469 -0.918970 0.388533 0.067351 -0.872620 -0.208722 0.441553 -0.920461 -0.133767 0.367231 -0.939921 -0.080863 0.331677 -0.917863 -0.127166 0.375975 0.122986 0.583386 0.802830 0.181102 0.601952 0.777725 0.257150 0.607326 0.751684 0.271608 0.575167 0.771630 0.542746 0.440838 0.714904 
						0.195477 0.238413 0.951288 0.051900 0.246003 0.967879 0.055887 0.082921 0.994988 0.230434 0.080426 0.969759 0.332753 -0.380067 0.863032 0.021530 -0.457432 0.888984 0.013184 -0.371121 0.928491 0.302807 -0.303457 0.903450 0.319671 -0.160782 0.933788 0.059684 -0.172082 0.983273 0.107925 0.119020 0.987009 0.313302 0.171055 0.934121 -0.043982 -0.369926 0.928020 -0.017061 -0.459254 0.888141 -0.840843 -0.111476 0.529676 -0.952819 0.222034 0.206970 -0.955347 0.178569 0.235427 -0.806734 -0.173101 0.564992 -0.738887 -0.303858 0.601429 -0.953375 0.099895 0.284774 -0.912667 0.029505 0.407638 -0.701314 -0.276761 0.656934 -0.703333 -0.120909 0.700502 -0.869260 0.060417 0.490649 -0.882625 0.121486 0.454108 -0.751238 0.084991 0.654537 -0.952008 0.255502 0.168525 -0.855747 0.091682 0.509206 -0.587875 -0.092272 0.803672 -0.332652 -0.181500 0.925419 -0.222246 -0.244320 0.943883 -0.117926 -0.274082 0.954449 -0.962305 0.219360 0.160783 -0.863057 0.042134 0.503346 -0.867538 -0.497328 -0.006538 -0.948379 -0.270925 -0.164855 -0.958743 -0.146066 -0.243877 -0.961103 -0.142922 -0.236337 -0.950576 -0.041074 -0.307764 -0.498704 -0.322649 0.804482 -0.609311 -0.050071 0.791349 -0.414314 -0.546346 0.727908 -0.380398 -0.569781 0.728456 -0.455311 -0.479647 0.750087 -0.956135 0.236781 0.172456 -0.855435 -0.009434 0.517825 -0.953110 0.233373 0.192661 -0.858809 -0.082384 0.505629 -0.488379 -0.412762 0.768839 -0.935867 0.183800 0.300616 -0.917871 0.254019 0.304939 -0.933815 0.303701 0.189088 -0.841819 0.522978 0.133547 -0.912668 0.291461 0.286509 -0.726836 0.683280 0.069553 -0.589274 0.806874 -0.041358 -0.888009 0.455768 0.060950 -0.523242 0.790576 -0.318132 -0.564127 0.770853 -0.295884 -0.608604 0.699784 -0.374037 -0.696414 0.623245 -0.355772 -0.858592 0.512392 -0.016580 -0.849644 0.523673 -0.062217 -0.861172 0.502292 -0.078005 
						-0.881915 0.460078 -0.102733 -0.550536 -0.338592 0.763063 -0.580487 -0.217940 0.784562 -0.663934 -0.128844 0.736607 -0.918854 0.380655 -0.103968 -0.798761 0.521178 -0.300589 -0.905338 0.406510 -0.122936 -0.075400 0.131272 0.988475 -0.012453 0.475773 0.879480 0.123496 0.487272 0.864474 0.243483 0.537574 0.807298 0.280220 0.632287 0.722282 0.445461 0.340602 0.827982 -0.958452 0.148361 0.243638 -0.957572 0.212719 0.194439 -0.957527 0.065478 0.280810 -0.960118 0.093226 0.263595 -0.941880 -0.054355 0.331522 -0.928537 -0.082012 0.362067 -0.160945 -0.129153 0.978477 -0.243916 -0.317547 0.916335 0.545541 0.036586 0.837285 0.533864 -0.073319 0.842386 0.546015 0.355686 0.758521 0.514491 0.456293 0.726014 0.526690 -0.085994 0.845697 0.394087 0.563096 0.726373 0.329128 0.540613 0.774217 0.368539 0.615778 0.696417 0.046217 -0.203399 0.978005 0.294501 -0.187237 0.937129 0.452369 0.043148 0.890786 -0.229716 -0.302292 0.925121 -0.171768 -0.014962 0.985024 0.359664 0.194460 0.912594 0.329863 0.255860 0.908695 0.294958 0.286744 0.911470 0.051067 0.352944 0.934250 0.149486 0.338056 0.929178 0.063505 0.206426 0.976399 0.183281 0.190365 0.964453 0.242446 0.358141 0.901640 -0.127844 0.166438 0.977729 -0.109931 0.267137 0.957368 -0.095081 0.310613 0.945769 -0.047929 0.368212 0.928506 -0.898874 -0.096578 0.427432 -0.909178 0.114851 0.400256 -0.883739 0.266660 0.384575 -0.916393 0.134124 0.377140 -0.907078 -0.060406 0.416607 -0.895172 0.300146 0.329513 -0.921632 0.219912 0.319739 0.144684 0.393382 0.907919 -0.148440 0.381835 0.912232 -0.086983 0.225262 0.970408 0.207508 0.268489 0.940667 -0.061451 0.008486 0.998074 0.304051 0.096385 0.947767 -0.025627 -0.141142 0.989658 0.363858 -0.029713 0.930980 -0.087586 -0.285539 0.954357 0.353666 -0.161493 0.921325 -0.283844 -0.110013 0.952539 
						0.301390 -0.016050 0.953366 -0.463736 0.434919 0.771877 -0.447606 0.308644 0.839278 -0.493813 0.159467 0.854821 -0.568592 0.017255 0.822439 -0.673582 -0.068249 0.735955 -0.787021 0.082368 0.611403 -0.712874 -0.586640 0.384272 -0.981791 0.122154 0.145483 -0.994249 0.090734 -0.056893 -0.993941 -0.068749 -0.085761 -0.988854 -0.070784 -0.130989 -0.987343 0.100838 -0.122416 -0.977394 0.088000 -0.192241 -0.978649 0.088884 -0.185326 -0.980389 0.110096 -0.163451 -0.981304 0.056662 -0.183935 -0.960896 0.144973 0.235929 -0.926497 0.218355 0.306472 -0.891251 0.304042 0.336497 -0.847404 0.377748 0.373112 -0.842928 0.381796 0.379083 -0.979683 0.199231 -0.022999 -0.980432 0.191973 0.043592 -0.975085 0.187740 0.118167 -0.954897 0.204191 0.215585 -0.924191 0.245117 0.292899 -0.886089 0.304986 0.349042 -0.989773 0.096567 -0.104997 -0.980175 -0.128277 0.151002 -0.970828 -0.011055 0.239520 -0.993527 -0.076818 0.083682 -0.986392 0.041948 0.158970 -0.997287 -0.070822 0.020072 -0.994971 0.058524 0.081285 -0.996953 -0.068505 -0.037319 -0.996884 0.077084 0.016765 -0.996928 0.058170 0.052450 -0.991175 0.053682 0.121202 -0.979119 0.060253 0.194151 -0.957120 0.080116 0.278392 -0.927382 0.120804 0.354075 -0.978551 -0.201427 0.043185 -0.973283 -0.229506 0.006898 -0.972466 -0.222020 -0.070837 -0.963706 -0.233330 -0.129722 -0.955963 -0.246340 -0.159535 -0.951391 -0.250497 -0.179183 -0.968802 0.029421 -0.246084 -0.968316 -0.089960 -0.232962 -0.970962 -0.018102 -0.238549 -0.970878 0.022858 -0.238480 -0.948709 -0.193462 -0.250048 -0.966917 -0.093649 -0.237278 -0.898528 0.169426 0.404897 -0.901905 0.176207 0.394358 -0.942034 -0.251140 -0.222489 -0.975884 -0.090741 -0.198537 -0.977237 0.073441 -0.199034 -0.927470 0.107111 0.358228 -0.948208 0.067402 0.310416 -0.977118 -0.042930 -0.208321 -0.974843 0.061538 -0.214231 -0.974516 0.036840 0.221273 
						-0.991476 -0.012888 0.129647 -0.995361 -0.068549 0.067503 -0.989370 -0.122080 0.079012 -0.974789 0.063977 -0.213762 -0.983278 -0.017834 -0.181237 -0.987500 0.028821 -0.154959 -0.985338 0.037018 -0.166551 -0.978260 0.127980 -0.163180 -0.979026 0.017862 -0.202952 -0.984127 -0.116788 0.133619 -0.974675 -0.033031 -0.221172 -0.977458 0.086383 -0.192649 -0.980254 0.004609 -0.197690 -0.974541 -0.029404 -0.222274 -0.976006 0.038158 -0.214375 -0.971478 -0.053814 -0.230943 -0.961343 -0.092921 -0.259202 -0.968770 -0.014521 -0.247533 -0.980680 -0.059156 0.186461 -0.969331 -0.039999 -0.242482 -0.952761 -0.164685 -0.255196 -0.964680 -0.078588 -0.251430 -0.949350 -0.181083 -0.256796 -0.962898 -0.102036 -0.249834 -0.946036 -0.215177 -0.242310 -0.947435 -0.216292 -0.235765 -0.965526 -0.072500 -0.250007 -0.950968 -0.179764 -0.251684 -0.946125 -0.155824 -0.283842 -0.915046 0.277248 0.292959 -0.898293 0.326446 0.294112 -0.968479 -0.037215 -0.246300 -0.976154 -0.014820 0.216575 -0.961029 -0.036979 0.273961 -0.952295 0.107132 0.285756 -0.954987 -0.198204 -0.220714 -0.959422 -0.159273 -0.232684 -0.965451 -0.071553 -0.250569 -0.949526 -0.054439 0.308928 -0.950432 -0.031112 0.309371 -0.953993 0.001887 0.299824 -0.947198 0.081375 0.310153 -0.949292 0.028395 0.313110 -0.949776 0.012557 0.312678 -0.889119 0.334298 0.312590 -0.912807 0.253416 0.320256 -0.930922 0.185814 0.314418 -0.942006 0.143501 0.303369 -0.952375 0.060979 0.298769 -0.949652 0.113105 0.292177 -0.939342 0.178059 0.293141 -0.939797 0.144995 0.309447 -0.945922 0.111461 0.304646 -0.929238 0.200790 0.310161 -0.946144 -0.078333 0.314126 -0.941842 -0.099206 0.321080 -0.950737 -0.012885 0.309729 -0.945915 -0.043470 0.321490 -0.954059 0.023835 0.298669 -0.953932 0.016790 0.299552 -0.950467 -0.012290 0.310584 -0.943467 -0.061069 0.325792 -0.941454 -0.066596 0.330499 -0.939915 -0.081588 0.331515 
						-0.917736 -0.264502 -0.296310 -0.949039 -0.134015 -0.285245 -0.931752 -0.300947 -0.203150 -0.946404 -0.205655 -0.249049 -0.947402 -0.193720 -0.254759 -0.920753 -0.347290 -0.177774 -0.921280 -0.345296 -0.178923 -0.934460 -0.288788 -0.208294 -0.925988 -0.348003 -0.146423 -0.957119 -0.199788 -0.209781 -0.964408 -0.025279 -0.263209 -0.962538 -0.150376 -0.225626 -0.965740 -0.116668 -0.231810 -0.965107 -0.125640 -0.229747 -0.914380 -0.279741 -0.292666 -0.934423 -0.169265 -0.313372 -0.941222 -0.055506 -0.333197 -0.948004 -0.001115 -0.318256 -0.939057 -0.001425 -0.343759 -0.933620 0.030667 -0.356951 -0.936903 0.010353 -0.349437 -0.943150 -0.003199 -0.332352 -0.946271 -0.047552 -0.319860 -0.924247 -0.333274 -0.186268 -0.943325 -0.232777 -0.236543 -0.946558 -0.200360 -0.252752 -0.941831 -0.240716 -0.234540 -0.946604 -0.204620 -0.249142 -0.930645 -0.304156 -0.203441 -0.933768 -0.289010 -0.211068 -0.937101 -0.271416 -0.219489 0.995641 -0.093138 -0.004949 0.966162 -0.234706 -0.106979 0.182374 -0.137672 0.973543 0.142736 -0.126174 0.981686 
					</float_array>
					<technique_common>
						<accessor count="2211" offset="0" source="#meshId0-bitangents-array" stride="3">
							<param name="X" type="float" />
							<param name="Y" type="float" />
							<param name="Z" type="float" />
						</accessor>
					</technique_common>
				</source>
				<source id="meshId0-tex0" name="meshId0-tex0">
					<float_array id="meshId0-tex0-array" count="4422"> 
						0.612288 0.271510 0.611492 0.301347 0.589013 0.300880 0.589441 0.269907 0.633077 0.301781 0.631926 0.328584 0.611106 0.328572 0.632228 0.353945 0.610691 0.354153 0.632111 0.381374 0.610842 0.381093 0.591920 0.240061 0.614149 0.241716 0.632580 0.409496 0.611213 0.410391 0.632716 0.434178 0.611803 0.435469 0.632727 0.457703 0.611975 0.460252 0.634852 0.482455 0.613873 0.484873 0.637923 0.511051 0.616911 0.513227 0.641755 0.537804 0.621035 0.540747 0.688093 0.588960 0.651374 0.594312 0.645959 0.565619 0.681870 0.560703 0.629585 0.597295 0.654546 0.627178 0.631712 0.629056 0.638645 0.003183 0.661245 0.006444 0.655776 0.035747 0.633864 0.032336 0.593750 0.211685 0.615281 0.214049 0.594666 0.185951 0.616456 0.188399 0.617517 0.158791 0.595007 0.156150 0.598088 0.124194 0.620780 0.126583 0.623141 0.096358 0.601952 0.093259 0.607346 0.059833 0.629119 0.063458 0.611561 0.029027 0.736965 0.329949 0.738126 0.301193 0.774987 0.301029 0.773717 0.330542 0.908681 0.331710 0.908935 0.306029 0.945217 0.307117 0.944443 0.332229 0.667221 0.301588 0.634049 0.272954 0.668016 0.273844 0.635334 0.243281 0.669737 0.244388 0.635829 0.216369 0.670978 0.218459 
						0.637356 0.190986 0.673100 0.193029 0.639623 0.161337 0.675915 0.165155 0.640960 0.128686 0.679282 0.133436 0.643851 0.099432 0.681014 0.104623 0.650526 0.067136 0.687042 0.073842 0.692884 0.042828 0.698984 0.014667 0.693354 0.620551 0.678149 0.533379 0.674762 0.506654 0.672009 0.478923 0.669290 0.455047 0.668016 0.431507 0.772525 0.351994 0.736227 0.352471 0.773632 0.377375 0.737148 0.378411 0.738111 0.401741 0.775245 0.398954 0.666303 0.406871 0.807777 0.302253 0.775653 0.276871 0.808661 0.278230 0.945096 0.352264 0.909113 0.351690 0.946149 0.374019 0.910547 0.373958 0.948266 0.393166 0.912999 0.393636 0.950223 0.407642 0.915505 0.409884 0.920506 0.449997 0.954182 0.445742 0.957377 0.465286 0.923841 0.470322 0.952390 0.426732 0.918308 0.430001 0.960974 0.488133 0.927432 0.493644 0.964391 0.515434 0.930801 0.520554 0.938804 0.072558 0.971886 0.079740 0.968760 0.101211 0.935869 0.094985 0.967943 0.539952 0.932866 0.545201 0.971404 0.562938 0.937676 0.568505 0.965093 0.124150 0.931666 0.119107 0.960760 0.148237 0.927289 0.143341 0.956950 0.171427 0.923450 0.167051 0.953272 0.198644 0.919644 0.194814 0.779407 0.248363 0.812187 0.250374 
						0.782045 0.226488 0.814944 0.228669 0.785635 0.201843 0.818252 0.205180 0.951066 0.217210 0.917572 0.214460 0.778968 0.421410 0.741147 0.424997 0.704113 0.428362 0.701737 0.404393 0.666464 0.380356 0.701409 0.379408 0.666005 0.353485 0.700734 0.352988 0.666115 0.328999 0.701116 0.329465 0.783470 0.444998 0.744576 0.448617 0.706533 0.451970 0.786775 0.467972 0.747788 0.471998 0.709476 0.475601 0.790128 0.491790 0.750829 0.497109 0.712399 0.502067 0.793662 0.516880 0.754294 0.522744 0.715811 0.528261 0.797296 0.542650 0.758201 0.549156 0.719653 0.555242 0.802347 0.566824 0.763837 0.574645 0.725762 0.582196 0.808274 0.593377 0.770138 0.602762 0.731886 0.612065 0.805877 0.066897 0.767951 0.058696 0.774261 0.032766 0.811953 0.041984 0.730299 0.050590 0.736632 0.023556 0.799762 0.096177 0.761699 0.088519 0.724165 0.081024 0.795675 0.121794 0.756896 0.115870 0.718688 0.110111 0.791763 0.148210 0.753660 0.143099 0.716188 0.138140 0.787833 0.178501 0.749834 0.173870 0.712564 0.169380 0.747330 0.198747 0.709802 0.195762 0.744118 0.223670 0.707083 0.220956 0.741902 0.246966 0.705352 0.245622 0.738818 0.275797 0.702961 0.274802 0.702232 0.301401 
						0.820438 0.182736 0.853265 0.186902 0.851102 0.208432 0.886340 0.190959 0.884213 0.211549 0.949223 0.235604 0.915365 0.234385 0.881597 0.232702 0.848118 0.230760 0.946805 0.256702 0.912533 0.255682 0.878693 0.254131 0.845260 0.252314 0.945284 0.282728 0.910067 0.282003 0.875735 0.280893 0.841980 0.279593 0.824416 0.153075 0.857228 0.157882 0.890229 0.162557 0.828365 0.127388 0.861171 0.132893 0.894127 0.138227 0.832577 0.102183 0.865474 0.108061 0.898484 0.113710 0.838268 0.074246 0.870694 0.081398 0.903213 0.088337 0.835024 0.561082 0.840588 0.586784 0.867607 0.555583 0.872916 0.580451 0.900201 0.550285 0.905272 0.574350 0.830698 0.536901 0.864032 0.531295 0.897379 0.525841 0.843569 0.049978 0.875239 0.057756 0.906980 0.065307 0.827105 0.510957 0.860494 0.505061 0.893928 0.499279 0.823466 0.486369 0.856838 0.480918 0.890297 0.475544 0.816805 0.441230 0.819801 0.464002 0.850408 0.437394 0.853265 0.459297 0.884267 0.433609 0.886817 0.454558 0.812588 0.418494 0.846574 0.415514 0.880902 0.412593 0.809043 0.397521 0.843294 0.396070 0.877964 0.394721 0.807084 0.376364 0.841084 0.375387 0.875573 0.374537 0.805878 0.351728 0.839738 0.351574 
						0.874137 0.351525 0.806703 0.330711 0.840136 0.330966 0.874083 0.331288 0.874598 0.304803 0.840962 0.303527 0.972566 0.308068 0.972398 0.330994 0.973409 0.349185 0.974459 0.373668 0.977755 0.392125 0.977670 0.406419 0.979838 0.424378 0.983478 0.441938 0.985780 0.461247 0.988901 0.484158 0.993482 0.511678 0.996284 0.536418 0.999794 0.558463 0.999794 0.084577 0.996746 0.106517 0.993357 0.128906 0.989272 0.152640 0.981045 0.172738 0.959437 0.199259 0.958736 0.216910 0.968253 0.236098 0.973243 0.258482 0.972859 0.282882 0.089282 0.260089 0.075053 0.229854 0.085026 0.211251 0.103524 0.233402 0.122934 0.243613 0.103813 0.269654 0.148641 0.255663 0.124774 0.273129 0.163556 0.267430 0.145054 0.283752 0.182760 0.291164 0.160395 0.302269 0.060012 0.214433 0.068787 0.197740 0.039733 0.202057 0.048941 0.184902 0.020000 0.191502 0.029846 0.173214 0.000206 0.182045 0.010259 0.162837 0.011389 0.510339 0.001837 0.490613 0.021417 0.480564 0.030861 0.500268 0.043462 0.469675 0.054402 0.488342 0.066768 0.455099 0.078666 0.474627 0.085991 0.442883 0.098544 0.462137 0.101975 0.432182 0.107644 0.453966 0.115239 0.420314 0.127058 0.438276 0.128460 0.408231 
						0.142203 0.426041 0.139619 0.399454 0.158223 0.413179 0.151164 0.384461 0.172279 0.398264 0.193640 0.320152 0.169509 0.324692 0.195645 0.348659 0.169470 0.346698 0.189893 0.371216 0.164916 0.364049 0.258512 0.345352 0.257266 0.316303 0.289463 0.315065 0.290200 0.344342 0.374148 0.339623 0.374046 0.315338 0.394195 0.315781 0.394315 0.338954 0.443188 0.338526 0.443459 0.317373 0.459471 0.317843 0.459033 0.338451 0.524416 0.338358 0.526313 0.323435 0.543481 0.325653 0.541196 0.337630 0.210553 0.284930 0.189976 0.257167 0.217014 0.245933 0.170682 0.215960 0.205606 0.206629 0.245377 0.234476 0.254036 0.378180 0.286208 0.382683 0.232034 0.412501 0.262065 0.420978 0.136197 0.224443 0.162675 0.235123 0.148557 0.200269 0.115955 0.211421 0.097401 0.192031 0.108979 0.184811 0.133011 0.189902 0.221980 0.374350 0.202135 0.404896 0.227011 0.346880 0.225371 0.318128 0.242745 0.279171 0.169309 0.192915 0.189521 0.185433 0.156257 0.182517 0.165730 0.169191 0.140039 0.173021 0.148999 0.158988 0.179361 0.427632 0.157744 0.444524 0.139893 0.458546 0.114794 0.478337 0.195560 0.448057 0.228032 0.456789 0.170995 0.463136 0.186480 0.477127 0.176750 0.487862 
						0.151455 0.477409 0.164257 0.498205 0.133045 0.492312 0.155636 0.503846 0.079008 0.179859 0.059382 0.167764 0.039409 0.156393 0.019524 0.145340 0.019776 0.528587 0.039706 0.518518 0.063810 0.505280 0.089116 0.492342 0.109754 0.481526 0.121471 0.500240 0.132964 0.519390 0.099837 0.511668 0.074918 0.525855 0.050369 0.539131 0.029908 0.550689 0.030366 0.124155 0.051489 0.134847 0.072404 0.145682 0.092550 0.158711 0.111178 0.166961 0.123098 0.171154 0.134893 0.150842 0.124093 0.145215 0.106340 0.136147 0.084870 0.124804 0.064092 0.113556 0.042376 0.102575 0.040528 0.573530 0.062063 0.561557 0.201942 0.489023 0.183874 0.501685 0.170828 0.509640 0.157491 0.517910 0.138543 0.529149 0.112183 0.530847 0.087641 0.546185 0.230072 0.198833 0.277147 0.229043 0.204122 0.178377 0.173065 0.158520 0.216505 0.156896 0.184431 0.137683 0.194677 0.116702 0.226389 0.134535 0.244029 0.083837 0.215386 0.074353 0.223516 0.056054 0.249612 0.066485 0.155005 0.148021 0.141191 0.140128 0.131099 0.133647 0.113382 0.123953 0.093206 0.112345 0.071637 0.101137 0.048945 0.089341 0.048117 0.586651 0.069471 0.573710 0.094830 0.557003 0.118680 0.541805 0.304260 0.272946 
						0.281073 0.275486 0.311258 0.314834 0.373268 0.376997 0.394334 0.376222 0.373089 0.276870 0.394860 0.278955 0.242583 0.173662 0.254130 0.148290 0.310429 0.231834 0.272887 0.194173 0.302091 0.202227 0.327686 0.272789 0.280830 0.163504 0.290869 0.419547 0.269887 0.458301 0.212588 0.512029 0.236557 0.494522 0.244579 0.523565 0.221959 0.534997 0.269677 0.480938 0.275244 0.507312 0.320532 0.418615 0.312463 0.452359 0.166208 0.128039 0.153146 0.120977 0.142066 0.114669 0.124652 0.104373 0.104724 0.092650 0.083998 0.080892 0.060865 0.068013 0.060328 0.609168 0.082984 0.593186 0.195248 0.523248 0.205206 0.544789 0.106980 0.574793 0.129990 0.559526 0.149348 0.548017 0.165655 0.539031 0.182186 0.530804 0.332603 0.314809 0.350672 0.274734 0.353521 0.314992 0.311667 0.342766 0.308421 0.380753 0.332830 0.341480 0.330335 0.379200 0.353655 0.340449 0.351949 0.377963 0.312443 0.179290 0.342679 0.234703 0.333455 0.208308 0.341690 0.189820 0.272812 0.101922 0.281142 0.083802 0.309089 0.098596 0.300703 0.118620 0.341904 0.110919 0.333133 0.134145 0.373352 0.121746 0.363646 0.142395 0.190296 0.552104 0.175000 0.559237 0.158835 0.566159 0.140190 0.575700 
						0.118892 0.591038 0.097096 0.610724 0.074649 0.630408 0.096291 0.062498 0.073533 0.047232 0.115465 0.074973 0.134892 0.086018 0.151961 0.096041 0.163824 0.102334 0.176159 0.108331 0.348720 0.415572 0.373359 0.414249 0.396343 0.411897 0.444587 0.373100 0.460908 0.372341 0.445105 0.286410 0.461316 0.288240 0.529830 0.291761 0.546853 0.292177 0.447877 0.407395 0.464396 0.406595 0.564843 0.557078 0.566613 0.561098 0.564211 0.561908 0.562811 0.559238 0.193921 0.068182 0.201167 0.048620 0.182187 0.063665 0.188972 0.044484 0.168936 0.058504 0.175578 0.038376 0.152319 0.050765 0.158509 0.030910 0.137873 0.043634 0.145327 0.024766 0.121222 0.030208 0.135580 0.016491 0.131638 0.055034 0.146969 0.064243 0.112497 0.041111 0.163683 0.072346 0.175916 0.078663 0.187095 0.083353 0.207565 0.091920 0.325279 0.152276 0.356915 0.159062 0.293766 0.137359 0.265983 0.121244 0.237064 0.104592 0.092754 0.022296 0.115126 0.630197 0.097392 0.653200 0.105602 0.012284 0.126433 0.002485 0.133285 0.611139 0.125525 0.637738 0.110827 0.661919 0.140198 0.645618 0.131581 0.670545 0.154522 0.596886 0.171209 0.589129 0.183528 0.583489 0.197889 0.579087 0.214094 0.573890 
						0.232794 0.567401 0.255340 0.557424 0.285362 0.543690 0.310989 0.492766 0.315062 0.526662 0.141069 0.619216 0.150824 0.630537 0.160100 0.606103 0.163884 0.621149 0.173465 0.602787 0.174772 0.618722 0.185387 0.598695 0.186323 0.615346 0.287237 0.560039 0.257962 0.571814 0.232917 0.583293 0.214854 0.589265 0.199348 0.594058 0.200418 0.614183 0.214608 0.611024 0.234557 0.605082 0.259434 0.596336 0.288444 0.582801 0.310097 0.467155 0.394003 0.175205 0.380155 0.203058 0.317489 0.542585 0.316973 0.565935 0.344642 0.446611 0.368399 0.443067 0.393667 0.437967 0.448950 0.426454 0.464830 0.423887 0.519057 0.420061 0.518721 0.405878 0.532998 0.406953 0.532980 0.419085 0.341572 0.458989 0.366989 0.453474 0.393303 0.447645 0.450784 0.439327 0.466517 0.437344 0.516344 0.442242 0.529344 0.443471 0.372701 0.238746 0.396766 0.243031 0.445802 0.249335 0.461684 0.250867 0.530072 0.259171 0.547816 0.260239 0.374035 0.220053 0.402934 0.225957 0.452971 0.232698 0.468639 0.234442 0.536273 0.236894 0.554162 0.235727 0.420931 0.228681 0.413317 0.245480 0.437025 0.230800 0.429667 0.247551 0.411873 0.281645 0.428607 0.284123 0.415506 0.433096 0.415284 0.442870 
						0.432472 0.429523 0.434349 0.441497 0.413827 0.410144 0.431046 0.408622 0.411339 0.375066 0.428058 0.374015 0.410870 0.316338 0.427283 0.316872 0.410857 0.338773 0.427143 0.338635 0.485610 0.236251 0.478722 0.253656 0.502274 0.237443 0.495681 0.256002 0.519014 0.237604 0.512737 0.257822 0.477894 0.289384 0.494933 0.290500 0.512977 0.291298 0.477931 0.422725 0.478416 0.438421 0.491404 0.421772 0.490745 0.439630 0.505128 0.420898 0.503424 0.440943 0.477863 0.406604 0.491435 0.406919 0.505090 0.407384 0.476262 0.372051 0.492192 0.372272 0.506507 0.373284 0.571785 0.575846 0.556727 0.576106 0.558122 0.571018 0.563941 0.571131 0.476155 0.319205 0.492743 0.320505 0.509269 0.321761 0.475560 0.338276 0.491982 0.338121 0.508350 0.337964 0.567609 0.564069 0.565352 0.564366 0.422198 0.186862 0.409811 0.212873 0.401259 0.157032 0.408105 0.135552 0.439335 0.192928 0.427117 0.216557 0.429368 0.171211 0.437225 0.152936 0.445138 0.123548 0.410990 0.116176 0.462889 0.132041 0.455067 0.161912 0.454627 0.197763 0.442669 0.219747 0.446486 0.179180 0.469040 0.202381 0.458250 0.222182 0.469358 0.168306 0.461219 0.184962 0.477215 0.140298 0.483043 0.206028 
						0.474084 0.223292 0.475491 0.189715 0.482975 0.173788 0.490947 0.149543 0.491466 0.223302 0.497310 0.209140 0.510886 0.212899 0.506906 0.224120 0.524095 0.214825 0.521010 0.226442 0.488576 0.194869 0.494892 0.180377 0.504303 0.156212 0.516418 0.165967 0.507441 0.185737 0.501405 0.199706 0.514094 0.203812 0.519943 0.190379 0.528606 0.172317 0.542013 0.177655 0.531757 0.194816 0.539307 0.217294 0.537316 0.228336 0.527099 0.206024 0.554809 0.229811 0.556433 0.219830 0.342090 0.480249 0.347388 0.510464 0.542170 0.207548 0.558819 0.209574 0.545187 0.198588 0.560937 0.202145 0.552324 0.183197 0.567019 0.188009 0.369649 0.473395 0.396108 0.466513 0.417134 0.463305 0.436577 0.458122 0.453929 0.453972 0.469123 0.449414 0.374717 0.499851 0.401010 0.491656 0.422176 0.487477 0.440702 0.482576 0.458983 0.477080 0.477852 0.472994 0.038770 0.816567 0.020705 0.804890 0.037920 0.784870 0.049278 0.794020 0.349341 0.526389 0.349751 0.553216 0.378150 0.515840 0.379065 0.543912 0.405085 0.508657 0.410928 0.535837 0.427154 0.504120 0.436750 0.531023 0.768899 0.687644 0.773684 0.719348 0.750279 0.721546 0.746503 0.696361 0.773684 0.749141 0.750467 0.745695 
						0.767884 0.774418 0.746892 0.765395 0.753757 0.660460 0.735248 0.676479 0.716541 0.659438 0.727501 0.639429 0.616052 0.000206 0.607000 0.600162 0.608759 0.630672 0.603436 0.571204 0.624711 0.568270 0.599539 0.543669 0.595212 0.515516 0.592052 0.487428 0.590355 0.462903 0.589830 0.436763 0.588555 0.411627 0.588289 0.380834 0.588091 0.354319 0.588996 0.328534 0.696648 0.653708 0.697596 0.631596 0.670519 0.653276 0.668681 0.631085 0.646000 0.657424 0.639218 0.636871 0.629053 0.667156 0.615295 0.652531 0.599535 0.675058 0.618515 0.681869 0.610271 0.706436 0.592052 0.702360 0.606844 0.730518 0.588091 0.730338 0.608406 0.752980 0.589669 0.754850 0.613497 0.776386 0.594639 0.780517 0.623613 0.792412 0.605975 0.803057 0.639151 0.808557 0.625996 0.826609 0.650423 0.837640 0.657599 0.816721 0.676462 0.818414 0.676230 0.841866 0.697453 0.814095 0.703866 0.836891 0.717485 0.803070 0.731407 0.820921 0.736421 0.784729 0.754331 0.799965 0.679210 0.765766 0.672520 0.764794 0.677551 0.747724 0.680780 0.748031 0.687104 0.763816 0.684143 0.747435 0.694542 0.759968 0.687881 0.745991 0.665824 0.761799 0.674678 0.746401 0.660796 0.756272 0.673074 0.744328 
						0.656863 0.749265 0.671173 0.740257 0.702241 0.754437 0.690398 0.742414 0.705686 0.745012 0.691689 0.737353 0.706806 0.736546 0.692097 0.733029 0.706877 0.726925 0.692261 0.728468 0.705594 0.715919 0.691759 0.722340 0.701369 0.708603 0.689905 0.719341 0.686239 0.717027 0.693881 0.702549 0.686346 0.700020 0.682906 0.715568 0.676519 0.699813 0.678915 0.715396 0.667798 0.701398 0.675149 0.716075 0.662093 0.705119 0.673229 0.717752 0.657877 0.711157 0.671069 0.720825 0.654983 0.719589 0.669865 0.723871 0.653800 0.729492 0.669107 0.729749 0.654334 0.739773 0.669532 0.735323 0.623766 0.748607 0.628032 0.767340 0.639078 0.744202 0.642485 0.758298 0.622433 0.730122 0.638004 0.729690 0.625190 0.710878 0.640094 0.715260 0.631591 0.691688 0.644715 0.701445 0.639978 0.679798 0.651004 0.692464 0.653232 0.672066 0.660490 0.686726 0.672490 0.668762 0.674489 0.684270 0.693194 0.669080 0.689768 0.684519 0.709012 0.673742 0.701464 0.688110 0.724034 0.687153 0.712744 0.697860 0.732975 0.702896 0.719332 0.709414 0.735836 0.723362 0.721387 0.725153 0.735954 0.742563 0.721427 0.739507 0.733247 0.758321 0.719584 0.751382 0.725099 0.773831 0.714208 0.762558 
						0.709941 0.788624 0.636074 0.780332 0.648472 0.768283 0.648089 0.792921 0.656988 0.777327 0.662635 0.799358 0.667604 0.782033 0.694045 0.797206 0.677448 0.800656 0.678353 0.782996 0.690598 0.780469 0.674618 0.721982 0.680005 0.721776 0.680803 0.743357 0.685974 0.742675 0.684352 0.720950 0.686106 0.738360 0.686178 0.733462 0.686035 0.729111 0.685581 0.724474 0.680297 0.724767 0.680666 0.729320 0.680766 0.734013 0.680967 0.738793 0.676613 0.743556 0.675524 0.739018 0.674882 0.734346 0.674568 0.729909 0.674495 0.725172 0.156536 0.803278 0.097627 0.827276 0.089832 0.800915 0.126927 0.785889 0.246086 0.797874 0.172290 0.812103 0.191949 0.784176 0.233019 0.776165 0.049725 0.820741 0.055929 0.797410 0.063325 0.779914 0.084058 0.782952 0.067419 0.770697 0.081187 0.772471 0.103142 0.770276 0.093501 0.761137 0.068975 0.766727 0.079613 0.767738 0.089766 0.757824 0.052140 0.770835 0.058583 0.776792 0.064001 0.768316 0.066249 0.764967 0.059752 0.764090 0.006226 0.785758 0.030568 0.772056 0.000206 0.768566 0.003377 0.728426 0.036481 0.736268 0.028093 0.759865 0.052602 0.743521 0.046007 0.756820 0.060024 0.746548 0.055349 0.754896 0.047779 0.763439 
						0.062831 0.761537 0.066132 0.758931 0.067955 0.760790 0.056723 0.759421 0.078724 0.765111 0.082812 0.761537 0.082104 0.758867 0.084873 0.754961 0.080073 0.756556 0.080896 0.753800 0.495499 0.758568 0.496772 0.778501 0.486660 0.779206 0.487724 0.763629 0.078502 0.755596 0.078591 0.753579 0.077151 0.754869 0.077245 0.753651 0.075472 0.755457 0.075075 0.754244 0.074032 0.756361 0.072541 0.755682 0.073719 0.764900 0.521080 0.763338 0.522305 0.777435 0.513421 0.777851 0.513111 0.759281 0.505283 0.778359 0.503407 0.757286 0.499630 0.796682 0.489827 0.792685 0.069358 0.761632 0.072231 0.761951 0.070128 0.758745 0.072293 0.759959 0.071276 0.756921 0.073054 0.758089 0.522305 0.790149 0.514568 0.795850 0.507890 0.797359 0.069414 0.758262 0.070815 0.756455 0.072301 0.755018 0.074916 0.753684 0.060733 0.757689 0.061222 0.753361 0.065353 0.748674 0.068391 0.757068 0.064661 0.756083 0.064309 0.753373 0.067415 0.749767 0.070185 0.755569 0.067459 0.755056 0.067364 0.752834 0.068836 0.750417 0.070252 0.750869 0.069393 0.752451 0.069570 0.754229 0.072126 0.754319 0.074736 0.753135 0.072093 0.753004 0.071952 0.751802 0.071537 0.750380 0.076708 0.752481 
						0.077005 0.753017 0.074380 0.752067 0.078600 0.752661 0.078527 0.751901 0.076660 0.751119 0.074021 0.751010 0.073550 0.749652 0.076551 0.749834 0.075768 0.748692 0.165207 0.779175 0.177699 0.769944 0.137836 0.769399 0.150471 0.776114 0.111762 0.757076 0.096112 0.753740 0.090752 0.752656 0.085303 0.752001 0.080950 0.752382 0.081048 0.750789 0.078365 0.750305 0.078082 0.748751 0.077674 0.747045 0.085781 0.748991 0.080875 0.748953 0.080234 0.747334 0.079634 0.745244 0.089809 0.740456 0.085109 0.734048 0.092247 0.724194 0.096995 0.735694 0.091675 0.747138 0.098144 0.745963 0.116467 0.743264 0.140787 0.740405 0.151228 0.741756 0.157591 0.743341 0.168891 0.741130 0.182404 0.742117 0.190344 0.761081 0.152398 0.730385 0.142332 0.729002 0.142085 0.710667 0.153380 0.710842 0.169818 0.731517 0.156949 0.730907 0.159301 0.710374 0.174555 0.712350 0.141750 0.679464 0.156536 0.679660 0.165304 0.679464 0.182787 0.695084 0.117829 0.736709 0.098379 0.741519 0.118805 0.721076 0.091239 0.744563 0.085489 0.747141 0.109340 0.696817 0.273566 0.802874 0.253234 0.778392 0.272543 0.780703 0.245285 0.754385 0.247640 0.736196 0.262126 0.737708 0.259309 0.758388 
						0.272164 0.737427 0.261263 0.726315 0.272185 0.724337 0.272781 0.711243 0.257389 0.714016 0.250069 0.693145 0.273566 0.692063 0.081861 0.740601 0.084035 0.744453 0.219438 0.761740 0.199348 0.763649 0.203032 0.754886 0.214384 0.753822 0.205297 0.749542 0.211641 0.748823 0.206535 0.746451 0.210273 0.746344 0.207453 0.745167 0.209565 0.745083 0.208126 0.744400 0.209071 0.744397 0.209194 0.744094 0.209652 0.744138 0.209211 0.743825 0.209508 0.743582 0.207373 0.744344 0.207964 0.744190 0.207584 0.743844 0.207924 0.743961 0.207735 0.743520 0.208011 0.743648 0.207858 0.743320 0.208104 0.743417 0.209045 0.743461 0.209284 0.743285 0.208800 0.743305 0.208959 0.743157 0.208663 0.743242 0.208749 0.743096 0.208551 0.743238 0.208573 0.743083 0.208317 0.743113 0.208404 0.743249 0.208199 0.743334 0.208113 0.743179 0.579226 0.683124 0.579226 0.694558 0.574454 0.693364 0.574229 0.684963 0.577166 0.697298 0.574455 0.699016 0.572046 0.679643 0.575721 0.680906 0.569834 0.693489 0.569690 0.686172 0.566042 0.693483 0.565657 0.687008 0.566218 0.679464 0.562457 0.682253 0.569640 0.699736 0.565490 0.699545 0.561942 0.693236 0.561480 0.688700 0.563505 0.698054 
						0.561298 0.685450 0.198892 0.752832 0.203348 0.748582 0.205702 0.745786 0.206638 0.744644 0.207130 0.744158 0.207437 0.743695 0.207614 0.743399 0.207776 0.743213 0.185484 0.724375 0.182107 0.736996 0.194245 0.745043 0.201317 0.743892 0.194185 0.742670 0.198101 0.735186 0.202603 0.738679 0.201437 0.742073 0.204723 0.743240 0.206192 0.742983 0.206876 0.742967 0.207316 0.742908 0.207514 0.742875 0.207701 0.742844 0.208039 0.742816 0.208086 0.743103 0.208283 0.742806 0.208295 0.743038 0.204637 0.742148 0.206210 0.742376 0.204904 0.740439 0.206214 0.741229 0.206920 0.742501 0.206950 0.741758 0.207328 0.742561 0.207522 0.742576 0.207714 0.742594 0.208053 0.742619 0.208577 0.742988 0.208783 0.742990 0.209012 0.743022 0.209384 0.743146 0.209772 0.743299 0.211108 0.745652 0.213141 0.747756 0.217386 0.751834 0.225016 0.757867 0.239953 0.767602 0.271801 0.763489 0.207382 0.742040 0.207559 0.742111 0.207736 0.742144 0.208087 0.742219 0.208587 0.742787 0.208815 0.742764 0.208292 0.742619 0.208324 0.742236 0.208590 0.742616 0.208573 0.742244 0.209057 0.742778 0.209444 0.742804 0.209948 0.742786 0.210485 0.742788 0.210139 0.743672 0.208829 0.742605 
						0.208838 0.742245 0.209068 0.742604 0.209063 0.742204 0.209452 0.742593 0.209955 0.742525 0.209411 0.742143 0.209850 0.741954 0.212029 0.744619 0.214819 0.745917 0.220594 0.748338 0.231046 0.751125 0.212651 0.742678 0.210488 0.742397 0.210345 0.741714 0.215760 0.742598 0.221707 0.742384 0.232494 0.740099 0.384543 0.711718 0.384543 0.797666 0.360159 0.778128 0.362814 0.733180 0.362756 0.717925 0.378272 0.704687 0.486247 0.768617 0.478928 0.763527 0.474701 0.712046 0.486247 0.707199 0.249397 0.728725 0.232802 0.737033 0.221342 0.739830 0.212604 0.742063 0.215640 0.741432 0.212206 0.741055 0.245685 0.713840 0.232012 0.729706 0.215084 0.739679 0.219087 0.736258 0.357246 0.805647 0.348971 0.786451 0.341686 0.774742 0.347681 0.769521 0.349446 0.744717 0.339221 0.764185 0.340353 0.750608 0.333440 0.760967 0.334808 0.753279 0.330285 0.758877 0.331241 0.754986 0.329340 0.757722 0.329835 0.755328 0.328862 0.757125 0.329219 0.755586 0.328560 0.757739 0.328613 0.757175 0.327870 0.757432 0.328176 0.757041 0.327645 0.757056 0.327944 0.756907 0.327518 0.756660 0.327740 0.756632 0.329810 0.759239 0.332240 0.761925 0.337249 0.766583 0.302296 0.808954 
						0.289568 0.800155 0.311702 0.786903 0.319473 0.790287 0.282439 0.785818 0.304721 0.781368 0.274426 0.764469 0.297842 0.768812 0.238069 0.710143 0.335189 0.809984 0.333840 0.791676 0.353117 0.704397 0.329775 0.697165 0.331978 0.688547 0.358853 0.697086 0.323287 0.774987 0.327339 0.776458 0.318698 0.771669 0.459973 0.778036 0.456444 0.765208 0.468896 0.754508 0.463517 0.720066 0.332298 0.723392 0.344015 0.731603 0.336617 0.744375 0.331265 0.741298 0.313730 0.684853 0.314200 0.697807 0.307371 0.701101 0.306320 0.683451 0.323290 0.686505 0.321795 0.697012 0.327619 0.756294 0.327909 0.756333 0.327701 0.755715 0.327915 0.755819 0.327779 0.755344 0.327936 0.755417 0.328993 0.755417 0.329375 0.754893 0.328610 0.755331 0.328563 0.754895 0.328163 0.755351 0.328068 0.755060 0.330599 0.754267 0.333991 0.751353 0.338517 0.746456 0.348357 0.737224 0.332637 0.750886 0.330193 0.749541 0.330166 0.753763 0.329197 0.753026 0.328455 0.754753 0.329115 0.754443 0.328001 0.754912 0.327680 0.755238 0.335499 0.776834 0.329129 0.768497 0.333514 0.768311 0.331018 0.762286 0.328927 0.762517 0.328243 0.759608 0.329326 0.759436 0.326789 0.767694 0.323759 0.765614 
						0.328291 0.758079 0.327678 0.757488 0.327488 0.757154 0.327384 0.756677 0.327444 0.756280 0.327564 0.755670 0.570996 0.714686 0.575473 0.716585 0.573843 0.718242 0.569668 0.719646 0.565725 0.705593 0.566280 0.714600 0.562042 0.714075 0.561298 0.706385 0.575473 0.703508 0.571147 0.705484 0.569989 0.700590 0.573421 0.701918 0.562354 0.700446 0.565317 0.700149 0.566763 0.720068 0.562584 0.718848 0.327553 0.758007 0.327306 0.757420 0.327257 0.757133 0.327803 0.762333 0.326187 0.761670 0.327584 0.759421 0.326752 0.759082 0.327221 0.757873 0.326795 0.757716 0.314038 0.764726 0.321028 0.761518 0.324239 0.759310 0.325358 0.758213 0.326089 0.757393 0.327089 0.757354 0.326851 0.757258 0.326368 0.757024 0.327217 0.756635 0.327083 0.757079 0.326877 0.756998 0.326496 0.756835 0.327293 0.756233 0.327398 0.755635 0.328652 0.754077 0.327006 0.756558 0.327114 0.756604 0.326703 0.756437 0.328152 0.754529 0.327795 0.754761 0.428849 0.783468 0.430683 0.767728 0.451606 0.746734 0.438038 0.752603 0.439211 0.742852 0.445757 0.738670 0.327516 0.755097 0.480771 0.449178 0.491146 0.448935 0.504687 0.449075 0.516878 0.448494 0.529664 0.447442 0.504740 0.693412 
						0.542293 0.691995 0.537342 0.704462 0.513993 0.704411 0.531531 0.713739 0.519678 0.712837 0.529652 0.717892 0.521499 0.717754 0.528037 0.721019 0.523001 0.721657 0.560885 0.679464 0.559848 0.695071 0.546839 0.700077 0.560885 0.708580 0.550702 0.710164 0.427823 0.687979 0.450472 0.693436 0.448461 0.704290 0.432182 0.699514 0.551542 0.738981 0.558920 0.741181 0.554821 0.752625 0.547109 0.750311 0.554590 0.499718 0.555488 0.503481 0.544693 0.507946 0.543684 0.501828 0.455148 0.742732 0.454922 0.723619 0.447617 0.736562 0.447699 0.725973 0.442551 0.733748 0.442566 0.727802 0.439962 0.732548 0.439960 0.728666 0.438078 0.731666 0.438123 0.729230 0.419488 0.780279 0.410377 0.773374 0.419518 0.761115 0.424075 0.765165 0.329031 0.723085 0.325759 0.723062 0.318769 0.724387 0.327201 0.756202 0.327097 0.756167 0.326815 0.756068 0.326938 0.755530 0.327225 0.755595 0.327327 0.755617 0.327430 0.755033 0.327316 0.754961 0.327055 0.754846 0.327690 0.754694 0.327552 0.754625 0.327184 0.754495 0.327946 0.754401 0.327765 0.754296 0.328331 0.753874 0.327358 0.754122 0.328068 0.753725 0.327552 0.753489 0.328707 0.752806 0.328298 0.752625 0.327596 0.752400 
						0.329247 0.749361 0.328557 0.749185 0.327230 0.749063 0.330078 0.741017 0.328255 0.740686 0.326118 0.740910 0.313545 0.726654 0.301650 0.703997 0.298735 0.679464 0.322181 0.742192 0.561298 0.734806 0.561465 0.724223 0.565756 0.724735 0.566225 0.733466 0.569579 0.724970 0.570034 0.732566 0.574387 0.725865 0.574361 0.731978 0.438790 0.737366 0.441684 0.735316 0.438101 0.733009 0.436683 0.734155 0.436249 0.733700 0.437362 0.732874 0.439454 0.733900 0.437469 0.732037 0.436561 0.732624 0.436824 0.732148 0.435882 0.732305 0.436058 0.731940 0.435417 0.731831 0.435720 0.731710 0.435324 0.731122 0.435703 0.731103 0.435204 0.730403 0.435688 0.730309 0.435020 0.729542 0.435627 0.729601 0.563896 0.721908 0.566427 0.720544 0.570683 0.720481 0.573252 0.721379 0.192634 0.713731 0.200276 0.730076 0.203941 0.736693 0.205751 0.738979 0.206560 0.740276 0.207189 0.741116 0.207523 0.741338 0.207736 0.741415 0.207952 0.741494 0.208195 0.741546 0.208412 0.741581 0.434108 0.752610 0.430884 0.752052 0.403294 0.767659 0.415172 0.758227 0.394722 0.760918 0.408485 0.754144 0.418352 0.746245 0.424433 0.749336 0.437064 0.743071 0.435259 0.742924 0.431153 0.742232 
						0.437553 0.737656 0.436005 0.738124 0.433440 0.738368 0.425922 0.740443 0.429000 0.738084 0.471330 0.690016 0.464861 0.700829 0.458537 0.711870 0.451841 0.718610 0.446042 0.723424 0.441884 0.726370 0.439437 0.727684 0.437649 0.727931 0.437372 0.728844 0.437069 0.728004 0.436596 0.728833 0.436221 0.728071 0.436052 0.729113 0.435401 0.728635 0.567837 0.738315 0.564256 0.737088 0.571072 0.738030 0.574387 0.736288 0.446138 0.713178 0.434684 0.709443 0.489612 0.470864 0.435704 0.733116 0.435163 0.732625 0.434898 0.731877 0.434811 0.731128 0.434709 0.730479 0.434506 0.729501 0.434677 0.728212 0.434853 0.727459 0.435312 0.726148 0.437213 0.727081 0.453035 0.682506 0.442621 0.720095 0.439982 0.724298 0.438178 0.726099 0.435834 0.724913 0.436394 0.722660 0.436172 0.717138 0.560562 0.729104 0.552736 0.727893 0.437612 0.735276 0.426586 0.679464 0.436834 0.735499 0.436065 0.734281 0.435687 0.733767 0.435232 0.733199 0.434919 0.732686 0.435376 0.735731 0.433881 0.736040 0.434967 0.734462 0.433856 0.734670 0.434691 0.733834 0.434388 0.733315 0.434070 0.732706 0.434626 0.731942 0.434558 0.731139 0.434459 0.730494 0.434278 0.729469 0.434340 0.728142 
						0.434334 0.727360 0.434481 0.725889 0.434706 0.724620 0.445664 0.499697 0.466598 0.495806 0.486726 0.492639 0.458350 0.526391 0.478885 0.520276 0.496603 0.509404 0.505708 0.501831 0.497772 0.487675 0.508799 0.482519 0.516112 0.496077 0.501437 0.468544 0.521893 0.464579 0.532144 0.462493 0.511631 0.466600 0.532192 0.484890 0.525877 0.474348 0.534389 0.470242 0.539327 0.479752 0.517312 0.478459 0.525065 0.489585 0.410602 0.694873 0.416930 0.690077 0.425527 0.700251 0.418817 0.707658 0.410847 0.680407 0.395841 0.684169 0.429513 0.709049 0.433276 0.716644 0.422999 0.712371 0.427176 0.718245 0.430085 0.722244 0.434442 0.722292 0.431767 0.724509 0.432540 0.726029 0.432948 0.727553 0.433142 0.728341 0.433360 0.729653 0.433491 0.730561 0.433643 0.731250 0.432923 0.731366 0.432809 0.730577 0.431725 0.731365 0.431688 0.730789 0.432681 0.729771 0.433855 0.731999 0.433727 0.733987 0.433588 0.733353 0.433307 0.732632 0.433118 0.732019 0.430284 0.736223 0.431120 0.734785 0.431605 0.733872 0.431715 0.733284 0.431774 0.732615 0.431740 0.732017 0.431564 0.729968 0.432297 0.728504 0.431971 0.727780 0.431354 0.726496 0.430216 0.725068 0.428168 0.722949 
						0.431002 0.728727 0.430446 0.728054 0.429665 0.727224 0.429778 0.730697 0.429848 0.731521 0.429024 0.731685 0.428933 0.730651 0.422447 0.730298 0.423315 0.733068 0.419790 0.733204 0.419122 0.729999 0.402030 0.728701 0.401269 0.735278 0.384975 0.735065 0.384955 0.727619 0.411905 0.733798 0.411783 0.729716 0.402580 0.740966 0.386684 0.741862 0.413251 0.737877 0.421594 0.736161 0.385007 0.722458 0.402723 0.724754 0.412095 0.726144 0.419202 0.727397 0.421166 0.715887 0.416844 0.712049 0.420123 0.720447 0.414627 0.716906 0.419616 0.724724 0.412751 0.722632 0.406680 0.702873 0.404458 0.712038 0.403525 0.720596 0.392271 0.695361 0.387906 0.706230 0.385414 0.717336 0.425371 0.719938 0.428624 0.726221 0.426477 0.724614 0.424024 0.722530 0.431148 0.731400 0.431083 0.730755 0.430536 0.731438 0.430485 0.730737 0.427918 0.731891 0.427819 0.730604 0.426988 0.732082 0.426826 0.730483 0.425521 0.732339 0.425261 0.730438 0.430855 0.730093 0.430495 0.730185 0.430345 0.729176 0.429695 0.728667 0.428812 0.728042 0.427529 0.727376 0.425659 0.726574 0.423323 0.725721 0.422823 0.727905 0.425342 0.728563 0.427077 0.729029 0.428191 0.729265 0.429241 0.729627 
						0.430020 0.729920 0.424895 0.735324 0.427857 0.737277 0.429321 0.735731 0.430108 0.734625 0.431212 0.732027 0.428055 0.733327 0.427111 0.734048 0.429150 0.734105 0.428287 0.734924 0.426463 0.736360 0.425022 0.739450 0.423394 0.737902 0.417576 0.744190 0.415158 0.741557 0.407141 0.750225 0.404433 0.745706 0.391477 0.755718 0.388365 0.747971 0.430604 0.733944 0.430985 0.733166 0.431167 0.732561 0.430668 0.732102 0.430013 0.732286 0.429533 0.732474 0.428753 0.732903 0.429736 0.733567 0.430234 0.732972 0.430593 0.732495 0.539934 0.707432 0.541915 0.711281 0.545087 0.721963 0.544843 0.730573 0.540256 0.739393 0.499321 0.697453 0.510575 0.707234 0.517332 0.714695 0.519999 0.719140 0.521440 0.722905 0.523142 0.722918 0.522300 0.724199 0.523699 0.724119 0.522660 0.725550 0.524142 0.726035 0.524575 0.724625 0.525352 0.724870 0.525074 0.726142 0.526462 0.724828 0.526526 0.725916 0.533148 0.715528 0.530716 0.719164 0.529096 0.721734 0.528932 0.723058 0.527836 0.722637 0.528318 0.724650 0.527563 0.723767 0.527474 0.725660 0.527099 0.724768 0.585588 0.700976 0.585588 0.712899 0.583479 0.710991 0.583454 0.703368 0.578795 0.703555 0.577949 0.709596 
						0.575886 0.709017 0.576069 0.704495 0.580558 0.710349 0.581031 0.703403 0.581919 0.712965 0.579047 0.712763 0.576188 0.711489 0.582802 0.700200 0.579382 0.700149 0.577249 0.701948 0.486660 0.721435 0.504067 0.720755 0.514137 0.721861 0.518052 0.723318 0.520648 0.724584 0.504471 0.730152 0.488243 0.735872 0.513939 0.727776 0.518080 0.727229 0.520561 0.727012 0.522634 0.726922 0.524132 0.726945 0.525032 0.726962 0.526371 0.726787 0.527504 0.726426 0.534355 0.717657 0.535684 0.722177 0.535884 0.726330 0.531394 0.720495 0.532034 0.722771 0.532312 0.725563 0.529425 0.724027 0.528538 0.726000 0.529759 0.725777 0.500300 0.751670 0.510261 0.739116 0.516789 0.733179 0.519686 0.731132 0.521524 0.729973 0.533259 0.732318 0.530975 0.730576 0.529046 0.729331 0.527870 0.728807 0.526993 0.728508 0.526057 0.728357 0.524828 0.728405 0.523933 0.728680 0.522749 0.729240 0.523864 0.734162 0.526006 0.734116 0.526081 0.736629 0.523376 0.736618 0.521734 0.745636 0.526304 0.746307 0.527513 0.756873 0.519675 0.756677 0.542103 0.497896 0.549574 0.495137 0.540184 0.494146 0.547729 0.491486 0.538491 0.491230 0.545697 0.487776 0.535935 0.487393 0.542915 0.483568 
						0.524780 0.728990 0.525912 0.729002 0.525892 0.730278 0.524512 0.730407 0.525916 0.732008 0.524203 0.732125 0.517099 0.742804 0.520547 0.735614 0.521427 0.733354 0.522308 0.731657 0.510008 0.755430 0.531978 0.745249 0.534845 0.756141 0.529331 0.735857 0.528402 0.733493 0.527620 0.731478 0.527006 0.729899 0.523250 0.730266 0.526646 0.729260 0.523878 0.729456 0.556325 0.507940 0.547573 0.513696 0.557254 0.512376 0.550381 0.515692 0.555153 0.533754 0.564239 0.532278 0.565403 0.534706 0.556343 0.537328 0.558282 0.516767 0.551654 0.517826 0.558856 0.518957 0.552930 0.520294 0.559480 0.521133 0.553963 0.522766 0.554748 0.525210 0.560107 0.524181 0.561302 0.526869 0.555326 0.527967 0.562271 0.529396 0.555894 0.530588 0.570957 0.545994 0.561870 0.548802 0.569686 0.570454 0.581692 0.567964 0.586170 0.572133 0.587678 0.582145 0.575807 0.587834 0.569989 0.150308 0.556485 0.146276 0.560646 0.135413 0.574040 0.138634 0.558842 0.127139 0.575172 0.132497 0.564988 0.121394 0.582816 0.126372 0.584419 0.102939 0.573835 0.101864 0.571682 0.095729 0.584860 0.096611 0.208587 0.741596 0.208800 0.741614 0.209025 0.741586 0.209330 0.741492 0.225855 0.725503 
						0.208739 0.740501 0.208419 0.740503 0.208425 0.740034 0.208817 0.740018 0.209560 0.736971 0.208302 0.737122 0.208000 0.733575 0.210137 0.733294 0.211995 0.724908 0.207366 0.725796 0.206224 0.708571 0.215768 0.708024 0.326540 0.752235 0.325625 0.749239 0.324432 0.754586 0.324211 0.755591 0.323316 0.755413 0.323584 0.754185 0.321278 0.752828 0.320427 0.755017 0.311861 0.753366 0.313546 0.747823 0.300388 0.736404 0.296256 0.746411 0.276061 0.732989 0.282233 0.722693 0.326517 0.755976 0.326635 0.755447 0.326714 0.754786 0.326832 0.754366 0.326799 0.753959 0.326826 0.753342 0.326016 0.755887 0.326137 0.755292 0.572272 0.551952 0.574562 0.557736 0.576853 0.562248 0.568651 0.567384 0.579412 0.565673 0.307083 0.731028 0.291070 0.711841 0.318209 0.744868 0.323295 0.751162 0.324888 0.753196 0.325515 0.755814 0.325661 0.755117 0.324862 0.755691 0.325060 0.754858 0.325475 0.753853 0.273979 0.742790 0.296341 0.753960 0.274229 0.749818 0.296798 0.759542 0.311530 0.756683 0.312085 0.759329 0.320514 0.758277 0.320376 0.756684 0.323397 0.757557 0.324679 0.757081 0.325327 0.756851 0.325778 0.756654 0.323279 0.756499 0.324359 0.756440 0.324992 0.756372 
						0.325545 0.756321 0.325749 0.754243 0.326095 0.754590 0.326309 0.754809 0.325963 0.756265 0.326135 0.756505 0.326420 0.756311 0.199229 0.710420 0.195139 0.691441 0.207926 0.689779 0.220959 0.689511 0.235727 0.691157 0.225358 0.708770 0.569727 0.116763 0.582941 0.120701 0.572035 0.112393 0.583402 0.115019 0.573108 0.107325 0.583804 0.109321 0.203358 0.727512 0.205472 0.734899 0.217578 0.724428 0.212824 0.733456 0.216385 0.734328 0.213128 0.738024 0.211379 0.737155 0.211293 0.739993 0.210097 0.740991 0.209678 0.741291 0.208351 0.738864 0.209132 0.738851 0.210152 0.739207 0.206925 0.737826 0.207420 0.739421 0.209549 0.740296 0.209342 0.740646 0.209108 0.741071 0.208385 0.741343 0.208623 0.741352 0.208415 0.740911 0.208673 0.740916 0.208884 0.741327 0.207679 0.740308 0.207845 0.740707 0.207980 0.741046 0.208145 0.741272 0.580393 0.167117 0.574119 0.178523 0.559456 0.173658 0.565515 0.162030 0.584194 0.155351 0.548408 0.164495 0.552543 0.156033 0.076518 0.746728 0.073136 0.747515 0.072754 0.744826 0.076862 0.744572 0.071970 0.739053 0.078369 0.739012 0.071076 0.730866 0.080563 0.731468 0.068414 0.717876 0.083277 0.717731 0.054318 0.686067 
						0.086621 0.683464 0.070480 0.748476 0.069042 0.746167 0.065939 0.741472 0.061595 0.735107 0.051247 0.724946 0.024275 0.703514 0.587678 0.145795 0.377570 0.108036 0.199797 0.678650 0.197598 0.650149 0.212115 0.648378 0.215919 0.677404 0.364016 0.644379 0.354891 0.608966 0.386783 0.601736 0.393169 0.639556 0.346718 0.096872 0.315115 0.083824 0.287588 0.071321 0.255499 0.055073 0.228733 0.044970 0.144471 0.011232 0.152159 0.013624 0.162978 0.017679 0.179340 0.025065 0.192434 0.031818 0.205701 0.036702 0.139947 0.000520 0.150734 0.649115 0.143492 0.674197 0.162817 0.650662 0.158583 0.677205 0.173887 0.651149 0.171369 0.678236 0.185553 0.651141 0.185334 0.679051 0.156334 0.000206 0.169823 0.001053 0.184105 0.003269 0.198642 0.006484 0.214389 0.011726 0.154810 0.637075 0.163495 0.632676 0.175137 0.630854 0.187199 0.629872 0.199527 0.629062 0.213669 0.627919 0.272298 0.664006 0.265972 0.634576 0.294811 0.625484 0.303570 0.655415 0.261945 0.612610 0.290739 0.602741 0.238881 0.018651 0.267560 0.032992 0.235789 0.621855 0.236023 0.643179 0.240469 0.670877 0.297444 0.045282 0.325089 0.056155 0.320796 0.593795 0.324940 0.616400 0.355210 0.066447 
						0.383713 0.072796 0.415327 0.078243 0.452802 0.085832 0.332493 0.649204 0.352297 0.583479 0.382984 0.573556 0.416674 0.563935 0.419703 0.595173 0.425468 0.635247 0.473312 0.090986 0.464583 0.631549 0.453249 0.588838 0.445870 0.556033 0.465497 0.550018 0.472373 0.583667 0.486111 0.629953 0.486779 0.545151 0.496535 0.578330 0.492152 0.096509 0.506068 0.627826 0.506622 0.540515 0.516181 0.575535 0.517828 0.536189 0.530352 0.573539 0.540383 0.527643 0.550467 0.553812 0.544582 0.570554 0.528633 0.531557 0.532398 0.505186 0.523328 0.158280 0.530761 0.163747 0.525310 0.625217 0.509995 0.102234 0.523497 0.106469 0.523680 0.146112 0.563267 0.595745 0.547912 0.603687 0.539912 0.622677 0.550794 0.115413 0.545776 0.125706 0.532442 0.125717 0.554243 0.137254 0.549360 0.134045 0.543538 0.131704 0.536584 0.165561 0.543509 0.161381 0.547626 0.153792 0.551517 0.144573 0.537317 0.134763 0.532030 0.145443 0.528690 0.152770 0.539867 0.149816 0.544518 0.140922 0.535322 0.157173 0.539724 0.094147 0.556907 0.095420 0.566798 0.110765 0.567727 0.105892 0.562201 0.115413 0.565592 0.114017 0.558383 0.112185 0.561205 0.101518 0.568782 0.102249 0.565487 0.099457 
						0.527500 0.492036 0.525358 0.494808 0.539569 0.509284 0.551564 0.538854 0.549013 0.533805 0.542659 0.518271 0.547586 0.519307 0.545185 0.522243 0.559186 0.557767 0.554084 0.559798 0.552338 0.566959 0.559695 0.565796 0.565570 0.567000 0.565517 0.569598 0.530930 0.490114 0.534896 0.490638 0.536573 0.492741 0.533880 0.501239 0.537999 0.499673 0.538959 0.497691 0.537957 0.494670 0.534667 0.496848 0.532818 0.495071 0.550326 0.520759 0.544840 0.526767 0.552978 0.531389 0.553788 0.530127 0.549912 0.531046 0.551370 0.523228 0.552330 0.525566 0.553159 0.528096 0.521694 0.375258 0.535962 0.377729 0.702319 0.774339 0.702217 0.754676 
					</float_array>
					<technique_common>
						<accessor count="2211" offset="0" source="#meshId0-tex0-array" stride="2">
							<param name="S" type="float" />
							<param name="T" type="float" />
						</accessor>
					</technique_common>
				</source>
				<vertices id="meshId0-vertices">
					<input semantic="POSITION" source="#meshId0-positions" />
				</vertices>
				<polylist count="3956" material="defaultMaterial">
					<input offset="0" semantic="VERTEX" source="#meshId0-vertices" />
					<input offset="0" semantic="NORMAL" source="#meshId0-normals" />
					<input offset="0" semantic="TANGENT" source="#meshId0-tangents" />
					<input offset="0" semantic="BINORMAL" source="#meshId0-bitangents" />
					<input offset="0" semantic="TEXCOORD" source="#meshId0-tex0" set="0" />
					<vcount>
						3 3 3 3 3 3 3 3 3 3 3 3 3 3 3 3 3 3 3 3 3 3 3 3 3 3 3 3 3 3 3 3 3 3 3 3 3 3 3 3 3 3 3 3 3 3 3 3 3 3 3 3 3 3 3 3 3 3 3 3 3 3 3 3 
						3 3 3 3 3 3 3 3 3 3 3 3 3 3 3 3 3 3 3 3 3 3 3 3 3 3 3 3 3 3 3 3 3 3 3 3 3 3 3 3 3 3 3 3 3 3 3 3 3 3 3 3 3 3 3 3 3 3 3 3 3 3 3 3 
						3 3 3 3 3 3 3 3 3 3 3 3 3 3 3 3 3 3 3 3 3 3 3 3 3 3 3 3 3 3 3 3 3 3 3 3 3 3 3 3 3 3 3 3 3 3 3 3 3 3 3 3 3 3 3 3 3 3 3 3 3 3 3 3 
						3 3 3 3 3 3 3 3 3 3 3 3 3 3 3 3 3 3 3 3 3 3 3 3 3 3 3 3 3 3 3 3 3 3 3 3 3 3 3 3 3 3 3 3 3 3 3 3 3 3 3 3 3 3 3 3 3 3 3 3 3 3 3 3 
						3 3 3 3 3 3 3 3 3 3 3 3 3 3 3 3 3 3 3 3 3 3 3 3 3 3 3 3 3 3 3 3 3 3 3 3 3 3 3 3 3 3 3 3 3 3 3 3 3 3 3 3 3 3 3 3 3 3 3 3 3 3 3 3 
						3 3 3 3 3 3 3 3 3 3 3 3 3 3 3 3 3 3 3 3 3 3 3 3 3 3 3 3 3 3 3 3 3 3 3 3 3 3 3 3 3 3 3 3 3 3 3 3 3 3 3 3 3 3 3 3 3 3 3 3 3 3 3 3 
						3 3 3 3 3 3 3 3 3 3 3 3 3 3 3 3 3 3 3 3 3 3 3 3 3 3 3 3 3 3 3 3 3 3 3 3 3 3 3 3 3 3 3 3 3 3 3 3 3 3 3 3 3 3 3 3 3 3 3 3 3 3 3 3 
						3 3 3 3 3 3 3 3 3 3 3 3 3 3 3 3 3 3 3 3 3 3 3 3 3 3 3 3 3 3 3 3 3 3 3 3 3 3 3 3 3 3 3 3 3 3 3 3 3 3 3 3 3 3 3 3 3 3 3 3 3 3 3 3 
						3 3 3 3 3 3 3 3 3 3 3 3 3 3 3 3 3 3 3 3 3 3 3 3 3 3 3 3 3 3 3 3 3 3 3 3 3 3 3 3 3 3 3 3 3 3 3 3 3 3 3 3 3 3 3 3 3 3 3 3 3 3 3 3 
						3 3 3 3 3 3 3 3 3 3 3 3 3 3 3 3 3 3 3 3 3 3 3 3 3 3 3 3 3 3 3 3 3 3 3 3 3 3 3 3 3 3 3 3 3 3 3 3 3 3 3 3 3 3 3 3 3 3 3 3 3 3 3 3 
						3 3 3 3 3 3 3 3 3 3 3 3 3 3 3 3 3 3 3 3 3 3 3 3 3 3 3 3 3 3 3 3 3 3 3 3 3 3 3 3 3 3 3 3 3 3 3 3 3 3 3 3 3 3 3 3 3 3 3 3 3 3 3 3 
						3 3 3 3 3 3 3 3 3 3 3 3 3 3 3 3 3 3 3 3 3 3 3 3 3 3 3 3 3 3 3 3 3 3 3 3 3 3 3 3 3 3 3 3 3 3 3 3 3 3 3 3 3 3 3 3 3 3 3 3 3 3 3 3 
						3 3 3 3 3 3 3 3 3 3 3 3 3 3 3 3 3 3 3 3 3 3 3 3 3 3 3 3 3 3 3 3 3 3 3 3 3 3 3 3 3 3 3 3 3 3 3 3 3 3 3 3 3 3 3 3 3 3 3 3 3 3 3 3 
						3 3 3 3 3 3 3 3 3 3 3 3 3 3 3 3 3 3 3 3 3 3 3 3 3 3 3 3 3 3 3 3 3 3 3 3 3 3 3 3 3 3 3 3 3 3 3 3 3 3 3 3 3 3 3 3 3 3 3 3 3 3 3 3 
						3 3 3 3 3 3 3 3 3 3 3 3 3 3 3 3 3 3 3 3 3 3 3 3 3 3 3 3 3 3 3 3 3 3 3 3 3 3 3 3 3 3 3 3 3 3 3 3 3 3 3 3 3 3 3 3 3 3 3 3 3 3 3 3 
						3 3 3 3 3 3 3 3 3 3 3 3 3 3 3 3 3 3 3 3 3 3 3 3 3 3 3 3 3 3 3 3 3 3 3 3 3 3 3 3 3 3 3 3 3 3 3 3 3 3 3 3 3 3 3 3 3 3 3 3 3 3 3 3 
						3 3 3 3 3 3 3 3 3 3 3 3 3 3 3 3 3 3 3 3 3 3 3 3 3 3 3 3 3 3 3 3 3 3 3 3 3 3 3 3 3 3 3 3 3 3 3 3 3 3 3 3 3 3 3 3 3 3 3 3 3 3 3 3 
						3 3 3 3 3 3 3 3 3 3 3 3 3 3 3 3 3 3 3 3 3 3 3 3 3 3 3 3 3 3 3 3 3 3 3 3 3 3 3 3 3 3 3 3 3 3 3 3 3 3 3 3 3 3 3 3 3 3 3 3 3 3 3 3 
						3 3 3 3 3 3 3 3 3 3 3 3 3 3 3 3 3 3 3 3 3 3 3 3 3 3 3 3 3 3 3 3 3 3 3 3 3 3 3 3 3 3 3 3 3 3 3 3 3 3 3 3 3 3 3 3 3 3 3 3 3 3 3 3 
						3 3 3 3 3 3 3 3 3 3 3 3 3 3 3 3 3 3 3 3 3 3 3 3 3 3 3 3 3 3 3 3 3 3 3 3 3 3 3 3 3 3 3 3 3 3 3 3 3 3 3 3 3 3 3 3 3 3 3 3 3 3 3 3 
						3 3 3 3 3 3 3 3 3 3 3 3 3 3 3 3 3 3 3 3 3 3 3 3 3 3 3 3 3 3 3 3 3 3 3 3 3 3 3 3 3 3 3 3 3 3 3 3 3 3 3 3 3 3 3 3 3 3 3 3 3 3 3 3 
						3 3 3 3 3 3 3 3 3 3 3 3 3 3 3 3 3 3 3 3 3 3 3 3 3 3 3 3 3 3 3 3 3 3 3 3 3 3 3 3 3 3 3 3 3 3 3 3 3 3 3 3 3 3 3 3 3 3 3 3 3 3 3 3 
						3 3 3 3 3 3 3 3 3 3 3 3 3 3 3 3 3 3 3 3 3 3 3 3 3 3 3 3 3 3 3 3 3 3 3 3 3 3 3 3 3 3 3 3 3 3 3 3 3 3 3 3 3 3 3 3 3 3 3 3 3 3 3 3 
						3 3 3 3 3 3 3 3 3 3 3 3 3 3 3 3 3 3 3 3 3 3 3 3 3 3 3 3 3 3 3 3 3 3 3 3 3 3 3 3 3 3 3 3 3 3 3 3 3 3 3 3 3 3 3 3 3 3 3 3 3 3 3 3 
						3 3 3 3 3 3 3 3 3 3 3 3 3 3 3 3 3 3 3 3 3 3 3 3 3 3 3 3 3 3 3 3 3 3 3 3 3 3 3 3 3 3 3 3 3 3 3 3 3 3 3 3 3 3 3 3 3 3 3 3 3 3 3 3 
						3 3 3 3 3 3 3 3 3 3 3 3 3 3 3 3 3 3 3 3 3 3 3 3 3 3 3 3 3 3 3 3 3 3 3 3 3 3 3 3 3 3 3 3 3 3 3 3 3 3 3 3 3 3 3 3 3 3 3 3 3 3 3 3 
						3 3 3 3 3 3 3 3 3 3 3 3 3 3 3 3 3 3 3 3 3 3 3 3 3 3 3 3 3 3 3 3 3 3 3 3 3 3 3 3 3 3 3 3 3 3 3 3 3 3 3 3 3 3 3 3 3 3 3 3 3 3 3 3 
						3 3 3 3 3 3 3 3 3 3 3 3 3 3 3 3 3 3 3 3 3 3 3 3 3 3 3 3 3 3 3 3 3 3 3 3 3 3 3 3 3 3 3 3 3 3 3 3 3 3 3 3 3 3 3 3 3 3 3 3 3 3 3 3 
						3 3 3 3 3 3 3 3 3 3 3 3 3 3 3 3 3 3 3 3 3 3 3 3 3 3 3 3 3 3 3 3 3 3 3 3 3 3 3 3 3 3 3 3 3 3 3 3 3 3 3 3 3 3 3 3 3 3 3 3 3 3 3 3 
						3 3 3 3 3 3 3 3 3 3 3 3 3 3 3 3 3 3 3 3 3 3 3 3 3 3 3 3 3 3 3 3 3 3 3 3 3 3 3 3 3 3 3 3 3 3 3 3 3 3 3 3 3 3 3 3 3 3 3 3 3 3 3 3 
						3 3 3 3 3 3 3 3 3 3 3 3 3 3 3 3 3 3 3 3 3 3 3 3 3 3 3 3 3 3 3 3 3 3 3 3 3 3 3 3 3 3 3 3 3 3 3 3 3 3 3 3 3 3 3 3 3 3 3 3 3 3 3 3 
						3 3 3 3 3 3 3 3 3 3 3 3 3 3 3 3 3 3 3 3 3 3 3 3 3 3 3 3 3 3 3 3 3 3 3 3 3 3 3 3 3 3 3 3 3 3 3 3 3 3 3 3 3 3 3 3 3 3 3 3 3 3 3 3 
						3 3 3 3 3 3 3 3 3 3 3 3 3 3 3 3 3 3 3 3 3 3 3 3 3 3 3 3 3 3 3 3 3 3 3 3 3 3 3 3 3 3 3 3 3 3 3 3 3 3 3 3 3 3 3 3 3 3 3 3 3 3 3 3 
						3 3 3 3 3 3 3 3 3 3 3 3 3 3 3 3 3 3 3 3 3 3 3 3 3 3 3 3 3 3 3 3 3 3 3 3 3 3 3 3 3 3 3 3 3 3 3 3 3 3 3 3 3 3 3 3 3 3 3 3 3 3 3 3 
						3 3 3 3 3 3 3 3 3 3 3 3 3 3 3 3 3 3 3 3 3 3 3 3 3 3 3 3 3 3 3 3 3 3 3 3 3 3 3 3 3 3 3 3 3 3 3 3 3 3 3 3 3 3 3 3 3 3 3 3 3 3 3 3 
						3 3 3 3 3 3 3 3 3 3 3 3 3 3 3 3 3 3 3 3 3 3 3 3 3 3 3 3 3 3 3 3 3 3 3 3 3 3 3 3 3 3 3 3 3 3 3 3 3 3 3 3 3 3 3 3 3 3 3 3 3 3 3 3 
						3 3 3 3 3 3 3 3 3 3 3 3 3 3 3 3 3 3 3 3 3 3 3 3 3 3 3 3 3 3 3 3 3 3 3 3 3 3 3 3 3 3 3 3 3 3 3 3 3 3 3 3 3 3 3 3 3 3 3 3 3 3 3 3 
						3 3 3 3 3 3 3 3 3 3 3 3 3 3 3 3 3 3 3 3 3 3 3 3 3 3 3 3 3 3 3 3 3 3 3 3 3 3 3 3 3 3 3 3 3 3 3 3 3 3 3 3 3 3 3 3 3 3 3 3 3 3 3 3 
						3 3 3 3 3 3 3 3 3 3 3 3 3 3 3 3 3 3 3 3 3 3 3 3 3 3 3 3 3 3 3 3 3 3 3 3 3 3 3 3 3 3 3 3 3 3 3 3 3 3 3 3 3 3 3 3 3 3 3 3 3 3 3 3 
						3 3 3 3 3 3 3 3 3 3 3 3 3 3 3 3 3 3 3 3 3 3 3 3 3 3 3 3 3 3 3 3 3 3 3 3 3 3 3 3 3 3 3 3 3 3 3 3 3 3 3 3 3 3 3 3 3 3 3 3 3 3 3 3 
						3 3 3 3 3 3 3 3 3 3 3 3 3 3 3 3 3 3 3 3 3 3 3 3 3 3 3 3 3 3 3 3 3 3 3 3 3 3 3 3 3 3 3 3 3 3 3 3 3 3 3 3 3 3 3 3 3 3 3 3 3 3 3 3 
						3 3 3 3 3 3 3 3 3 3 3 3 3 3 3 3 3 3 3 3 3 3 3 3 3 3 3 3 3 3 3 3 3 3 3 3 3 3 3 3 3 3 3 3 3 3 3 3 3 3 3 3 3 3 3 3 3 3 3 3 3 3 3 3 
						3 3 3 3 3 3 3 3 3 3 3 3 3 3 3 3 3 3 3 3 3 3 3 3 3 3 3 3 3 3 3 3 3 3 3 3 3 3 3 3 3 3 3 3 3 3 3 3 3 3 3 3 3 3 3 3 3 3 3 3 3 3 3 3 
						3 3 3 3 3 3 3 3 3 3 3 3 3 3 3 3 3 3 3 3 3 3 3 3 3 3 3 3 3 3 3 3 3 3 3 3 3 3 3 3 3 3 3 3 3 3 3 3 3 3 3 3 3 3 3 3 3 3 3 3 3 3 3 3 
						3 3 3 3 3 3 3 3 3 3 3 3 3 3 3 3 3 3 3 3 3 3 3 3 3 3 3 3 3 3 3 3 3 3 3 3 3 3 3 3 3 3 3 3 3 3 3 3 3 3 3 3 3 3 3 3 3 3 3 3 3 3 3 3 
						3 3 3 3 3 3 3 3 3 3 3 3 3 3 3 3 3 3 3 3 3 3 3 3 3 3 3 3 3 3 3 3 3 3 3 3 3 3 3 3 3 3 3 3 3 3 3 3 3 3 3 3 3 3 3 3 3 3 3 3 3 3 3 3 
						3 3 3 3 3 3 3 3 3 3 3 3 3 3 3 3 3 3 3 3 3 3 3 3 3 3 3 3 3 3 3 3 3 3 3 3 3 3 3 3 3 3 3 3 3 3 3 3 3 3 3 3 3 3 3 3 3 3 3 3 3 3 3 3 
						3 3 3 3 3 3 3 3 3 3 3 3 3 3 3 3 3 3 3 3 3 3 3 3 3 3 3 3 3 3 3 3 3 3 3 3 3 3 3 3 3 3 3 3 3 3 3 3 3 3 3 3 3 3 3 3 3 3 3 3 3 3 3 3 
						3 3 3 3 3 3 3 3 3 3 3 3 3 3 3 3 3 3 3 3 3 3 3 3 3 3 3 3 3 3 3 3 3 3 3 3 3 3 3 3 3 3 3 3 3 3 3 3 3 3 3 3 3 3 3 3 3 3 3 3 3 3 3 3 
						3 3 3 3 3 3 3 3 3 3 3 3 3 3 3 3 3 3 3 3 3 3 3 3 3 3 3 3 3 3 3 3 3 3 3 3 3 3 3 3 3 3 3 3 3 3 3 3 3 3 3 3 3 3 3 3 3 3 3 3 3 3 3 3 
						3 3 3 3 3 3 3 3 3 3 3 3 3 3 3 3 3 3 3 3 3 3 3 3 3 3 3 3 3 3 3 3 3 3 3 3 3 3 3 3 3 3 3 3 3 3 3 3 3 3 3 3 3 3 3 3 3 3 3 3 3 3 3 3 
						3 3 3 3 3 3 3 3 3 3 3 3 3 3 3 3 3 3 3 3 3 3 3 3 3 3 3 3 3 3 3 3 3 3 3 3 3 3 3 3 3 3 3 3 3 3 3 3 3 3 3 3 3 3 3 3 3 3 3 3 3 3 3 3 
						3 3 3 3 3 3 3 3 3 3 3 3 3 3 3 3 3 3 3 3 3 3 3 3 3 3 3 3 3 3 3 3 3 3 3 3 3 3 3 3 3 3 3 3 3 3 3 3 3 3 3 3 3 3 3 3 3 3 3 3 3 3 3 3 
						3 3 3 3 3 3 3 3 3 3 3 3 3 3 3 3 3 3 3 3 3 3 3 3 3 3 3 3 3 3 3 3 3 3 3 3 3 3 3 3 3 3 3 3 3 3 3 3 3 3 3 3 3 3 3 3 3 3 3 3 3 3 3 3 
						3 3 3 3 3 3 3 3 3 3 3 3 3 3 3 3 3 3 3 3 3 3 3 3 3 3 3 3 3 3 3 3 3 3 3 3 3 3 3 3 3 3 3 3 3 3 3 3 3 3 3 3 3 3 3 3 3 3 3 3 3 3 3 3 
						3 3 3 3 3 3 3 3 3 3 3 3 3 3 3 3 3 3 3 3 3 3 3 3 3 3 3 3 3 3 3 3 3 3 3 3 3 3 3 3 3 3 3 3 3 3 3 3 3 3 3 3 3 3 3 3 3 3 3 3 3 3 3 3 
						3 3 3 3 3 3 3 3 3 3 3 3 3 3 3 3 3 3 3 3 3 3 3 3 3 3 3 3 3 3 3 3 3 3 3 3 3 3 3 3 3 3 3 3 3 3 3 3 3 3 3 3 3 3 3 3 3 3 3 3 3 3 3 3 
						3 3 3 3 3 3 3 3 3 3 3 3 3 3 3 3 3 3 3 3 3 3 3 3 3 3 3 3 3 3 3 3 3 3 3 3 3 3 3 3 3 3 3 3 3 3 3 3 3 3 3 3 3 3 3 3 3 3 3 3 3 3 3 3 
						3 3 3 3 3 3 3 3 3 3 3 3 3 3 3 3 3 3 3 3 3 3 3 3 3 3 3 3 3 3 3 3 3 3 3 3 3 3 3 3 3 3 3 3 3 3 3 3 3 3 3 3 3 3 3 3 3 3 3 3 3 3 3 3 
						3 3 3 3 3 3 3 3 3 3 3 3 3 3 3 3 3 3 3 3 3 3 3 3 3 3 3 3 3 3 3 3 3 3 3 3 3 3 3 3 3 3 3 3 3 3 3 3 3 3 3 3 3 3 3 3 3 3 3 3 3 3 3 3 
						3 3 3 3 3 3 3 3 3 3 3 3 3 3 3 3 3 3 3 3 3 3 3 3 3 3 3 3 3 3 3 3 3 3 3 3 3 3 3 3 3 3 3 3 3 3 3 3 3 3 3 3 3 3 3 3 3 3 3 3 3 3 3 3 
						3 3 3 3 3 3 3 3 3 3 3 3 3 3 3 3 3 3 3 3 3 3 3 3 3 3 3 3 3 3 3 3 3 3 3 3 3 3 3 3 3 3 3 3 3 3 3 3 3 3 3 3 
					</vcount>
					<p>
						3 0 1 1 2 3 6 1 4 4 5 6 8 6 5 5 7 8 10 8 7 7 9 10 12 0 3 3 11 12 14 10 9 9 13 14 16 14 13 13 15 16 18 16 15 15 17 18 20 18 17 17 19 20 22 20 19 19 21 22 24 22 21 21 23 24 28 25 26 26 27 28 31 29 26 26 30 31 35 32 33 33 34 35 37 12 11 11 36 37 39 37 36 36 38 39 43 40 41 41 42 43 47 44 45 45 46 47 35 47 46 46 48 35 44 43 42 42 45 44 40 39 38 38 41 40 52 49 50 50 51 52 56 53 54 54 55 56 59 57 4 4 58 59 61 59 58 58 60 61 63 61 60 60 62 63 65 63 62 62 64 65 67 65 64 64 66 67 69 67 66 66 68 69 71 69 68 68 70 71 73 71 70 70 72 73 74 73 72 72 34 74 
						75 74 34 34 33 75 25 76 30 30 26 25 78 77 23 23 21 78 79 78 21 21 19 79 80 79 19 19 17 80 81 80 17 17 15 81 83 49 52 52 82 83 85 83 82 82 84 85 87 86 85 85 84 87 88 81 15 15 13 88 91 89 51 51 90 91 93 53 56 56 92 93 95 93 92 92 94 95 97 95 94 94 96 97 99 97 96 96 98 99 103 100 101 101 102 103 105 99 98 98 104 105 100 105 104 104 101 100 107 103 102 102 106 107 109 107 106 106 108 109 113 110 111 111 112 113 115 109 108 108 114 115 117 115 114 114 116 117 119 113 112 112 118 119 121 119 118 118 120 121 123 121 120 120 122 123 125 123 122 122 124 125 127 91 90 90 126 127 129 127 126 126 128 129 131 129 128 128 130 131 133 125 124 124 132 133 87 134 135 135 86 87 
						86 135 136 136 137 86 137 136 81 81 88 137 88 13 9 9 138 88 137 88 138 138 139 137 86 137 139 139 85 86 9 7 140 140 138 9 138 140 141 141 139 138 139 141 83 83 85 139 7 5 142 142 140 7 140 142 143 143 141 140 141 143 49 49 83 141 134 144 145 145 135 134 135 145 146 146 136 135 136 146 80 80 81 136 144 147 148 148 145 144 145 148 149 149 146 145 146 149 79 79 80 146 147 150 151 151 148 147 148 151 152 152 149 148 149 152 78 78 79 149 150 153 154 154 151 150 151 154 155 155 152 151 152 155 77 77 78 152 153 156 157 157 154 153 154 157 158 158 155 154 155 158 28 28 77 155 156 159 160 160 157 156 157 160 161 161 158 157 158 161 25 25 28 158 159 162 163 163 160 159 160 163 164 164 161 160 161 164 76 76 25 161 
						168 165 166 166 167 168 167 166 169 169 170 167 170 169 74 74 75 170 165 171 172 172 166 165 166 172 173 173 169 166 169 173 73 73 74 169 171 174 175 175 172 171 172 175 176 176 173 172 173 176 71 71 73 173 174 177 178 178 175 174 175 178 179 179 176 175 176 179 69 69 71 176 177 180 181 181 178 177 178 181 182 182 179 178 179 182 67 67 69 179 180 130 183 183 181 180 181 183 184 184 182 181 182 184 65 65 67 182 130 128 185 185 183 130 183 185 186 186 184 183 184 186 63 63 65 184 128 126 187 187 185 128 185 187 188 188 186 185 186 188 61 61 63 186 126 90 189 189 187 126 187 189 190 190 188 187 188 190 59 59 61 188 90 51 50 50 189 90 189 50 191 191 190 189 190 191 57 57 59 190 142 5 4 4 57 142 143 142 57 57 191 143 
						49 143 191 191 50 49 130 180 192 192 131 130 131 192 193 193 194 131 194 193 195 195 196 194 196 195 125 125 133 196 132 197 198 198 133 132 133 198 199 199 196 133 196 199 200 200 194 196 194 200 129 129 131 194 197 201 202 202 198 197 198 202 203 203 199 198 199 203 204 204 200 199 200 204 127 127 129 200 201 205 206 206 202 201 202 206 207 207 203 202 203 207 208 208 204 203 204 208 91 91 127 204 180 177 209 209 192 180 192 209 210 210 193 192 193 210 211 211 195 193 195 211 123 123 125 195 177 174 212 212 209 177 209 212 213 213 210 209 210 213 214 214 211 210 211 214 121 121 123 211 174 171 215 215 212 174 212 215 216 216 213 212 213 216 217 217 214 213 214 217 119 119 121 214 171 165 218 218 215 171 215 218 219 219 216 215 216 219 220 220 217 216 
						217 220 113 113 119 217 162 159 221 221 222 162 222 221 223 223 224 222 224 223 225 225 226 224 226 225 115 115 117 226 159 156 227 227 221 159 221 227 228 228 223 221 223 228 229 229 225 223 225 229 109 109 115 225 165 168 230 230 218 165 218 230 231 231 219 218 219 231 232 232 220 219 220 232 110 110 113 220 156 153 233 233 227 156 227 233 234 234 228 227 228 234 235 235 229 228 229 235 107 107 109 229 153 150 236 236 233 153 233 236 237 237 234 233 234 237 238 238 235 234 235 238 103 103 107 235 147 144 239 239 240 147 240 239 241 241 242 240 242 241 243 243 244 242 244 243 105 105 100 244 144 134 245 245 239 144 239 245 246 246 241 239 241 246 247 247 243 241 243 247 99 99 105 243 150 147 240 240 236 150 236 240 242 242 237 236 237 242 244 244 238 237 
						238 244 100 100 103 238 134 87 248 248 245 134 245 248 249 249 246 245 246 249 250 250 247 246 247 250 97 97 99 247 87 84 251 251 248 87 248 251 252 252 249 248 249 252 253 253 250 249 250 253 95 95 97 250 84 82 254 254 251 84 251 254 255 255 252 251 252 255 256 256 253 252 253 256 93 93 95 253 82 52 257 257 254 82 254 257 258 258 255 254 255 258 259 259 256 255 256 259 53 53 93 256 205 55 54 54 206 205 206 54 260 260 207 206 207 260 261 261 208 207 208 261 89 89 91 208 257 52 51 51 89 257 258 257 89 89 261 258 259 258 261 261 260 259 53 259 260 260 54 53 263 56 55 55 262 263 92 56 263 263 264 92 94 92 264 264 265 94 96 94 265 265 266 96 98 96 266 266 267 98 104 98 267 267 268 104 101 104 268 268 269 101 
						102 101 269 269 270 102 106 102 270 270 271 106 108 106 271 271 272 108 114 108 272 272 273 114 116 114 273 273 274 116 112 111 275 275 276 112 118 112 276 276 277 118 120 118 277 277 278 120 122 120 278 278 279 122 124 122 279 279 280 124 281 132 124 124 280 281 197 132 281 281 282 197 201 197 282 282 283 201 205 201 283 283 284 205 55 205 284 284 262 55 288 285 286 286 287 288 290 285 288 288 289 290 292 290 289 289 291 292 294 292 291 291 293 294 296 294 293 293 295 296 298 287 286 286 297 298 300 298 297 297 299 300 302 300 299 299 301 302 304 302 301 301 303 304 308 305 306 306 307 308 308 307 309 309 310 308 312 310 309 309 311 312 314 312 311 311 313 314 316 314 313 313 315 316 316 315 317 317 318 316 318 317 319 319 320 318 320 319 321 321 322 320 
						324 322 321 321 323 324 326 296 295 295 325 326 328 326 325 325 327 328 330 328 327 327 329 330 323 330 329 329 324 323 334 331 332 332 333 334 338 335 336 336 337 338 342 339 340 340 341 342 346 343 344 344 345 346 348 347 295 295 293 348 352 349 350 350 351 352 354 353 331 331 334 354 356 355 353 353 354 356 358 291 289 289 357 358 350 358 357 357 359 350 357 289 288 288 360 357 360 288 287 287 361 360 363 360 361 361 362 363 357 360 363 363 359 357 365 324 329 329 364 365 355 365 364 364 353 355 364 329 327 327 366 364 353 364 366 366 331 353 348 293 291 291 358 348 349 348 358 358 350 349 332 367 347 347 368 332 367 325 295 295 347 367 366 327 325 325 367 366 331 366 367 367 332 331 370 351 350 350 369 370 372 370 369 369 371 372 369 350 359 359 371 369 
						371 359 363 363 373 371 374 372 371 371 373 374 322 324 365 365 375 322 320 322 375 375 376 320 318 320 376 376 377 318 316 318 377 377 378 316 375 365 355 355 379 375 379 355 356 356 380 379 376 375 379 379 381 376 383 381 379 379 382 383 377 376 381 381 384 377 384 381 383 383 385 384 378 377 384 384 386 378 386 384 385 385 387 386 388 361 287 287 298 388 389 388 298 298 300 389 389 300 302 302 390 389 391 390 302 302 304 391 393 392 305 305 308 393 393 308 310 310 394 393 395 394 310 310 312 395 314 316 378 378 396 314 312 314 396 396 395 312 396 378 386 386 397 396 397 386 387 387 398 397 395 396 397 397 399 395 394 395 399 399 400 394 393 394 400 400 401 393 392 393 401 401 402 392 390 391 403 403 404 390 389 390 404 404 405 389 388 389 405 405 406 388 
						361 388 406 406 407 361 373 363 362 362 408 373 407 408 362 362 361 407 374 373 408 408 409 374 410 409 408 408 407 410 411 410 407 407 406 411 412 411 406 406 405 412 413 412 405 405 404 413 414 413 404 404 403 414 416 415 402 402 401 416 382 379 380 380 417 382 383 382 417 417 418 383 385 383 418 418 419 385 387 385 419 419 420 387 398 387 420 420 421 398 399 397 398 398 422 399 400 399 422 422 423 400 401 400 423 423 416 401 425 352 351 351 424 425 424 351 370 370 426 424 427 426 370 370 372 427 431 428 429 429 430 431 435 432 433 433 434 435 436 427 372 372 374 436 437 436 374 374 409 437 438 437 409 409 410 438 439 438 410 410 411 439 440 439 411 411 412 440 441 440 412 412 413 441 442 441 413 413 414 442 444 443 415 415 416 444 445 444 416 416 423 445 
						445 423 422 422 446 445 422 398 421 421 446 422 448 352 425 425 447 448 333 448 447 447 449 333 451 450 335 335 338 451 337 336 452 452 453 337 455 454 428 428 431 455 458 456 425 425 457 458 447 425 456 456 459 447 460 457 454 454 455 460 462 380 356 356 461 462 466 463 464 464 465 466 465 464 467 467 468 465 470 462 461 461 469 470 471 429 427 427 436 471 472 471 436 436 437 472 473 472 437 437 438 473 474 473 438 438 439 474 475 474 439 439 440 475 476 475 440 440 441 476 477 476 441 441 442 477 479 478 443 443 444 479 481 480 463 463 466 481 482 479 444 444 445 482 483 482 445 445 446 483 484 483 446 446 421 484 485 484 421 421 420 485 486 485 420 420 419 486 480 486 419 419 418 480 487 449 447 447 459 487 489 487 459 459 488 489 336 489 488 488 452 336 
						491 354 334 334 490 491 493 491 490 490 492 493 495 493 492 492 494 495 450 495 494 494 335 450 490 334 333 333 449 490 492 490 449 449 487 492 494 492 487 487 489 494 335 494 489 489 336 335 496 458 457 457 460 496 488 459 456 456 497 488 499 498 458 458 496 499 501 500 432 432 435 501 503 500 501 501 502 503 505 503 502 502 504 505 507 505 504 504 506 507 498 497 456 456 458 498 481 508 486 486 480 481 508 509 485 485 486 508 509 510 484 484 485 509 510 511 483 483 484 510 511 512 482 482 483 511 512 513 479 479 482 512 480 418 417 417 463 480 513 514 478 478 479 513 516 515 476 476 477 516 515 517 475 475 476 515 517 518 474 474 475 517 518 519 473 473 474 518 519 520 472 472 473 519 520 521 471 471 472 520 521 430 429 429 471 521 464 380 462 462 467 464 
						463 417 380 380 464 463 457 425 424 424 454 457 454 424 426 426 428 454 428 426 427 427 429 428 356 354 491 491 461 356 469 461 491 491 493 469 522 469 493 493 495 522 523 522 495 495 450 523 524 523 450 450 451 524 526 525 339 339 342 526 341 340 527 527 528 341 345 344 529 529 530 345 532 531 525 525 526 532 536 533 534 534 535 536 434 433 537 537 538 434 538 537 539 539 540 538 540 539 541 541 542 540 542 541 543 543 544 542 544 543 545 545 546 544 546 545 547 547 548 546 518 517 549 549 550 518 545 549 551 551 547 545 519 518 550 550 552 519 543 550 549 549 545 543 520 519 552 552 553 520 541 552 550 550 543 541 521 520 553 553 554 521 539 553 552 552 541 539 430 521 554 554 555 430 537 554 553 553 539 537 499 496 556 556 557 499 433 555 554 554 537 433 
						496 460 558 558 556 496 557 556 505 505 507 557 460 455 559 559 558 460 556 558 503 503 505 556 455 431 560 560 559 455 558 559 500 500 503 558 431 430 555 555 560 431 500 559 560 560 432 500 515 516 561 561 551 515 432 560 555 555 433 432 514 513 562 562 563 514 547 551 561 561 564 547 565 548 547 547 564 565 566 562 513 513 512 566 568 563 562 562 567 568 570 568 567 567 569 570 571 566 512 512 511 571 511 510 572 572 571 511 510 509 573 573 572 510 509 508 574 574 573 509 575 574 508 508 481 575 576 575 481 481 466 576 577 576 466 466 465 577 578 577 465 465 468 578 468 579 580 580 578 468 567 562 566 566 581 567 569 567 581 581 582 569 583 581 566 566 571 583 582 581 583 583 584 582 583 571 572 572 585 583 584 583 585 585 586 584 585 572 573 573 587 585 
						586 585 587 587 588 586 590 577 578 578 589 590 576 577 590 590 591 576 575 576 591 591 592 575 574 575 592 592 593 574 593 587 573 573 574 593 588 587 593 593 594 588 595 594 593 593 592 595 596 595 592 592 591 596 597 596 591 591 590 597 598 597 590 590 589 598 599 467 462 462 470 599 468 467 599 599 579 468 601 499 557 557 600 601 589 578 580 580 602 589 598 589 602 602 603 598 604 470 469 469 522 604 605 604 522 522 523 605 606 605 523 523 524 606 608 607 531 531 532 608 612 609 610 610 611 612 599 470 604 604 613 599 613 604 605 605 614 613 615 614 605 605 606 615 617 616 607 607 608 617 619 618 609 609 612 619 452 488 497 497 620 452 453 452 620 620 621 453 528 527 622 622 623 528 530 529 624 624 625 530 620 497 498 498 626 620 621 620 626 626 627 621 
						623 622 628 628 629 623 625 624 630 630 631 625 633 621 627 627 632 633 635 633 632 632 634 635 622 635 634 634 628 622 636 453 621 621 633 636 637 636 633 633 635 637 527 637 635 635 622 527 639 615 606 606 638 639 641 639 638 638 640 641 616 641 640 640 607 616 638 606 524 524 642 638 640 638 642 642 643 640 607 640 643 643 531 607 642 524 451 451 644 642 643 642 644 644 645 643 531 643 645 645 525 531 646 337 453 453 636 646 647 646 636 636 637 647 340 647 637 637 527 340 644 451 338 338 648 644 645 644 648 648 649 645 525 645 649 649 339 525 648 338 337 337 646 648 649 648 646 646 647 649 339 649 647 647 340 339 651 623 629 629 650 651 653 651 650 650 652 653 655 653 652 652 654 655 624 655 654 654 630 624 656 528 623 623 651 656 657 656 651 651 653 657 
						658 657 653 653 655 658 529 658 655 655 624 529 660 617 608 608 659 660 662 660 659 659 661 662 664 662 661 661 663 664 618 664 663 663 609 618 659 608 532 532 665 659 661 659 665 665 666 661 663 661 666 666 667 663 609 663 667 667 610 609 665 532 526 526 668 665 666 665 668 668 669 666 667 666 669 669 670 667 674 671 672 672 673 674 675 341 528 528 656 675 676 675 656 656 657 676 677 676 657 657 658 677 344 677 658 658 529 344 668 526 342 342 678 668 669 668 678 678 679 669 670 669 679 679 680 670 535 534 681 681 682 535 678 342 341 341 675 678 679 678 675 675 676 679 680 679 676 676 677 680 343 680 677 677 344 343 626 498 499 499 601 626 684 601 600 600 683 684 600 557 507 507 685 600 685 507 506 506 686 685 627 626 601 601 684 627 684 683 687 687 688 684 
						683 600 685 685 689 683 689 685 686 686 690 689 692 691 690 690 686 692 694 690 691 691 693 694 688 632 627 627 684 688 696 688 687 687 695 696 697 687 683 683 689 697 694 697 689 689 690 694 634 632 688 688 696 634 699 696 695 695 698 699 701 697 694 694 700 701 695 687 697 697 701 695 700 694 693 693 702 700 628 634 696 696 699 628 704 699 698 698 703 704 698 695 701 701 705 698 705 701 700 700 706 705 706 700 702 702 707 706 629 628 699 699 704 629 650 629 704 704 708 650 708 704 703 703 709 708 711 708 709 709 710 711 652 650 708 708 711 652 713 711 710 710 712 713 703 698 705 705 714 703 714 705 706 706 715 714 715 706 707 707 716 715 718 715 716 716 717 718 719 714 715 715 718 719 709 703 714 714 719 709 710 709 719 719 720 710 720 719 718 718 721 720 
						721 718 717 717 722 721 724 721 722 722 723 724 654 652 711 711 713 654 726 713 712 712 725 726 712 710 720 720 727 712 727 720 721 721 724 727 630 654 713 713 726 630 631 630 726 726 728 631 728 726 725 725 729 728 731 580 579 579 730 731 725 712 727 727 732 725 729 725 732 732 733 729 732 727 724 724 734 732 733 732 734 734 735 733 734 724 723 723 736 734 735 734 736 736 737 735 730 579 599 599 613 730 738 730 613 613 614 738 739 738 614 614 615 739 740 739 615 615 639 740 741 740 639 639 641 741 742 741 641 641 616 742 743 742 616 616 617 743 744 731 730 730 738 744 745 744 738 738 739 745 740 746 745 745 739 740 740 741 747 747 746 740 748 747 741 741 742 748 749 748 742 742 743 749 753 750 751 751 752 753 754 602 580 580 731 754 755 603 602 602 754 755 
						756 754 731 731 744 756 757 755 754 754 756 757 759 757 756 756 758 759 761 759 758 758 760 761 758 756 744 744 745 758 746 760 758 758 745 746 765 762 763 763 764 765 767 764 763 763 766 767 769 767 766 766 768 769 771 770 762 762 765 771 773 770 771 771 772 773 66 64 39 39 40 66 70 68 43 43 44 70 34 72 47 47 35 34 72 70 44 44 47 72 68 66 40 40 43 68 64 62 37 37 39 64 62 60 12 12 37 62 48 774 32 32 35 48 776 775 29 29 31 776 775 777 778 778 29 775 777 779 24 24 778 777 779 780 22 22 24 779 780 781 20 20 22 780 781 782 18 18 20 781 782 783 16 16 18 782 783 784 14 14 16 783 784 785 10 10 14 784 60 58 0 0 12 60 785 786 8 8 10 785 786 787 6 6 8 786 787 2 1 1 6 787 
						0 58 4 4 1 0 789 773 772 772 788 789 791 789 788 788 790 791 793 791 790 790 792 793 795 793 792 792 794 795 797 796 795 795 794 797 799 796 797 797 798 799 801 799 798 798 800 801 803 801 800 800 802 803 805 803 802 802 804 805 807 805 804 804 806 807 809 807 806 806 808 809 811 810 809 809 808 811 813 810 811 811 812 813 815 813 812 812 814 815 817 815 814 814 816 817 819 817 816 816 818 819 768 819 818 818 769 768 823 820 821 821 822 823 825 824 820 820 823 825 827 826 824 824 825 827 822 821 828 828 829 822 829 828 830 830 831 829 831 830 832 832 833 831 835 834 826 826 827 835 837 836 834 834 835 837 839 838 836 836 837 839 841 840 838 838 839 841 843 842 840 840 841 843 845 844 842 842 843 845 847 844 845 845 846 847 849 848 847 847 846 849 
						851 850 848 848 849 851 853 852 850 850 851 853 855 854 852 852 853 855 857 856 854 854 855 857 859 858 856 856 857 859 861 860 858 858 859 861 863 862 860 860 861 863 833 832 862 862 863 833 865 804 802 802 864 865 867 865 864 864 866 867 832 867 866 866 862 832 864 802 800 800 868 864 866 864 868 868 869 866 862 866 869 869 860 862 868 800 798 798 870 868 869 868 870 870 871 869 860 869 871 871 858 860 870 798 797 797 872 870 871 870 872 872 873 871 858 871 873 873 856 858 872 797 794 794 874 872 873 872 874 874 875 873 856 873 875 875 854 856 874 794 792 792 876 874 875 874 876 876 877 875 854 875 877 877 852 854 876 792 790 790 878 876 877 876 878 878 879 877 852 877 879 879 850 852 878 790 788 788 880 878 879 878 880 880 881 879 850 879 881 881 848 850 
						880 788 772 772 882 880 881 880 882 882 883 881 848 881 883 883 847 848 772 771 884 884 882 772 882 884 885 885 883 882 883 885 844 844 847 883 884 771 765 765 886 884 885 884 886 886 887 885 844 885 887 887 842 844 886 765 764 764 888 886 887 886 888 888 889 887 842 887 889 889 840 842 888 764 767 767 890 888 889 888 890 890 891 889 840 889 891 891 838 840 890 767 769 769 892 890 891 890 892 892 893 891 838 891 893 893 836 838 892 769 818 818 894 892 893 892 894 894 895 893 836 893 895 895 834 836 894 818 816 816 896 894 897 806 804 804 865 897 898 897 865 865 867 898 830 898 867 867 832 830 899 808 806 806 897 899 900 899 897 897 898 900 828 900 898 898 830 828 901 811 808 808 899 901 902 901 899 899 900 902 821 902 900 900 828 821 896 816 814 814 903 896 
						903 814 812 812 904 903 906 903 904 904 905 906 824 906 905 905 820 824 904 812 811 811 901 904 905 904 901 901 902 905 820 905 902 902 821 820 853 907 857 857 855 853 851 908 907 907 853 851 823 909 910 910 825 823 846 845 911 911 849 846 835 827 825 825 910 835 837 835 910 910 912 837 839 837 912 912 913 839 841 839 913 913 914 841 843 841 914 914 915 843 845 843 915 915 911 845 908 851 849 849 911 908 916 908 911 911 915 916 917 916 915 915 914 917 918 917 914 914 913 918 919 918 913 913 912 919 909 919 912 912 910 909 909 823 822 822 920 909 919 909 920 920 921 919 918 919 921 921 922 918 917 918 922 922 923 917 916 917 923 923 924 916 908 916 924 924 907 908 920 822 829 829 831 920 921 920 831 831 833 921 922 921 833 833 863 922 923 922 863 863 861 923 
						924 923 861 861 859 924 907 924 859 859 857 907 928 925 926 926 927 928 932 929 930 930 931 932 927 926 933 933 934 927 936 927 934 934 935 936 938 936 935 935 937 938 939 928 927 927 936 939 940 939 936 936 938 940 942 938 937 937 941 942 940 938 942 942 943 940 934 933 750 750 753 934 945 753 752 752 944 945 935 934 753 753 945 935 937 935 945 945 946 937 947 941 937 937 946 947 946 945 944 944 948 946 950 752 751 751 949 950 954 951 952 952 953 954 954 950 949 949 951 954 956 954 953 953 955 956 958 956 955 955 957 958 950 954 956 956 959 950 944 752 950 950 959 944 946 948 960 960 947 946 962 947 960 960 961 962 959 956 958 958 963 959 965 943 942 942 964 965 967 943 965 965 966 967 969 967 966 966 968 969 973 970 971 971 972 973 975 969 968 968 974 975 
						977 975 974 974 976 977 979 977 976 976 978 979 981 979 978 978 980 981 964 942 941 941 982 964 986 983 984 984 985 986 988 986 985 985 987 988 970 988 987 987 971 970 972 971 989 989 990 972 992 982 941 941 991 992 994 992 991 991 993 994 996 994 993 993 995 996 980 996 995 995 981 980 985 984 997 997 998 985 987 985 998 998 999 987 971 987 999 999 989 971 991 941 947 947 962 991 1000 993 991 991 962 1000 995 993 1000 1000 1001 995 1002 981 995 995 1001 1002 979 981 1002 1002 1003 979 960 948 963 963 1004 960 1005 1004 963 963 958 1005 1005 958 957 957 1006 1005 962 961 1007 1007 1000 962 961 960 1004 1004 1008 961 1008 1004 1005 1005 1009 1008 1010 1009 1005 1005 1006 1010 1001 1000 1007 1007 1011 1001 1007 961 1008 1008 1012 1007 1013 1012 1008 1008 1009 1013 1014 1013 1009 1009 1010 1014 1016 1013 1014 1014 1015 1016 
						1017 1012 1013 1013 1016 1017 1002 1001 1011 1011 1018 1002 1003 1002 1018 1018 1019 1003 1017 1011 1007 1007 1012 1017 1018 1011 1017 1017 1020 1018 1021 1020 1017 1017 1016 1021 1021 1016 1015 1015 1022 1021 1024 1003 1019 1019 1023 1024 1025 1019 1018 1018 1020 1025 1024 977 979 979 1003 1024 1026 975 977 977 1024 1026 1026 1024 1023 1023 1027 1026 1028 1023 1019 1019 1025 1028 1029 1025 1020 1020 1021 1029 1030 1029 1021 1021 1022 1030 1028 1025 1029 1029 1031 1028 1032 1031 1029 1029 1030 1032 1034 931 930 930 1033 1034 1036 925 928 928 1035 1036 1037 1035 928 928 939 1037 1037 939 940 940 1038 1037 1039 1038 940 940 943 1039 1040 1039 943 943 967 1040 969 975 1026 1026 1041 969 967 969 1041 1041 1040 967 1041 1026 1027 1027 1042 1041 1027 1023 1028 1028 1043 1027 1043 1028 1031 1031 1044 1043 1045 1044 1031 1031 1032 1045 1040 1041 1042 1042 1046 1040 1047 1042 1027 1027 1043 1047 1048 1047 1043 1043 1044 1048 
						1049 1048 1044 1044 1045 1049 1053 1050 1051 1051 1052 1053 1039 1040 1046 1046 1054 1039 1038 1039 1054 1054 1055 1038 1037 1038 1055 1055 1056 1037 1056 1057 1035 1035 1037 1056 1036 1035 1057 1057 1058 1036 1034 1033 1059 1059 1060 1034 1062 1034 1060 1060 1061 1062 1066 1063 1064 1064 1065 1066 1070 1067 1068 1068 1069 1070 1072 1066 1065 1065 1071 1072 1070 1069 1073 1073 1074 1070 1077 1075 1076 1076 1053 1077 1076 1055 1054 1054 1078 1076 1075 1056 1055 1055 1076 1075 1077 1065 1064 1064 1075 1077 1075 1064 1057 1057 1056 1075 1067 1060 1059 1059 1068 1067 1063 1058 1057 1057 1064 1063 1079 1046 1042 1042 1047 1079 1065 1077 1080 1080 1071 1065 1077 1053 1052 1052 1080 1077 1083 1081 929 929 1082 1083 1087 1084 1085 1085 1086 1087 1090 1088 1086 1086 1089 1090 1094 1091 1092 1092 1093 1094 1079 1078 1054 1054 1046 1079 1096 1048 1049 1049 1095 1096 1050 1096 1095 1095 1051 1050 1053 1076 1078 1078 1050 1053 1050 1078 1079 1079 1096 1050 
						1096 1079 1047 1047 1048 1096 1100 1097 1098 1098 1099 1100 1102 1100 1099 1099 1101 1102 1104 1102 1101 1101 1103 1104 1106 1104 1103 1103 1105 1106 1108 1106 1105 1105 1107 1108 1110 1106 1108 1108 1109 1110 1112 1110 1109 1109 1111 1112 1114 1107 1105 1105 1113 1114 1116 1114 1113 1113 1115 1116 1118 1116 1115 1115 1117 1118 1120 1118 1117 1117 1119 1120 1122 1112 1111 1111 1121 1122 1124 1122 1121 1121 1123 1124 1126 1124 1123 1123 1125 1126 1128 1126 1125 1125 1127 1128 1132 1129 1130 1130 1131 1132 1119 1132 1131 1131 1120 1119 1136 1133 1134 1134 1135 1136 1135 1134 1137 1137 1138 1135 1140 1133 1136 1136 1139 1140 1142 1136 1135 1135 1141 1142 1144 1142 1141 1141 1143 1144 1139 1136 1142 1142 1145 1139 1145 1142 1144 1144 1146 1145 1135 1138 1147 1147 1141 1135 1141 1147 1148 1148 1143 1141 1143 1149 1150 1150 1144 1143 1149 1143 1148 1148 1151 1149 1129 1128 1127 1127 1130 1129 1144 1150 1152 1152 1146 1144 1099 1098 1062 1062 1153 1099 
						1101 1099 1153 1153 1154 1101 1103 1101 1154 1154 1155 1103 1105 1103 1155 1155 1156 1105 1113 1105 1156 1156 1157 1113 1115 1113 1157 1157 1158 1115 1117 1115 1158 1158 1159 1117 1160 1119 1117 1117 1159 1160 1162 1067 1070 1070 1161 1162 1061 1060 1067 1067 1162 1061 1062 1061 1163 1163 1153 1062 1098 931 1034 1034 1062 1098 1097 932 931 931 1098 1097 948 944 959 959 963 948 1154 1153 1163 1163 1164 1154 1163 1061 1162 1162 1165 1163 1165 1162 1161 1161 1166 1165 1168 1165 1166 1166 1167 1168 1164 1163 1165 1165 1168 1164 1154 1164 1169 1169 1155 1154 1156 1155 1169 1169 1170 1156 1157 1156 1170 1170 1171 1157 1158 1157 1171 1171 1172 1158 1159 1158 1172 1172 1173 1159 1160 1159 1173 1173 1174 1160 1176 1160 1174 1174 1175 1176 1132 1119 1160 1160 1176 1132 1178 1176 1175 1175 1177 1178 1169 1164 1168 1168 1179 1169 1170 1169 1179 1179 1180 1170 1179 1168 1167 1167 1181 1179 1180 1179 1181 1181 1182 1180 1171 1170 1180 1180 1183 1171 
						1183 1180 1182 1182 1184 1183 1172 1171 1183 1183 1185 1172 1173 1172 1185 1185 1186 1173 1174 1173 1186 1186 1187 1174 1175 1174 1187 1187 1188 1175 1129 1132 1176 1176 1178 1129 1128 1129 1178 1178 1189 1128 1126 1128 1189 1189 1190 1126 1124 1126 1190 1190 1191 1124 1122 1124 1191 1191 1192 1122 1112 1122 1192 1192 1193 1112 1104 1106 1110 1110 1194 1104 1102 1104 1194 1194 1195 1102 1100 1102 1195 1195 1196 1100 1097 1100 1196 1196 1197 1097 1198 932 1097 1097 1197 1198 929 932 1198 1198 1082 929 1199 1083 1082 1082 1087 1199 1185 1183 1184 1184 1200 1185 1186 1185 1200 1200 1201 1186 1187 1186 1201 1201 1202 1187 1188 1187 1202 1202 1203 1188 1189 1178 1177 1177 1204 1189 1190 1189 1204 1204 1205 1190 1177 1175 1188 1188 1206 1177 1206 1188 1203 1203 1207 1206 1204 1177 1206 1206 1208 1204 1208 1206 1207 1207 1209 1208 1191 1190 1205 1205 1210 1191 1192 1191 1210 1210 1211 1192 1193 1192 1211 1211 1212 1193 1214 1193 1212 1212 1213 1214 
						1205 1204 1208 1208 1215 1205 1215 1208 1209 1209 1216 1215 1210 1205 1215 1215 1217 1210 1217 1215 1216 1216 1218 1217 1211 1210 1217 1217 1219 1211 1212 1211 1219 1219 1220 1212 1221 1219 1217 1217 1218 1221 1220 1219 1221 1221 1222 1220 1214 1110 1112 1112 1193 1214 1194 1110 1214 1214 1223 1194 1195 1194 1223 1223 1224 1195 1196 1195 1224 1224 1225 1196 1197 1196 1225 1225 1226 1197 1198 1197 1226 1226 1084 1198 1082 1198 1084 1084 1087 1082 1223 1214 1213 1213 1227 1223 1213 1212 1220 1220 1228 1213 1229 1228 1220 1220 1222 1229 1224 1223 1227 1227 1230 1224 1225 1224 1230 1230 1231 1225 1226 1225 1231 1231 1232 1226 1084 1226 1232 1232 1085 1084 1088 1199 1087 1087 1086 1088 1236 1233 1234 1234 1235 1236 1238 1233 1236 1236 1237 1238 1242 1239 1240 1240 1241 1242 1243 1089 1086 1086 1085 1243 1243 1085 1232 1232 1244 1243 1244 1232 1231 1231 1245 1244 1227 1213 1228 1228 1246 1227 1247 1230 1227 1227 1246 1247 1245 1231 1230 1230 1247 1245 
						1246 1228 1229 1229 1248 1246 1091 1090 1089 1089 1092 1091 1092 1089 1243 1243 1249 1092 1249 1243 1244 1244 1250 1249 1248 1251 1247 1247 1246 1248 1252 1250 1244 1244 1245 1252 1251 1252 1245 1245 1247 1251 1235 1234 1253 1253 1254 1235 1256 1235 1254 1254 1255 1256 1257 1236 1235 1235 1256 1257 1259 1257 1256 1256 1258 1259 1261 1259 1258 1258 1260 1261 1263 1261 1260 1260 1262 1263 1265 1263 1262 1262 1264 1265 1267 1265 1264 1264 1266 1267 1269 1266 1264 1264 1268 1269 1271 1269 1268 1268 1270 1271 1273 1271 1270 1270 1272 1273 1275 1273 1272 1272 1274 1275 1276 1268 1264 1264 1262 1276 1277 1276 1262 1262 1260 1277 1278 1277 1260 1260 1258 1278 1255 1278 1258 1258 1256 1255 1282 1279 1280 1280 1281 1282 1281 1280 1283 1283 1284 1281 1286 1284 1283 1283 1285 1286 1093 1092 1249 1249 1287 1093 1254 1253 1288 1288 1289 1254 1293 1290 1291 1291 1292 1293 1295 1282 1281 1281 1294 1295 1294 1281 1284 1284 1296 1294 1293 1238 1237 1237 1290 1293 
						1299 1240 1297 1297 1298 1299 1241 1240 1299 1299 1300 1241 1304 1301 1302 1302 1303 1304 1308 1305 1306 1306 1307 1308 1305 1309 1310 1310 1306 1305 1312 1275 1274 1274 1311 1312 1314 1312 1311 1311 1313 1314 1316 1314 1313 1313 1315 1316 1318 1265 1267 1267 1317 1318 1320 1318 1317 1317 1319 1320 1322 1320 1319 1319 1321 1322 1315 1322 1321 1321 1316 1315 1263 1265 1318 1318 1323 1263 1261 1263 1323 1323 1324 1261 1259 1261 1324 1324 1325 1259 1326 1237 1236 1236 1257 1326 1325 1326 1257 1257 1259 1325 1302 1290 1237 1237 1326 1302 1303 1302 1326 1326 1325 1303 1328 1304 1303 1303 1327 1328 1301 1291 1290 1290 1302 1301 1327 1303 1325 1325 1324 1327 1330 1328 1327 1327 1329 1330 1332 1318 1320 1320 1331 1332 1323 1318 1332 1332 1329 1323 1324 1323 1329 1329 1327 1324 1331 1320 1322 1322 1333 1331 1333 1322 1315 1315 1334 1333 1337 1335 1295 1295 1336 1337 1278 1255 1335 1335 1337 1278 1341 1338 1339 1339 1340 1341 1336 1295 1294 1294 1342 1336 
						1342 1294 1296 1296 1343 1342 1277 1278 1337 1337 1338 1277 1345 1270 1268 1268 1344 1345 1341 1344 1268 1268 1276 1341 1276 1277 1338 1338 1341 1276 1272 1270 1345 1345 1346 1272 1274 1272 1346 1346 1347 1274 1311 1274 1347 1347 1348 1311 1313 1311 1348 1348 1349 1313 1315 1313 1349 1349 1334 1315 1353 1350 1351 1351 1352 1353 1357 1354 1355 1355 1356 1357 1359 1358 1351 1351 1350 1359 1361 1358 1359 1359 1360 1361 1354 1359 1350 1350 1355 1354 1363 1354 1357 1357 1362 1363 1360 1359 1354 1354 1363 1360 1350 1353 1364 1364 1355 1350 1355 1364 1365 1365 1356 1355 1367 1345 1344 1344 1366 1367 1338 1337 1336 1336 1339 1338 1344 1341 1340 1340 1366 1344 1346 1345 1367 1367 1368 1346 1339 1336 1342 1342 1369 1339 1369 1342 1343 1343 1370 1369 1340 1339 1369 1369 1371 1340 1371 1369 1370 1370 1372 1371 1366 1340 1371 1371 1373 1366 1373 1371 1372 1372 1374 1373 1296 1284 1286 1286 1375 1296 1343 1296 1375 1375 1376 1343 1370 1343 1376 1376 1377 1370 
						1372 1370 1377 1377 1378 1372 1374 1372 1378 1378 1379 1374 1367 1366 1373 1373 1380 1367 1380 1373 1374 1374 1381 1380 1381 1374 1379 1379 1382 1381 1347 1346 1368 1368 1383 1347 1368 1367 1380 1380 1384 1368 1384 1380 1381 1381 1385 1384 1385 1381 1382 1382 1386 1385 1348 1347 1383 1383 1387 1348 1349 1348 1387 1387 1388 1349 1389 1330 1329 1329 1332 1389 1391 1384 1385 1385 1390 1391 1383 1368 1384 1384 1391 1383 1390 1385 1386 1386 1392 1390 1332 1331 1393 1393 1389 1332 1331 1333 1394 1394 1393 1331 1298 1297 1395 1395 1396 1298 1400 1397 1398 1398 1399 1400 1334 1349 1388 1388 1401 1334 743 617 660 660 1402 743 1403 1402 660 660 662 1403 1404 1403 662 662 664 1404 1405 1404 664 664 618 1405 1406 1405 618 618 619 1406 1410 1407 1408 1408 1409 1410 1412 1410 1409 1409 1411 1412 1414 1412 1411 1411 1413 1414 1416 1414 1413 1413 1415 1416 1419 1408 1417 1417 1418 1419 1421 1419 1418 1418 1420 1421 1425 1422 1423 1423 1424 1425 
						1429 1426 1427 1427 1428 1429 1433 1430 1431 1431 1432 1433 1435 1300 1299 1299 1434 1435 1437 1435 1434 1434 1436 1437 1439 1437 1436 1436 1438 1439 1441 1439 1438 1438 1440 1441 1443 1441 1440 1440 1442 1443 1397 1298 1396 1396 1398 1397 1447 1444 1445 1445 1446 1447 1434 1299 1298 1298 1397 1434 1333 1334 1401 1401 1394 1333 1448 1310 1291 1291 1301 1448 1450 1307 1306 1306 1449 1450 1387 1383 1391 1391 1451 1387 1451 1391 1390 1390 1452 1451 1452 1390 1392 1392 1453 1452 1455 1452 1453 1453 1454 1455 1456 1451 1452 1452 1455 1456 1388 1387 1451 1451 1456 1388 1401 1388 1456 1456 1457 1401 1457 1456 1455 1455 1458 1457 1458 1455 1454 1454 1459 1458 1394 1401 1457 1457 1460 1394 1460 1457 1458 1458 1461 1460 1461 1458 1459 1459 1462 1461 1393 1394 1460 1460 1463 1393 1463 1460 1461 1461 1464 1463 1389 1393 1463 1463 1465 1389 1464 1461 1462 1462 1466 1464 1465 1463 1464 1464 1467 1465 1467 1464 1466 1466 1468 1467 1330 1389 1465 1465 1469 1330 
						1469 1465 1467 1467 1470 1469 1470 1467 1468 1468 1471 1470 1328 1330 1469 1469 1472 1328 1472 1469 1470 1470 1473 1472 1473 1470 1471 1471 1474 1473 1449 1306 1310 1310 1448 1449 1396 1395 1444 1444 1447 1396 1309 1292 1291 1291 1310 1309 1304 1328 1472 1472 1475 1304 1475 1448 1301 1301 1304 1475 1476 1449 1448 1448 1475 1476 1477 1450 1449 1449 1476 1477 1475 1472 1473 1473 1476 1475 1476 1473 1474 1474 1477 1476 1479 1307 1450 1450 1478 1479 1308 1307 1479 1479 1480 1308 1481 1478 1450 1450 1477 1481 1485 1482 1483 1483 1484 1485 1487 1485 1484 1484 1486 1487 1489 1487 1486 1486 1488 1489 1436 1434 1397 1397 1400 1436 1491 1400 1399 1399 1490 1491 1438 1436 1400 1400 1491 1438 1495 1492 1493 1493 1494 1495 1440 1438 1491 1491 1496 1440 1442 1440 1496 1496 1492 1442 1497 1442 1492 1492 1495 1497 1499 1497 1495 1495 1498 1499 1501 1499 1498 1498 1500 1501 1503 1501 1500 1500 1502 1503 1505 1503 1502 1502 1504 1505 1507 1505 1504 1504 1506 1507 
						1509 1507 1506 1506 1508 1509 1483 1510 1511 1511 1484 1483 1484 1511 1512 1512 1486 1484 1486 1512 1513 1513 1488 1486 1161 1070 1074 1074 1514 1161 1166 1161 1514 1514 1515 1166 1167 1166 1515 1515 1516 1167 1181 1167 1516 1516 1517 1181 1182 1181 1517 1517 1518 1182 1184 1182 1518 1518 1519 1184 1200 1184 1519 1519 1520 1200 1201 1200 1520 1520 1521 1201 1202 1201 1521 1521 1522 1202 1203 1202 1522 1522 1523 1203 1207 1203 1523 1523 1524 1207 1525 1398 1396 1396 1447 1525 1525 1447 1446 1446 1526 1525 1446 1445 1527 1527 1528 1446 1528 1527 1529 1529 1530 1528 1532 1528 1530 1530 1531 1532 1526 1446 1528 1528 1532 1526 1399 1398 1525 1525 1533 1399 1533 1525 1526 1526 1534 1533 1534 1526 1532 1532 1535 1534 1490 1399 1533 1533 1536 1490 1536 1533 1534 1534 1537 1536 1537 1534 1535 1535 1538 1537 1535 1532 1531 1531 1539 1535 1540 1538 1535 1535 1539 1540 1542 1541 1242 1242 1241 1542 1543 1542 1241 1241 1300 1543 1544 1543 1300 1300 1435 1544 
						1545 1544 1435 1435 1437 1545 1546 1545 1437 1437 1439 1546 1547 1546 1439 1439 1441 1547 1548 1547 1441 1441 1443 1548 1550 1548 1443 1443 1549 1550 1552 1550 1549 1549 1551 1552 1554 1552 1551 1551 1553 1554 1508 1554 1553 1553 1509 1508 1556 1482 1485 1485 1555 1556 1555 1485 1487 1487 1557 1555 1557 1487 1489 1489 1558 1557 1560 1425 1424 1424 1559 1560 1561 749 743 743 1402 1561 1498 1495 1494 1494 1562 1498 1500 1498 1562 1562 1563 1500 1502 1500 1563 1563 1564 1502 1504 1502 1564 1564 1565 1504 1506 1504 1565 1565 1566 1506 1508 1506 1566 1566 1567 1508 1554 1508 1567 1567 1568 1554 1568 1569 1552 1552 1554 1568 1569 1570 1571 1571 1552 1569 1423 1572 1541 1541 1542 1423 1424 1423 1542 1542 1543 1424 1559 1424 1543 1543 1544 1559 1573 1559 1544 1544 1545 1573 1573 1545 1546 1546 1574 1573 1575 1574 1546 1546 1547 1575 1571 1575 1547 1547 1548 1571 1570 1576 1575 1575 1571 1570 1548 1550 1552 1552 1571 1548 1576 1577 1574 1574 1575 1576 
						1577 1578 1573 1573 1574 1577 1578 1560 1559 1559 1573 1578 1580 1421 1420 1420 1579 1580 1496 1491 1490 1490 1581 1496 1422 1582 1572 1572 1423 1422 1496 1581 1493 1493 1492 1496 1581 1490 1536 1536 1583 1581 1493 1581 1583 1583 1584 1493 1494 1493 1584 1584 1585 1494 1562 1494 1585 1585 1586 1562 1563 1562 1586 1586 1587 1563 1583 1536 1537 1537 1588 1583 1588 1537 1538 1538 1589 1588 1590 1584 1583 1583 1588 1590 1591 1590 1588 1588 1589 1591 1585 1584 1590 1590 1592 1585 1586 1585 1592 1592 1593 1586 1587 1586 1593 1593 1594 1587 1564 1563 1587 1587 1595 1564 1565 1564 1595 1595 1596 1565 1566 1565 1596 1596 1597 1566 1567 1566 1597 1597 1598 1567 1568 1567 1598 1598 1599 1568 1569 1568 1599 1599 1600 1569 1570 1569 1600 1600 1601 1570 1576 1570 1601 1601 1602 1576 1603 760 746 746 747 1603 1604 1603 747 747 748 1604 1605 1604 748 748 749 1605 1607 1606 1603 1603 1604 1607 1608 1607 1604 1604 1605 1608 1606 761 760 760 1603 1606 
						1612 1609 1610 1610 1611 1612 1611 1610 1561 1561 1613 1611 1615 1614 1405 1405 1406 1615 1561 1402 1403 1403 1613 1561 1614 1616 1404 1404 1405 1614 1616 1613 1403 1403 1404 1616 1620 1617 1618 1618 1619 1620 1619 1618 1614 1614 1615 1619 1610 1605 749 749 1561 1610 1609 1608 1605 1605 1610 1609 1621 1611 1613 1613 1616 1621 1618 1621 1616 1616 1614 1618 1622 1612 1611 1611 1621 1622 1617 1622 1621 1621 1618 1617 1426 1580 1579 1579 1427 1426 1626 1623 1624 1624 1625 1626 1625 1624 1422 1422 1425 1625 1624 1627 1582 1582 1422 1624 1623 1628 1627 1627 1624 1623 1630 1629 1560 1560 1578 1630 1632 1631 1629 1629 1630 1632 1631 1626 1625 1625 1629 1631 1629 1625 1425 1425 1560 1629 1635 1633 1634 1634 1602 1635 1633 1632 1630 1630 1634 1633 1630 1578 1577 1577 1634 1630 1577 1576 1602 1602 1634 1577 517 515 551 551 549 517 1636 1635 1602 1602 1601 1636 1637 1636 1601 1601 1600 1637 1638 1637 1600 1600 1599 1638 1639 1638 1599 1599 1598 1639 
						1640 1639 1598 1598 1597 1640 1641 1640 1597 1597 1596 1641 1643 1640 1641 1641 1642 1643 1645 1643 1642 1642 1644 1645 1639 1640 1643 1643 1646 1639 1647 1641 1596 1596 1595 1647 1594 1647 1595 1595 1587 1594 1592 1590 1591 1591 1648 1592 1593 1592 1648 1648 1649 1593 1594 1593 1649 1649 1650 1594 1647 1594 1650 1650 1651 1647 1641 1647 1651 1651 1642 1641 1589 1538 1540 1540 1652 1589 1653 1591 1589 1589 1652 1653 1654 1648 1591 1591 1653 1654 1655 1649 1648 1648 1654 1655 1656 1650 1649 1649 1655 1656 1651 1650 1656 1656 1657 1651 1642 1651 1657 1657 1644 1642 1646 1643 1645 1645 1658 1646 1638 1639 1646 1646 1659 1638 1637 1638 1659 1659 1660 1637 1636 1637 1660 1660 1661 1636 1635 1636 1661 1661 1662 1635 1633 1635 1662 1662 1663 1633 1659 1646 1658 1658 1664 1659 1660 1659 1664 1664 1665 1660 1661 1660 1665 1665 1666 1661 1670 1667 1668 1668 1669 1670 1674 1671 1672 1672 1673 1674 1678 1675 1676 1676 1677 1678 1680 1674 1673 1673 1679 1680 
						1675 1680 1679 1679 1676 1675 1676 1681 1682 1682 1677 1676 1679 1683 1681 1681 1676 1679 1673 1684 1683 1683 1679 1673 1678 1685 1686 1686 1675 1678 1675 1686 1687 1687 1680 1675 1680 1687 1688 1688 1674 1680 1690 1626 1631 1631 1689 1690 1692 1690 1689 1689 1691 1692 1694 1692 1691 1691 1693 1694 1695 1623 1626 1626 1690 1695 1696 1695 1690 1690 1692 1696 1697 1696 1692 1692 1694 1697 1698 1628 1623 1623 1695 1698 1699 1698 1695 1695 1696 1699 1700 1699 1696 1696 1697 1700 1701 1689 1631 1631 1632 1701 1632 1633 1663 1663 1701 1632 1662 1661 1666 1666 1702 1662 1663 1662 1702 1702 1703 1663 1701 1663 1703 1703 1704 1701 1689 1701 1704 1704 1691 1689 1706 1645 1644 1644 1705 1706 1708 1706 1705 1705 1707 1708 1667 1708 1707 1707 1668 1667 1710 1670 1669 1669 1709 1710 1712 1710 1709 1709 1711 1712 1714 1712 1711 1711 1713 1714 1658 1645 1706 1706 1715 1658 1715 1706 1708 1708 1716 1715 1664 1658 1715 1715 1717 1664 1665 1664 1717 1717 1718 1665 
						1666 1665 1718 1718 1719 1666 1702 1666 1719 1719 1720 1702 1703 1702 1720 1720 1721 1703 1704 1703 1721 1721 1722 1704 1691 1704 1722 1722 1693 1691 1674 1688 1723 1723 1671 1674 1671 1714 1713 1713 1672 1671 1671 1723 1724 1724 1714 1671 1714 1724 1725 1725 1712 1714 1712 1725 1726 1726 1710 1712 1710 1726 1727 1727 1670 1710 1717 1728 1727 1727 1718 1717 1728 1667 1670 1670 1727 1728 1726 1719 1718 1718 1727 1726 1725 1720 1719 1719 1726 1725 1724 1721 1720 1720 1725 1724 1723 1722 1721 1721 1724 1723 1688 1693 1722 1722 1723 1688 1687 1694 1693 1693 1688 1687 1686 1697 1694 1694 1687 1686 1685 1700 1697 1697 1686 1685 1728 1716 1708 1708 1667 1728 1715 1716 1728 1728 1717 1715 1672 1729 1684 1684 1673 1672 1540 1730 1731 1731 1652 1540 1652 1731 1732 1732 1653 1652 1705 1644 1657 1657 1733 1705 1735 1713 1711 1711 1734 1735 1737 1735 1734 1734 1736 1737 1731 1737 1736 1736 1732 1731 1729 1672 1713 1713 1735 1729 1738 1729 1735 1735 1737 1738 
						1730 1738 1737 1737 1731 1730 1730 1540 1539 1539 1739 1730 1738 1730 1739 1739 1740 1738 1729 1738 1740 1740 1684 1729 1739 1539 1531 1531 1741 1739 1740 1739 1741 1741 1742 1740 1684 1740 1742 1742 1683 1684 1741 1531 1530 1530 1743 1741 1742 1741 1743 1743 1744 1742 1683 1742 1744 1744 1681 1683 1743 1530 1529 1529 1745 1743 1744 1743 1745 1745 1746 1744 1681 1744 1746 1746 1682 1681 1654 1653 1732 1732 1747 1654 1655 1654 1747 1747 1748 1655 1656 1655 1748 1748 1749 1656 1657 1656 1749 1749 1733 1657 1707 1705 1733 1733 1750 1707 1668 1707 1750 1750 1751 1668 1752 1669 1668 1668 1751 1752 1734 1711 1709 1709 1753 1734 1752 1753 1709 1709 1669 1752 1754 1747 1732 1732 1736 1754 1753 1754 1736 1736 1734 1753 1748 1747 1754 1754 1755 1748 1749 1748 1755 1755 1756 1749 1755 1754 1753 1753 1752 1755 1756 1755 1752 1752 1751 1756 1733 1749 1756 1756 1750 1733 1750 1756 1751 1409 1408 1419 1419 1757 1409 1757 1419 1421 1421 1758 1757 1758 1421 1580 
						1580 1759 1758 1759 1580 1426 1426 1760 1759 1761 1760 1426 1426 1429 1761 1763 1762 1407 1407 1410 1763 1764 1763 1410 1410 1412 1764 1765 1764 1412 1412 1414 1765 1766 1765 1414 1414 1416 1766 1768 1766 1416 1416 1767 1768 1770 1768 1767 1767 1769 1770 1774 1771 1772 1772 1773 1774 1776 1774 1773 1773 1775 1776 1411 1409 1757 1757 1777 1411 1413 1411 1777 1777 1778 1413 1415 1413 1778 1778 1779 1415 1781 1415 1779 1779 1780 1781 1783 1781 1780 1780 1782 1783 1785 1783 1782 1782 1784 1785 1775 1785 1784 1784 1776 1775 1789 1786 1787 1787 1788 1789 1793 1790 1791 1791 1792 1793 1795 1789 1788 1788 1794 1795 1790 1795 1794 1794 1791 1790 1788 1787 1796 1796 1794 1788 1794 1796 1797 1797 1791 1794 1791 1797 1798 1798 1792 1791 1795 1799 1786 1786 1789 1795 1771 1770 1769 1769 1772 1771 1799 1795 1790 1790 1800 1799 1800 1790 1793 1793 1801 1800 1803 1802 1762 1762 1763 1803 1804 1803 1763 1763 1764 1804 1805 1804 1764 1764 1765 1805 1806 1805 1765 
						1765 1766 1806 1770 1806 1766 1766 1768 1770 1808 1802 1803 1803 1807 1808 1809 1807 1803 1803 1804 1809 1810 1809 1804 1804 1805 1810 1811 1810 1805 1805 1806 1811 1812 1811 1806 1806 1770 1812 1812 1770 1771 1771 1813 1812 1814 1813 1771 1771 1774 1814 1815 1814 1774 1774 1776 1815 1816 1815 1776 1776 1784 1816 1777 1757 1758 1758 1817 1777 1817 1758 1759 1759 1818 1817 1818 1759 1760 1760 1819 1818 1778 1777 1817 1817 1820 1778 1820 1817 1818 1818 1821 1820 1821 1818 1819 1819 1822 1821 1779 1778 1820 1820 1780 1779 1780 1820 1821 1821 1823 1780 1780 1823 1782 1784 1782 1824 1824 1816 1784 1823 1821 1822 1822 1825 1823 1782 1823 1825 1825 1824 1782 1827 1826 1808 1808 1807 1827 1828 1827 1807 1807 1809 1828 1829 1828 1809 1809 1810 1829 1830 1829 1810 1810 1811 1830 1819 1760 1761 1761 1831 1819 1822 1819 1831 1831 1832 1822 1825 1822 1832 1832 1833 1825 1824 1825 1833 1833 1834 1824 1816 1824 1834 1834 1835 1816 1815 1816 1835 1835 1836 1815 
						1814 1815 1836 1836 1837 1814 1813 1814 1837 1837 1838 1813 1812 1813 1838 1838 1839 1812 1839 1830 1811 1811 1812 1839 1843 1840 1841 1841 1842 1843 1847 1844 1845 1845 1846 1847 1849 1430 1433 1433 1848 1849 1851 1849 1848 1848 1850 1851 1853 1851 1850 1850 1852 1853 1855 1853 1852 1852 1854 1855 1859 1856 1857 1857 1858 1859 1861 1859 1858 1858 1860 1861 1840 1861 1860 1860 1841 1840 1844 1862 1863 1863 1843 1844 1865 1861 1840 1840 1864 1865 1620 1855 1854 1854 1617 1620 1866 1826 1827 1827 1862 1866 1847 1866 1862 1862 1844 1847 1828 1863 1862 1862 1827 1828 1864 1863 1828 1828 1829 1864 1840 1843 1863 1863 1864 1840 1843 1842 1845 1845 1844 1843 1868 1846 1845 1845 1867 1868 1869 1867 1845 1845 1842 1869 1870 1869 1842 1842 1841 1870 1871 1870 1841 1841 1860 1871 1867 1761 1429 1429 1868 1867 1761 1867 1869 1869 1831 1761 1831 1869 1870 1870 1832 1831 1832 1870 1871 1871 1833 1832 1872 1871 1860 1860 1858 1872 1873 1859 1861 1861 1865 1873 
						1830 1865 1864 1864 1829 1830 1839 1873 1865 1865 1830 1839 1834 1833 1871 1871 1872 1834 1835 1834 1872 1872 1874 1835 1856 1837 1836 1836 1857 1856 1838 1837 1856 1856 1875 1838 1873 1875 1856 1856 1859 1873 1873 1839 1838 1838 1875 1873 1872 1858 1857 1857 1874 1872 1836 1835 1874 1874 1857 1836 1877 1432 1431 1431 1876 1877 1877 1876 1878 1878 1879 1877 1883 1880 1881 1881 1882 1883 1885 1879 1878 1878 1884 1885 1887 1885 1884 1884 1886 1887 1889 1887 1886 1886 1888 1889 1893 1890 1891 1891 1892 1893 1895 1893 1892 1892 1894 1895 1880 1895 1894 1894 1881 1880 1890 1889 1888 1888 1891 1890 1897 1883 1882 1882 1896 1897 671 1898 1899 1899 1900 671 671 1900 1901 1901 1902 671 1906 1903 1904 1904 1905 1906 1908 1906 1905 1905 1907 1908 1910 1908 1907 1907 1909 1910 1914 1911 1912 1912 1913 1914 1209 1207 1524 1524 1915 1209 1916 1216 1209 1209 1915 1916 1917 1218 1216 1216 1916 1917 1221 1218 1917 1917 1918 1221 1287 1249 1250 1250 1919 1287 
						1923 1920 1921 1921 1922 1923 1927 1924 1925 1925 1926 1927 1931 1928 1929 1929 1930 1931 1474 1471 1932 1932 1933 1474 1937 1934 1935 1935 1936 1937 1941 1938 1939 1939 1940 1941 1945 1942 1943 1943 1944 1945 1947 1454 1453 1453 1946 1947 1477 1474 1933 1933 1481 1477 1459 1454 1947 1947 1948 1459 1462 1459 1948 1948 1949 1462 1466 1462 1949 1949 1950 1466 1468 1466 1950 1950 1951 1468 1471 1468 1951 1951 1932 1471 1953 1947 1946 1946 1952 1953 1942 1941 1940 1940 1943 1942 533 1897 1896 1896 1954 533 534 533 1954 1954 1955 534 681 534 1955 1955 1956 681 1898 1957 1958 1958 1899 1898 1478 1959 1960 1960 1479 1478 1942 1959 1961 1961 1941 1942 1938 1937 1936 1936 1939 1938 1941 1961 1962 1962 1938 1941 1932 1963 1962 1962 1933 1932 1965 1953 1952 1952 1964 1965 1967 1965 1964 1964 1966 1967 1934 1967 1966 1966 1935 1934 1951 1968 1963 1963 1932 1951 1968 1934 1937 1937 1963 1968 1963 1937 1938 1938 1962 1963 1961 1481 1933 1933 1962 1961 
						1959 1478 1481 1481 1961 1959 1959 1942 1945 1945 1960 1959 1970 1969 1944 1944 1943 1970 1286 1285 1971 1971 1972 1286 1973 1970 1943 1943 1940 1973 1375 1286 1972 1972 1974 1375 1376 1375 1974 1974 1975 1376 1939 1976 1973 1973 1940 1939 1977 1377 1376 1376 1975 1977 1378 1377 1977 1977 1978 1378 1979 1379 1378 1378 1978 1979 1382 1379 1979 1979 1980 1382 1936 1981 1976 1976 1939 1936 1935 1982 1981 1981 1936 1935 1978 1982 1983 1983 1979 1978 1979 1983 1984 1984 1980 1979 1983 1966 1964 1964 1984 1983 1982 1935 1966 1966 1983 1982 1982 1978 1977 1977 1981 1982 1981 1977 1975 1975 1976 1981 1976 1975 1974 1974 1973 1976 1974 1972 1970 1970 1973 1974 1972 1971 1969 1969 1970 1972 1957 681 1956 1956 1958 1957 1985 1967 1934 1934 1968 1985 1968 1951 1950 1950 1985 1968 1965 1967 1985 1985 1986 1965 1949 1986 1985 1985 1950 1949 1987 1953 1965 1965 1986 1987 1986 1949 1948 1948 1987 1986 1948 1947 1953 1953 1987 1948 1984 1964 1952 1952 1988 1984 
						1980 1984 1988 1988 1989 1980 1988 1990 1989 1990 1988 1952 1952 1946 1990 1989 1386 1382 1382 1980 1989 1386 1989 1990 1990 1392 1386 1990 1946 1453 1453 1392 1990 1930 1991 1992 1992 1993 1930 1931 1930 1993 1993 1994 1931 1994 1995 1996 1996 1931 1994 1998 1910 1909 1909 1997 1998 2000 1998 1997 1997 1999 2000 2002 2000 1999 1999 2001 2002 1911 2002 2001 2001 1912 1911 1928 1927 1926 1926 1929 1928 1514 1991 2003 2003 1515 1514 1926 2004 2003 2003 1929 1926 1919 2005 1996 1996 1287 1919 2007 2006 2005 2005 1919 2007 1919 1250 1252 1252 2007 1919 2008 2007 1252 1252 1251 2008 1927 2006 2009 2009 1924 1927 2010 2008 1251 1251 1248 2010 2010 1248 1229 1229 2011 2010 2012 2011 1229 1229 1222 2012 2012 1222 1221 1221 1918 2012 2014 1923 1922 1922 2013 2014 1924 2014 2013 2013 1925 1924 1924 2009 2015 2015 2014 1924 1516 2004 2016 2016 1517 1516 2013 2017 2016 2016 1925 2013 2017 1518 1517 1517 2016 2017 2004 1926 1925 1925 2016 2004 2004 1516 1515 
						1515 2003 2004 1991 1930 1929 1929 2003 1991 1991 1514 1074 1074 1992 1991 2009 2008 2010 2010 2015 2009 2006 2007 2008 2008 2009 2006 2006 1927 1928 1928 2005 2006 2005 1928 1931 1931 1996 2005 1995 1093 1287 1287 1996 1995 2015 2010 2011 2011 2018 2015 2018 2011 2012 2012 2019 2018 2019 2012 1918 1918 2020 2019 1923 2014 2015 2015 2018 1923 2022 1915 1524 1524 2021 2022 2024 2022 2021 2021 2023 2024 1920 2024 2023 2023 1921 1920 1923 2018 2019 2019 1920 1923 2020 2024 1920 1920 2019 2020 2025 2022 2024 2024 2020 2025 1916 1915 2022 2022 2025 1916 2020 1918 1917 1917 2025 2020 2026 1519 1518 1518 2017 2026 1922 2026 2017 2017 2013 1922 2026 1922 1921 1921 2027 2026 2027 1520 1519 1519 2026 2027 2028 2027 1921 1921 2023 2028 1520 2027 2028 2028 1521 1520 2028 2023 2021 2021 2029 2028 2029 1522 1521 1521 2028 2029 2029 2021 1524 1524 1523 2029 1523 1522 2029 1916 2025 1917 352 448 368 368 349 352 348 349 368 368 347 348 333 332 368 
						368 448 333 2033 2030 2031 2031 2032 2033 1903 2034 2030 2030 2033 1903 2032 736 723 723 2035 2032 2033 2032 2035 2035 2036 2033 1903 2033 2036 2036 1904 1903 2040 2037 2038 2038 2039 2040 2042 2040 2039 2039 2041 2042 2044 2042 2041 2041 2043 2044 2046 2044 2043 2043 2045 2046 2048 2046 2045 2045 2047 2048 2039 2038 2049 2049 2050 2039 2041 2039 2050 2050 2051 2041 2043 2041 2051 2051 2052 2043 2045 2043 2052 2052 2053 2045 2047 2045 2053 2053 2054 2047 1903 1906 2055 2055 2034 1903 2042 1095 1049 1049 2040 2042 1095 2042 2044 2044 1051 1095 2046 2048 1080 1080 1052 2046 2044 2046 1052 1052 1051 2044 2038 1030 1022 1022 2049 2038 736 2032 2031 2031 737 736 952 2054 2053 2053 953 952 953 2053 2052 2052 955 953 957 955 2052 2052 2051 957 1006 957 2051 2051 2050 1006 2037 1032 1030 1030 2038 2037 1010 1006 2050 2050 2049 1010 1045 2037 2040 2040 1049 1045 1045 1032 2037 1022 1014 1010 1010 2049 1022 1014 1022 1015 2056 692 686 
						686 506 2056 2060 2057 2058 2058 2059 2060 2064 2061 2062 2062 2063 2064 2056 506 504 504 2065 2056 2066 2065 504 504 502 2066 2066 502 501 501 2067 2066 2068 2067 501 501 435 2068 2069 2068 435 435 434 2069 2071 546 548 548 2070 2071 2072 544 546 546 2071 2072 542 544 2072 2072 2073 542 540 542 2073 2073 2074 540 538 540 2074 2074 2075 538 434 538 2075 2075 2069 434 2070 548 565 565 2076 2070 2078 570 569 569 2077 2078 2080 2078 2077 2077 2079 2080 2082 2080 2079 2079 2081 2082 2084 2082 2081 2081 2083 2084 2057 2084 2083 2083 2058 2057 2070 2076 2085 2085 2071 2070 2086 2072 2071 2071 2085 2086 2072 2086 2087 2087 2073 2072 2073 2087 2088 2088 2074 2073 2074 2088 2089 2089 2075 2074 2077 569 582 582 2090 2077 2091 2090 582 582 584 2091 2092 2091 584 584 586 2092 2091 2079 2077 2077 2090 2091 2079 2091 2092 2092 2081 2079 2093 2092 586 586 588 2093 2093 588 594 594 2094 2093 2081 2092 2093 
						2093 2083 2081 2094 2058 2083 2083 2093 2094 2094 594 595 595 2095 2094 2095 2059 2058 2058 2094 2095 2099 2096 2097 2097 2098 2099 2098 2097 2100 2100 2101 2098 2069 2075 2089 2089 2102 2069 2068 2069 2102 2102 2103 2068 2105 2059 2095 2095 2104 2105 2097 2105 2104 2104 2100 2097 2106 2060 2059 2059 2105 2106 2096 2106 2105 2105 2097 2096 2104 2095 595 595 596 2104 2100 2104 596 596 597 2100 2067 2068 2103 2103 2107 2067 2108 2066 2067 2067 2107 2108 2110 2098 2101 2101 2109 2110 2065 2066 2108 2108 2111 2065 2056 2065 2111 2111 2112 2056 692 2056 2112 2112 2113 692 691 692 2113 2113 2114 691 2100 597 598 598 2101 2100 2101 598 603 603 2109 2101 2115 2099 2098 2098 2110 2115 2061 2115 2110 2110 2062 2061 2116 2062 2110 2110 2109 2116 2117 2063 2062 2062 2116 2117 2109 603 755 755 2116 2109 757 2117 2116 2116 755 757 2117 757 759 759 2118 2117 2063 2117 2118 2118 2119 2063 2064 2063 2119 2119 2120 2064 693 691 2114 
						2114 2121 693 2123 2122 2120 2120 2119 2123 2124 2123 2119 2119 2118 2124 2118 759 761 761 2124 2118 2124 761 1606 1606 2125 2124 2126 2123 2124 2124 2125 2126 2127 2122 2123 2123 2126 2127 2128 2125 1606 1606 1607 2128 2126 2125 2128 2128 2129 2126 702 693 2121 2121 2130 702 2127 2126 2129 2129 2131 2127 2128 1607 1608 1608 2132 2128 2133 2129 2128 2128 2132 2133 2132 2134 2135 2135 2133 2132 2139 2136 2137 2137 2138 2139 2134 2139 2138 2138 2135 2134 1608 1609 2134 2134 2132 1608 1612 2140 2136 2136 2139 1612 1609 1612 2139 2139 2134 1609 2142 722 717 717 2141 2142 2129 2133 2143 2143 2131 2129 2144 707 702 702 2130 2144 2145 716 707 707 2144 2145 2146 2141 717 717 716 2146 672 671 1902 1902 2147 672 2138 672 2147 2147 2148 2138 2135 2138 2148 2148 2149 2135 2133 2135 2149 2149 2143 2133 2145 2150 2151 2151 2152 2145 2152 2146 716 716 2145 2152 2154 1907 1905 1905 2153 2154 2155 2151 1907 1907 2154 2155 2156 723 722 
						722 2142 2156 2035 723 2156 2156 2157 2035 2036 2035 2157 2157 2158 2036 1904 2036 2158 2158 2159 1904 2159 2153 1905 1905 1904 2159 2160 2152 2151 2151 2155 2160 2150 1909 1907 1907 2151 2150 2162 2141 2146 2146 2161 2162 2146 2152 2160 2160 2161 2146 2164 2159 2158 2158 2163 2164 2163 2161 2160 2160 2164 2163 2160 2155 2154 2154 2164 2160 2153 2159 2164 2164 2154 2153 2165 2142 2141 2141 2162 2165 2156 2142 2165 2165 2157 2156 2163 2158 2157 2157 2165 2163 2163 2165 2162 2162 2161 2163 2145 2166 2167 2167 2150 2145 2169 2001 1999 1999 2168 2169 2171 1997 1909 1909 2170 2171 2170 1909 2150 2150 2172 2170 1999 1997 2171 2171 2168 1999 2173 2172 2150 2150 2167 2173 2175 1913 1912 1912 2174 2175 2169 2174 1912 1912 2001 2169 2167 1913 2175 2175 2173 2167 2173 2169 2168 2168 2172 2173 2168 2171 2170 2170 2172 2168 2173 2175 2174 2174 2169 2173 2177 1612 1622 1622 2176 2177 2140 1433 1432 1432 2178 2140 2179 1883 1897 1897 2137 2179 2180 2179 2137 
						2137 2136 2180 2180 1880 1883 1883 2179 2180 2178 1432 1877 1877 2181 2178 2183 2181 1877 1877 2182 2183 2185 2137 1897 1897 2184 2185 2184 1897 533 533 536 2184 2187 674 673 673 2186 2187 2184 2187 2186 2186 2185 2184 2187 2188 2189 2189 674 2187 2189 1898 671 671 674 2189 673 672 2138 2138 2186 673 2185 2186 2138 2138 2137 2185 2184 536 535 535 2187 2184 1957 1898 2189 2189 2188 1957 682 681 1957 1957 2188 682 682 2188 2187 2187 535 682 2176 1622 1617 1617 2190 2176 2190 1617 1854 1854 2191 2190 2191 1854 1852 1852 2192 2191 2193 2140 1612 1612 2177 2193 2194 1433 2140 2140 2193 2194 1848 1433 2194 2194 2195 1848 2196 1850 1848 1848 2195 2196 2192 1852 1850 1850 2196 2192 2198 2192 2196 2196 2197 2198 2197 2193 2177 2177 2198 2197 2191 2192 2198 2198 2190 2191 2176 2190 2198 2198 2177 2176 2197 2196 2195 2195 2194 2197 2193 2197 2194 2136 2140 2178 2178 2181 2136 2182 1877 1879 1879 1885 2182 2199 2182 1885 1885 1887 2199 
						2200 2136 2181 2181 2183 2200 2202 1895 1880 1880 2201 2202 2203 2180 2136 2136 2200 2203 2204 2199 1887 1887 1889 2204 2205 2204 1889 1889 1890 2205 2206 2205 1890 1890 1893 2206 1893 1895 2202 2202 2206 1893 2203 2201 1880 1880 2180 2203 2182 2199 2204 2204 2183 2182 2183 2204 2205 2205 2200 2183 2200 2205 2206 2206 2203 2200 2203 2206 2202 2202 2201 2203 610 667 670 670 2207 610 2207 670 680 680 343 2207 2208 2207 343 343 346 2208 611 610 2207 2207 2208 611 1255 1254 1289 1289 1335 1255 1282 1289 1288 1288 1279 1282 1295 1335 1289 1289 1282 1295 77 28 27 27 23 77 778 27 26 26 29 778 24 23 27 27 778 24 903 906 2209 2209 896 903 896 2209 895 895 894 896 2210 895 2209 2209 826 2210 906 824 826 826 2209 906 
					</p>
				</polylist>
			</mesh>
		</geometry>
	</library_geometries>
	<library_visual_scenes>
		<visual_scene id="RootNode" name="RootNode">
			<node id="Foot_Low" name="Foot_Low">
				<matrix>99.986305 -0.686530 -1.505883 0.031573 0.684146 99.997536 -0.163424 196.552872 1.506968 0.153100 99.988518 93.857872 0.000000 0.000000 0.000000 1.000000</matrix>
				<instance_geometry url="#meshId0">
					<bind_material>
						<technique_common>
							<instance_material symbol="defaultMaterial" target="#UV_Guide" />
						</technique_common>
					</bind_material>
				</instance_geometry>
			</node>
		</visual_scene>
	</library_visual_scenes>
	<scene>
		<instance_visual_scene url="#RootNode" />
	</scene>
</COLLADA>
